,Protocol,Service,Prediction
0,tcp,private,DoS
1,tcp,private,DoS
2,tcp,ftp_data,Normal
3,icmp,eco_i,Probe
4,tcp,telnet,Normal
5,tcp,http,Normal
6,tcp,smtp,Normal
7,tcp,telnet,Normal
8,tcp,http,Normal
9,tcp,ftp,Normal
10,tcp,telnet,Normal
11,tcp,smtp,Normal
12,tcp,private,DoS
13,tcp,telnet,DoS
14,tcp,telnet,Normal
15,tcp,http,Normal
16,tcp,http,Normal
17,tcp,http,Normal
18,udp,private,DoS
19,tcp,private,DoS
20,tcp,other,DoS
21,tcp,other,DoS
22,tcp,http,Normal
23,tcp,http,Normal
24,tcp,courier,DoS
25,tcp,other,DoS
26,tcp,http,Normal
27,tcp,http,Normal
28,icmp,ecr_i,DoS
29,udp,private,DoS
30,tcp,http,DoS
31,tcp,smtp,Normal
32,tcp,http,Normal
33,udp,private,Probe
34,tcp,private,Probe
35,tcp,other,Probe
36,tcp,http,Normal
37,tcp,ftp,Normal
38,udp,domain_u,Normal
39,tcp,ftp_data,Normal
40,tcp,private,DoS
41,tcp,http,Normal
42,tcp,http,Normal
43,tcp,http,Normal
44,tcp,other,DoS
45,tcp,http,Normal
46,tcp,other,DoS
47,tcp,http,DoS
48,tcp,telnet,DoS
49,udp,private,Normal
50,tcp,http,Normal
51,tcp,http,Normal
52,tcp,iso_tsap,DoS
53,tcp,private,DoS
54,tcp,ftp,Normal
55,tcp,http,Normal
56,tcp,other,DoS
57,udp,private,Normal
58,tcp,telnet,Normal
59,tcp,http,Normal
60,tcp,other,Normal
61,tcp,ftp_data,Normal
62,tcp,http,Normal
63,tcp,http,Normal
64,tcp,other,Probe
65,tcp,http,Normal
66,tcp,telnet,Normal
67,tcp,private,DoS
68,tcp,smtp,DoS
69,tcp,http,Normal
70,tcp,private,DoS
71,tcp,smtp,Normal
72,tcp,http,Normal
73,tcp,http,Normal
74,tcp,other,DoS
75,tcp,http,Normal
76,tcp,http,Normal
77,tcp,telnet,Normal
78,tcp,http,Normal
79,tcp,http,Normal
80,tcp,private,DoS
81,tcp,private,DoS
82,icmp,ecr_i,DoS
83,tcp,http,Normal
84,tcp,http,Normal
85,tcp,http,Normal
86,tcp,finger,DoS
87,tcp,other,Probe
88,tcp,http,Normal
89,tcp,ftp_data,Normal
90,tcp,http,Normal
91,tcp,http,Normal
92,tcp,private,DoS
93,tcp,other,Normal
94,tcp,other,Normal
95,tcp,smtp,Normal
96,tcp,http,Normal
97,udp,domain_u,Normal
98,tcp,private,Probe
99,tcp,uucp,DoS
100,tcp,other,Probe
101,tcp,ftp,Normal
102,tcp,private,DoS
103,tcp,private,DoS
104,tcp,smtp,Normal
105,tcp,private,DoS
106,tcp,telnet,Normal
107,tcp,http,Normal
108,tcp,private,DoS
109,tcp,http,Normal
110,tcp,http,Normal
111,tcp,private,DoS
112,tcp,telnet,Normal
113,tcp,telnet,Normal
114,tcp,http,Normal
115,tcp,private,DoS
116,tcp,http,Normal
117,icmp,ecr_i,DoS
118,tcp,whois,DoS
119,udp,private,Normal
120,tcp,http,Normal
121,icmp,ecr_i,DoS
122,tcp,private,Probe
123,tcp,private,DoS
124,tcp,finger,Normal
125,udp,domain_u,Normal
126,tcp,telnet,Normal
127,tcp,private,DoS
128,tcp,http,Normal
129,udp,domain_u,Normal
130,udp,domain_u,Normal
131,tcp,http,Normal
132,tcp,telnet,Normal
133,tcp,http,Normal
134,tcp,telnet,Normal
135,tcp,http,Normal
136,tcp,private,DoS
137,udp,private,Normal
138,tcp,other,Probe
139,tcp,http,Normal
140,tcp,http,Normal
141,udp,domain_u,Normal
142,tcp,private,DoS
143,tcp,private,DoS
144,tcp,http,DoS
145,icmp,eco_i,Probe
146,tcp,telnet,DoS
147,tcp,private,DoS
148,tcp,http,Normal
149,tcp,telnet,Normal
150,tcp,telnet,Normal
151,tcp,private,DoS
152,icmp,ecr_i,DoS
153,tcp,smtp,Normal
154,tcp,http,Normal
155,tcp,private,DoS
156,tcp,telnet,Normal
157,tcp,other,DoS
158,tcp,other,DoS
159,tcp,private,DoS
160,tcp,private,DoS
161,tcp,other,DoS
162,tcp,other,Probe
163,tcp,private,DoS
164,tcp,ftp,Normal
165,tcp,other,DoS
166,tcp,private,DoS
167,tcp,ftp,Normal
168,tcp,http,Normal
169,tcp,private,DoS
170,tcp,telnet,Normal
171,tcp,http,Normal
172,tcp,private,DoS
173,tcp,private,DoS
174,tcp,http,DoS
175,tcp,http,Normal
176,tcp,private,Probe
177,tcp,other,Probe
178,tcp,telnet,Normal
179,tcp,smtp,Normal
180,icmp,ecr_i,DoS
181,udp,domain_u,Normal
182,tcp,http,Normal
183,tcp,http,Normal
184,udp,domain_u,Normal
185,tcp,other,Normal
186,tcp,private,DoS
187,tcp,other,DoS
188,udp,domain_u,Normal
189,tcp,private,DoS
190,tcp,http,Normal
191,tcp,telnet,Normal
192,tcp,finger,DoS
193,tcp,smtp,Normal
194,tcp,http,Normal
195,udp,domain_u,Normal
196,tcp,ftp,Normal
197,tcp,ftp,Normal
198,tcp,Z39_50,DoS
199,udp,private,Normal
200,tcp,telnet,Normal
201,tcp,http,Normal
202,tcp,http,DoS
203,tcp,http,Normal
204,tcp,http,Normal
205,tcp,other,Probe
206,tcp,whois,DoS
207,tcp,telnet,Normal
208,tcp,http,Normal
209,tcp,http,Normal
210,tcp,http,DoS
211,tcp,ftp_data,Normal
212,tcp,http,Normal
213,tcp,http,Normal
214,udp,private,Normal
215,icmp,ecr_i,DoS
216,tcp,http,Normal
217,udp,domain_u,Normal
218,tcp,http,Normal
219,udp,private,Normal
220,tcp,http,Normal
221,tcp,http,Normal
222,udp,private,Normal
223,tcp,private,DoS
224,tcp,http,Normal
225,tcp,http,Normal
226,tcp,http,Normal
227,tcp,private,DoS
228,udp,domain_u,Normal
229,tcp,http,Normal
230,udp,private,DoS
231,tcp,other,Normal
232,tcp,ftp_data,Normal
233,tcp,http,Normal
234,tcp,auth,DoS
235,icmp,ecr_i,DoS
236,tcp,http,Normal
237,udp,private,DoS
238,tcp,http,DoS
239,tcp,telnet,Normal
240,tcp,smtp,Normal
241,udp,domain_u,Normal
242,tcp,http,Normal
243,tcp,private,DoS
244,tcp,private,DoS
245,tcp,http,Normal
246,tcp,ftp,Normal
247,tcp,private,DoS
248,tcp,other,DoS
249,tcp,http,Normal
250,tcp,smtp,Normal
251,tcp,smtp,Normal
252,tcp,other,Normal
253,tcp,http,Normal
254,tcp,private,DoS
255,tcp,other,Probe
256,tcp,telnet,DoS
257,tcp,http,Normal
258,tcp,ftp,Normal
259,tcp,http,Normal
260,tcp,http,Normal
261,tcp,ftp_data,Normal
262,tcp,http,Normal
263,tcp,private,DoS
264,tcp,telnet,DoS
265,tcp,private,DoS
266,tcp,ftp,Normal
267,udp,domain_u,Normal
268,tcp,http,Normal
269,icmp,eco_i,Probe
270,tcp,uucp_path,DoS
271,tcp,http,Normal
272,tcp,private,DoS
273,tcp,private,Probe
274,tcp,private,DoS
275,udp,private,DoS
276,tcp,telnet,Normal
277,tcp,http,Normal
278,tcp,private,DoS
279,tcp,private,DoS
280,udp,private,Normal
281,tcp,ftp_data,Normal
282,tcp,ftp_data,Normal
283,tcp,other,DoS
284,tcp,finger,DoS
285,tcp,http,Normal
286,tcp,ftp,Normal
287,tcp,private,DoS
288,tcp,http,Normal
289,tcp,telnet,Normal
290,tcp,http,Normal
291,tcp,other,Probe
292,tcp,other,DoS
293,tcp,http,Normal
294,tcp,http,Normal
295,udp,private,DoS
296,tcp,other,Probe
297,tcp,http,Normal
298,tcp,other,DoS
299,tcp,http,Normal
300,tcp,private,DoS
301,tcp,http,Normal
302,udp,private,Normal
303,tcp,other,Normal
304,udp,private,Normal
305,tcp,http,Normal
306,tcp,other,Probe
307,tcp,ftp,Normal
308,tcp,private,DoS
309,tcp,other,DoS
310,tcp,other,Probe
311,tcp,http,Normal
312,udp,private,DoS
313,tcp,http,Normal
314,tcp,ftp_data,Normal
315,tcp,private,DoS
316,tcp,other,Normal
317,tcp,http,Normal
318,tcp,private,DoS
319,tcp,http,Normal
320,tcp,http,Normal
321,tcp,smtp,Normal
322,tcp,http,Normal
323,tcp,private,DoS
324,tcp,http,Normal
325,tcp,ftp_data,R2L
326,icmp,ecr_i,DoS
327,tcp,telnet,Normal
328,tcp,other,Probe
329,tcp,private,DoS
330,tcp,http,DoS
331,tcp,private,Normal
332,tcp,private,DoS
333,udp,domain_u,Normal
334,tcp,other,DoS
335,tcp,http,Normal
336,tcp,http,Normal
337,udp,private,DoS
338,tcp,private,DoS
339,tcp,private,Probe
340,tcp,other,Probe
341,tcp,http,DoS
342,tcp,http,Normal
343,udp,domain_u,Normal
344,tcp,http,DoS
345,udp,private,Probe
346,tcp,telnet,Normal
347,tcp,other,Probe
348,tcp,telnet,Normal
349,udp,domain_u,Normal
350,tcp,other,DoS
351,tcp,private,DoS
352,tcp,other,Normal
353,tcp,http,Normal
354,tcp,http,Normal
355,tcp,other,Normal
356,tcp,http,Normal
357,udp,domain_u,Normal
358,udp,private,DoS
359,tcp,other,DoS
360,tcp,http,Normal
361,tcp,http,Normal
362,tcp,private,DoS
363,tcp,http,Normal
364,tcp,http,Normal
365,tcp,smtp,Normal
366,udp,private,DoS
367,tcp,private,Probe
368,tcp,http,Normal
369,udp,private,Normal
370,udp,domain_u,Normal
371,tcp,private,DoS
372,tcp,http,DoS
373,udp,private,Normal
374,tcp,http,Normal
375,tcp,private,DoS
376,tcp,telnet,Normal
377,tcp,other,Normal
378,tcp,private,DoS
379,tcp,http,Normal
380,tcp,http,Normal
381,tcp,telnet,Normal
382,tcp,private,DoS
383,tcp,telnet,Normal
384,tcp,telnet,Normal
385,udp,domain_u,Normal
386,tcp,private,DoS
387,tcp,smtp,Normal
388,tcp,ftp_data,Normal
389,tcp,ftp,Normal
390,tcp,telnet,Normal
391,tcp,http,Normal
392,tcp,private,DoS
393,tcp,other,Probe
394,tcp,http,Normal
395,tcp,http,Normal
396,icmp,ecr_i,DoS
397,tcp,http,Normal
398,tcp,http,Normal
399,udp,private,DoS
400,tcp,private,DoS
401,tcp,http,Normal
402,tcp,other,Normal
403,tcp,http,DoS
404,tcp,http,Normal
405,tcp,other,DoS
406,tcp,http,Normal
407,udp,private,Normal
408,tcp,telnet,Normal
409,tcp,private,DoS
410,tcp,http,Normal
411,tcp,telnet,DoS
412,udp,private,DoS
413,tcp,other,Probe
414,tcp,http,Normal
415,tcp,http,Normal
416,tcp,http,DoS
417,tcp,Z39_50,DoS
418,tcp,smtp,Normal
419,tcp,smtp,Normal
420,tcp,other,DoS
421,tcp,http,Normal
422,tcp,http,Normal
423,tcp,private,DoS
424,tcp,http,Normal
425,tcp,ftp_data,Normal
426,tcp,other,Probe
427,tcp,other,Probe
428,tcp,private,DoS
429,udp,other,Normal
430,tcp,finger,DoS
431,tcp,http,Normal
432,tcp,smtp,Normal
433,udp,private,DoS
434,tcp,other,DoS
435,tcp,http,Normal
436,tcp,http,Normal
437,tcp,other,Probe
438,icmp,eco_i,Normal
439,tcp,other,Normal
440,tcp,http,Normal
441,tcp,http,Normal
442,tcp,http,Normal
443,tcp,http,Normal
444,icmp,ecr_i,DoS
445,tcp,http,Normal
446,tcp,smtp,Normal
447,tcp,http,Normal
448,udp,private,Normal
449,tcp,Z39_50,DoS
450,tcp,telnet,Normal
451,tcp,http,DoS
452,tcp,private,DoS
453,udp,private,Probe
454,udp,domain_u,Normal
455,tcp,http,Normal
456,tcp,other,Probe
457,tcp,private,Probe
458,tcp,other,Probe
459,tcp,telnet,Normal
460,tcp,http,Normal
461,tcp,other,DoS
462,tcp,http,Normal
463,tcp,http,Normal
464,tcp,private,DoS
465,tcp,other,Probe
466,tcp,http,Normal
467,tcp,http,Normal
468,tcp,http,Normal
469,udp,private,Normal
470,tcp,private,DoS
471,tcp,other,Probe
472,tcp,other,Normal
473,tcp,http,DoS
474,tcp,http,Normal
475,tcp,http,Normal
476,tcp,private,Probe
477,udp,private,DoS
478,tcp,telnet,Normal
479,tcp,http,Normal
480,tcp,http,Normal
481,tcp,ftp_data,R2L
482,tcp,telnet,Normal
483,tcp,http,Normal
484,tcp,private,DoS
485,udp,private,Probe
486,tcp,telnet,Normal
487,tcp,http,Normal
488,tcp,http,DoS
489,udp,domain_u,Normal
490,tcp,http,Normal
491,tcp,http,Normal
492,tcp,other,DoS
493,tcp,other,DoS
494,tcp,other,DoS
495,udp,other,Normal
496,icmp,eco_i,Probe
497,udp,domain_u,Normal
498,tcp,courier,DoS
499,udp,domain_u,Normal
500,icmp,other,Normal
501,tcp,private,DoS
502,tcp,telnet,Normal
503,tcp,other,DoS
504,tcp,http,DoS
505,icmp,ecr_i,DoS
506,tcp,http,Normal
507,tcp,telnet,Normal
508,tcp,private,DoS
509,udp,private,Normal
510,tcp,http,Normal
511,tcp,http,Normal
512,tcp,telnet,Normal
513,udp,private,Normal
514,icmp,ecr_i,DoS
515,icmp,ecr_i,DoS
516,icmp,eco_i,Probe
517,tcp,http,DoS
518,tcp,http,Normal
519,tcp,private,DoS
520,tcp,other,DoS
521,tcp,ftp_data,Normal
522,tcp,http,Normal
523,tcp,auth,Normal
524,tcp,ftp_data,R2L
525,udp,other,Normal
526,tcp,private,DoS
527,tcp,http,Normal
528,tcp,other,Normal
529,tcp,smtp,Normal
530,tcp,private,Probe
531,tcp,smtp,Probe
532,tcp,http,Normal
533,tcp,ftp_data,Normal
534,tcp,ftp,Normal
535,tcp,private,DoS
536,tcp,http,Normal
537,tcp,http,Normal
538,udp,domain_u,Normal
539,tcp,http,Normal
540,tcp,http,Normal
541,tcp,ftp,DoS
542,tcp,http,Normal
543,tcp,http,Normal
544,tcp,http,Normal
545,tcp,other,Normal
546,tcp,smtp,Normal
547,tcp,private,DoS
548,udp,private,Probe
549,tcp,http,Normal
550,tcp,http,Normal
551,tcp,private,DoS
552,tcp,http,DoS
553,tcp,http,Normal
554,tcp,http,Normal
555,udp,private,DoS
556,tcp,http,Normal
557,tcp,private,DoS
558,tcp,http,Normal
559,tcp,ftp_data,Normal
560,tcp,http,Normal
561,tcp,http,Normal
562,tcp,other,DoS
563,icmp,ecr_i,DoS
564,tcp,other,Probe
565,tcp,private,DoS
566,tcp,http,Normal
567,udp,domain_u,Normal
568,icmp,ecr_i,DoS
569,udp,private,Probe
570,tcp,http,Normal
571,tcp,http,Normal
572,tcp,http,Normal
573,tcp,http,Normal
574,udp,private,Normal
575,tcp,http,Normal
576,icmp,ecr_i,DoS
577,tcp,http,Normal
578,tcp,http,Normal
579,tcp,http,Normal
580,icmp,ecr_i,DoS
581,tcp,http,Normal
582,tcp,http,DoS
583,tcp,uucp_path,DoS
584,tcp,ftp_data,R2L
585,tcp,http,Normal
586,tcp,telnet,Normal
587,tcp,ftp,Normal
588,tcp,private,DoS
589,udp,private,Normal
590,icmp,ecr_i,DoS
591,tcp,other,Probe
592,tcp,http,Normal
593,tcp,http,DoS
594,udp,private,Probe
595,udp,domain_u,Normal
596,tcp,smtp,Normal
597,tcp,private,DoS
598,tcp,telnet,Normal
599,tcp,private,Probe
600,tcp,smtp,Normal
601,tcp,private,DoS
602,tcp,http,Normal
603,tcp,http,DoS
604,tcp,private,DoS
605,tcp,http,Normal
606,tcp,telnet,DoS
607,tcp,http,Normal
608,udp,private,Normal
609,icmp,ecr_i,DoS
610,tcp,private,DoS
611,tcp,private,DoS
612,tcp,other,Normal
613,tcp,private,DoS
614,tcp,smtp,Normal
615,tcp,private,Probe
616,tcp,http,DoS
617,tcp,http,Normal
618,tcp,http,DoS
619,tcp,http,Normal
620,tcp,private,DoS
621,tcp,http,Normal
622,tcp,ftp_data,Normal
623,tcp,other,DoS
624,tcp,telnet,Normal
625,tcp,telnet,Normal
626,udp,domain_u,Normal
627,tcp,private,DoS
628,tcp,http,Probe
629,tcp,telnet,Normal
630,tcp,private,DoS
631,tcp,telnet,Normal
632,tcp,http,Normal
633,tcp,http,DoS
634,tcp,http,Normal
635,tcp,private,DoS
636,tcp,telnet,Normal
637,tcp,other,DoS
638,tcp,http,Normal
639,tcp,private,DoS
640,udp,private,DoS
641,icmp,eco_i,Probe
642,tcp,other,Normal
643,tcp,http,DoS
644,tcp,other,Probe
645,udp,private,Probe
646,tcp,private,DoS
647,icmp,eco_i,Probe
648,tcp,http,Normal
649,tcp,http,Normal
650,tcp,other,DoS
651,tcp,other,DoS
652,tcp,http,Normal
653,tcp,smtp,Normal
654,tcp,http,Normal
655,tcp,http,Normal
656,tcp,other,Normal
657,tcp,ftp,Normal
658,tcp,http,Normal
659,tcp,http,Normal
660,tcp,http,Normal
661,tcp,other,Normal
662,tcp,ftp,Normal
663,tcp,http,Normal
664,tcp,http,Normal
665,tcp,ftp,Normal
666,tcp,private,DoS
667,tcp,private,DoS
668,tcp,http,Normal
669,tcp,http,Normal
670,tcp,other,Normal
671,udp,other,Normal
672,tcp,ftp_data,Normal
673,udp,private,Probe
674,tcp,smtp,Normal
675,tcp,http,Normal
676,udp,private,DoS
677,tcp,telnet,Normal
678,tcp,http,Normal
679,tcp,telnet,Normal
680,udp,domain_u,Normal
681,tcp,http,Normal
682,tcp,private,DoS
683,icmp,ecr_i,DoS
684,icmp,ecr_i,DoS
685,udp,private,Normal
686,tcp,http,DoS
687,tcp,telnet,DoS
688,tcp,http,Normal
689,tcp,other,Probe
690,tcp,http,Normal
691,icmp,ecr_i,DoS
692,tcp,http,Normal
693,tcp,http,Normal
694,tcp,http,Normal
695,tcp,other,Normal
696,tcp,private,DoS
697,tcp,finger,Normal
698,tcp,other,DoS
699,udp,domain_u,Normal
700,tcp,other,DoS
701,tcp,ftp_data,R2L
702,tcp,private,DoS
703,udp,other,Normal
704,tcp,http,Normal
705,tcp,smtp,Normal
706,tcp,private,DoS
707,tcp,http,Normal
708,tcp,uucp_path,DoS
709,tcp,other,Probe
710,tcp,http,Normal
711,tcp,http,Normal
712,tcp,other,Probe
713,tcp,private,DoS
714,tcp,private,DoS
715,udp,other,Probe
716,udp,domain_u,Normal
717,tcp,smtp,DoS
718,tcp,private,Probe
719,tcp,http,Normal
720,udp,private,Probe
721,udp,private,DoS
722,udp,private,DoS
723,tcp,http,Normal
724,icmp,ecr_i,DoS
725,icmp,ecr_i,DoS
726,icmp,eco_i,Probe
727,tcp,other,DoS
728,tcp,ftp_data,Normal
729,tcp,http,Normal
730,tcp,http,Normal
731,icmp,ecr_i,DoS
732,udp,private,Normal
733,tcp,http,Normal
734,tcp,ftp_data,Normal
735,tcp,other,Probe
736,udp,domain_u,Normal
737,icmp,eco_i,Probe
738,tcp,ftp_data,Normal
739,tcp,uucp_path,DoS
740,tcp,smtp,Normal
741,tcp,smtp,Normal
742,tcp,http,DoS
743,tcp,http,Normal
744,tcp,http,Normal
745,tcp,smtp,Normal
746,tcp,http,Normal
747,tcp,http,Normal
748,tcp,telnet,Normal
749,tcp,http,Normal
750,tcp,courier,DoS
751,icmp,ecr_i,DoS
752,tcp,telnet,Normal
753,udp,private,Normal
754,tcp,telnet,Normal
755,tcp,http,Normal
756,udp,domain_u,Normal
757,tcp,ftp,Normal
758,tcp,http,DoS
759,tcp,http,Normal
760,tcp,http,Normal
761,tcp,ftp_data,R2L
762,udp,domain_u,Normal
763,tcp,private,DoS
764,tcp,smtp,Normal
765,tcp,telnet,Normal
766,tcp,private,DoS
767,udp,domain_u,Normal
768,tcp,http,Normal
769,udp,private,Probe
770,tcp,private,DoS
771,udp,domain_u,Normal
772,tcp,ftp_data,Normal
773,tcp,http,DoS
774,tcp,ftp_data,Normal
775,tcp,http,Normal
776,tcp,http,Normal
777,tcp,private,DoS
778,tcp,private,DoS
779,udp,domain_u,Normal
780,tcp,smtp,Normal
781,tcp,private,DoS
782,tcp,private,DoS
783,tcp,http,Normal
784,tcp,http,Normal
785,tcp,http,Normal
786,tcp,http,Normal
787,tcp,http,DoS
788,tcp,http,Normal
789,icmp,ecr_i,DoS
790,tcp,other,Probe
791,tcp,smtp,Normal
792,tcp,ftp_data,R2L
793,tcp,smtp,Normal
794,tcp,http,Normal
795,tcp,http,Normal
796,tcp,other,Normal
797,tcp,http,Normal
798,tcp,http,DoS
799,tcp,private,Probe
800,tcp,http,Normal
801,tcp,private,DoS
802,tcp,http,Normal
803,tcp,private,DoS
804,tcp,http,Normal
805,tcp,telnet,Normal
806,tcp,ftp_data,Normal
807,tcp,http,Normal
808,tcp,telnet,Normal
809,tcp,private,DoS
810,tcp,telnet,Normal
811,icmp,eco_i,Normal
812,tcp,telnet,Normal
813,tcp,http,Normal
814,tcp,ftp_data,R2L
815,tcp,other,Normal
816,tcp,http,Normal
817,tcp,http,Normal
818,tcp,http,Normal
819,tcp,http,Normal
820,tcp,other,DoS
821,tcp,private,DoS
822,tcp,http,Normal
823,tcp,ftp_data,Normal
824,tcp,http,Normal
825,tcp,private,DoS
826,tcp,http,Normal
827,tcp,http,Normal
828,tcp,private,DoS
829,tcp,private,DoS
830,tcp,http,Normal
831,tcp,smtp,Normal
832,udp,private,Normal
833,tcp,smtp,Normal
834,tcp,http,Normal
835,tcp,telnet,Normal
836,tcp,ftp_data,Normal
837,udp,private,DoS
838,udp,domain_u,Normal
839,tcp,ftp,Normal
840,tcp,private,DoS
841,tcp,http,Normal
842,tcp,http,Normal
843,tcp,private,DoS
844,tcp,telnet,Normal
845,tcp,http,DoS
846,tcp,http,Normal
847,tcp,http,Normal
848,tcp,ftp,Normal
849,tcp,http,Normal
850,udp,domain_u,Normal
851,tcp,http,DoS
852,udp,domain_u,Normal
853,tcp,telnet,Normal
854,tcp,Z39_50,DoS
855,tcp,iso_tsap,DoS
856,tcp,smtp,Normal
857,tcp,private,DoS
858,tcp,telnet,DoS
859,tcp,other,Probe
860,tcp,ftp,Normal
861,tcp,private,DoS
862,tcp,http,DoS
863,tcp,private,DoS
864,udp,private,Normal
865,tcp,http,DoS
866,tcp,smtp,Normal
867,tcp,http,Normal
868,tcp,other,Probe
869,udp,private,Normal
870,tcp,telnet,Normal
871,tcp,http,Normal
872,tcp,private,DoS
873,tcp,http,Normal
874,tcp,private,DoS
875,udp,domain_u,Normal
876,tcp,other,Normal
877,tcp,http,DoS
878,tcp,other,DoS
879,tcp,private,DoS
880,tcp,http,Normal
881,tcp,other,Probe
882,tcp,private,DoS
883,tcp,ftp_data,Normal
884,tcp,http,Normal
885,tcp,http,Normal
886,tcp,private,DoS
887,tcp,auth,DoS
888,tcp,private,DoS
889,tcp,ftp_data,R2L
890,udp,private,Normal
891,tcp,http,DoS
892,tcp,http,Normal
893,tcp,other,Probe
894,tcp,telnet,Normal
895,tcp,telnet,Normal
896,tcp,private,DoS
897,tcp,private,DoS
898,tcp,http,Normal
899,tcp,http,Normal
900,icmp,eco_i,Probe
901,tcp,private,DoS
902,tcp,http,Normal
903,icmp,eco_i,Probe
904,tcp,smtp,Normal
905,tcp,smtp,Normal
906,tcp,ftp_data,Normal
907,tcp,private,DoS
908,tcp,ftp,Normal
909,tcp,private,DoS
910,tcp,http,Normal
911,tcp,private,DoS
912,tcp,http,Normal
913,tcp,http,Normal
914,tcp,private,DoS
915,tcp,http,Normal
916,udp,private,Normal
917,tcp,other,Probe
918,tcp,http,Normal
919,tcp,private,DoS
920,udp,private,Probe
921,tcp,other,Normal
922,tcp,private,DoS
923,udp,private,Normal
924,tcp,http,Normal
925,tcp,telnet,U2R
926,udp,private,Probe
927,tcp,other,Normal
928,tcp,ftp,Normal
929,tcp,http,Normal
930,udp,other,Normal
931,tcp,http,Normal
932,udp,domain_u,Normal
933,udp,domain_u,Normal
934,tcp,http,Normal
935,tcp,http,Normal
936,tcp,http,DoS
937,icmp,ecr_i,DoS
938,tcp,http,Normal
939,udp,private,Normal
940,icmp,eco_i,Probe
941,tcp,http,DoS
942,udp,private,DoS
943,tcp,time,DoS
944,tcp,private,DoS
945,udp,private,Normal
946,tcp,http,Normal
947,tcp,http,Normal
948,tcp,other,DoS
949,tcp,telnet,Normal
950,tcp,private,DoS
951,icmp,ecr_i,DoS
952,udp,domain_u,Normal
953,udp,private,Normal
954,udp,domain_u,Normal
955,tcp,other,DoS
956,tcp,http,Normal
957,udp,private,Normal
958,tcp,http,DoS
959,icmp,ecr_i,DoS
960,tcp,private,DoS
961,tcp,http,Normal
962,tcp,http,Normal
963,tcp,telnet,Normal
964,tcp,http,Normal
965,tcp,private,DoS
966,icmp,ecr_i,DoS
967,tcp,telnet,U2R
968,tcp,private,Probe
969,tcp,http,Normal
970,tcp,ftp_data,Normal
971,tcp,private,DoS
972,udp,private,Probe
973,icmp,ecr_i,DoS
974,tcp,other,DoS
975,tcp,other,DoS
976,tcp,http,Normal
977,tcp,http,Normal
978,tcp,http,Normal
979,icmp,ecr_i,DoS
980,tcp,private,DoS
981,tcp,private,DoS
982,tcp,telnet,Normal
983,tcp,other,Probe
984,tcp,http,Normal
985,tcp,ftp_data,R2L
986,tcp,ftp_data,Normal
987,tcp,private,DoS
988,tcp,http,Normal
989,tcp,private,DoS
990,tcp,telnet,Normal
991,tcp,http,Normal
992,icmp,ecr_i,DoS
993,tcp,smtp,Normal
994,tcp,http,DoS
995,tcp,telnet,Normal
996,tcp,private,DoS
997,tcp,other,Probe
998,icmp,ecr_i,DoS
999,tcp,other,Probe
1000,tcp,http,Normal
1001,tcp,http,Normal
1002,udp,domain_u,Normal
1003,tcp,private,Probe
1004,tcp,http,DoS
1005,tcp,private,DoS
1006,udp,domain_u,Normal
1007,tcp,private,DoS
1008,tcp,auth,DoS
1009,tcp,telnet,Normal
1010,udp,domain_u,Normal
1011,tcp,telnet,Normal
1012,tcp,other,DoS
1013,tcp,other,DoS
1014,tcp,private,DoS
1015,tcp,http,DoS
1016,icmp,ecr_i,DoS
1017,udp,private,DoS
1018,udp,domain_u,Normal
1019,tcp,http,Normal
1020,tcp,other,Probe
1021,icmp,ecr_i,DoS
1022,udp,private,Normal
1023,tcp,http,Normal
1024,tcp,http,Normal
1025,tcp,http,Normal
1026,tcp,ftp,Normal
1027,icmp,ecr_i,DoS
1028,tcp,private,DoS
1029,udp,private,Normal
1030,tcp,http,Normal
1031,udp,domain_u,Normal
1032,tcp,http,Normal
1033,tcp,http,Normal
1034,tcp,other,Normal
1035,tcp,private,Probe
1036,tcp,ftp_data,Normal
1037,tcp,http,Normal
1038,tcp,http,Normal
1039,tcp,telnet,Normal
1040,icmp,ecr_i,DoS
1041,tcp,http,Normal
1042,tcp,http,DoS
1043,tcp,http,Normal
1044,tcp,private,DoS
1045,tcp,private,DoS
1046,tcp,telnet,DoS
1047,tcp,smtp,Normal
1048,udp,other,Probe
1049,tcp,private,DoS
1050,tcp,http,Normal
1051,tcp,http,Normal
1052,tcp,http,Normal
1053,tcp,http,Normal
1054,udp,domain_u,Normal
1055,udp,domain_u,Normal
1056,tcp,http,Normal
1057,tcp,other,DoS
1058,tcp,telnet,Normal
1059,icmp,ecr_i,DoS
1060,icmp,eco_i,Probe
1061,tcp,other,Probe
1062,tcp,other,Normal
1063,tcp,http,Normal
1064,tcp,auth,Normal
1065,tcp,private,DoS
1066,tcp,other,DoS
1067,tcp,smtp,Normal
1068,tcp,private,DoS
1069,udp,private,DoS
1070,tcp,http,Normal
1071,tcp,private,DoS
1072,tcp,private,DoS
1073,tcp,http,Normal
1074,udp,private,Probe
1075,tcp,other,Normal
1076,udp,domain_u,Normal
1077,tcp,ftp_data,Normal
1078,tcp,other,DoS
1079,tcp,http,DoS
1080,tcp,http,Normal
1081,tcp,http,Normal
1082,tcp,http,Normal
1083,icmp,ecr_i,DoS
1084,udp,domain_u,Normal
1085,tcp,http,Normal
1086,tcp,private,DoS
1087,tcp,http,Normal
1088,tcp,http,Normal
1089,tcp,ftp,Normal
1090,tcp,ftp_data,Normal
1091,udp,private,DoS
1092,tcp,http,Normal
1093,tcp,http,Normal
1094,tcp,http,Normal
1095,tcp,ftp_data,Normal
1096,tcp,http,Normal
1097,tcp,http,DoS
1098,tcp,other,Probe
1099,tcp,ftp,Normal
1100,tcp,private,DoS
1101,tcp,private,DoS
1102,udp,domain_u,Normal
1103,tcp,http,Normal
1104,tcp,http,Normal
1105,tcp,http,Normal
1106,tcp,smtp,Normal
1107,tcp,http,DoS
1108,tcp,http,DoS
1109,tcp,ftp,Normal
1110,udp,private,Normal
1111,udp,private,DoS
1112,tcp,private,DoS
1113,tcp,private,DoS
1114,tcp,smtp,Normal
1115,udp,private,Normal
1116,tcp,private,DoS
1117,tcp,private,DoS
1118,udp,other,Normal
1119,tcp,other,Normal
1120,tcp,smtp,Normal
1121,tcp,http,DoS
1122,tcp,other,Normal
1123,tcp,http,Normal
1124,tcp,http,Normal
1125,tcp,http,Normal
1126,udp,private,Probe
1127,tcp,private,DoS
1128,udp,private,DoS
1129,tcp,ftp_data,Normal
1130,icmp,ecr_i,DoS
1131,tcp,private,Probe
1132,tcp,private,DoS
1133,tcp,finger,Normal
1134,tcp,smtp,Normal
1135,tcp,http,Normal
1136,tcp,ftp_data,Normal
1137,udp,private,Probe
1138,tcp,telnet,Normal
1139,tcp,private,DoS
1140,tcp,ftp_data,R2L
1141,tcp,other,Probe
1142,udp,domain_u,Normal
1143,udp,private,Probe
1144,tcp,private,DoS
1145,tcp,other,Normal
1146,icmp,eco_i,Probe
1147,tcp,http,Normal
1148,icmp,ecr_i,DoS
1149,tcp,private,Probe
1150,tcp,telnet,Normal
1151,tcp,smtp,Normal
1152,tcp,http,DoS
1153,tcp,finger,DoS
1154,tcp,http,Normal
1155,tcp,private,DoS
1156,tcp,http,DoS
1157,tcp,http,Normal
1158,tcp,http,Normal
1159,tcp,http,Normal
1160,tcp,uucp_path,DoS
1161,tcp,other,DoS
1162,tcp,http,Normal
1163,tcp,http,Normal
1164,udp,private,Normal
1165,tcp,smtp,Normal
1166,tcp,ftp_data,DoS
1167,tcp,telnet,Normal
1168,icmp,ecr_i,DoS
1169,udp,private,Probe
1170,tcp,http,Normal
1171,tcp,ftp,DoS
1172,tcp,http,Normal
1173,tcp,http,Normal
1174,tcp,ftp_data,Normal
1175,udp,private,Normal
1176,tcp,telnet,Normal
1177,tcp,other,DoS
1178,tcp,uucp_path,DoS
1179,tcp,http,Normal
1180,tcp,http,Normal
1181,tcp,private,DoS
1182,tcp,ftp,Normal
1183,udp,private,Probe
1184,tcp,private,DoS
1185,tcp,http,DoS
1186,tcp,http,Normal
1187,tcp,http,Normal
1188,udp,private,Normal
1189,tcp,http,Normal
1190,tcp,other,DoS
1191,tcp,ftp,Normal
1192,tcp,ftp,Normal
1193,tcp,smtp,Normal
1194,tcp,http,Normal
1195,icmp,ecr_i,Normal
1196,tcp,other,Normal
1197,tcp,http,Normal
1198,tcp,ftp_data,DoS
1199,udp,private,DoS
1200,tcp,http,Normal
1201,tcp,private,DoS
1202,tcp,telnet,DoS
1203,tcp,private,DoS
1204,tcp,private,DoS
1205,tcp,http,Normal
1206,tcp,other,Normal
1207,tcp,ftp,Normal
1208,tcp,http,Normal
1209,tcp,private,DoS
1210,tcp,private,DoS
1211,tcp,ftp_data,Normal
1212,tcp,http,DoS
1213,tcp,smtp,Normal
1214,tcp,private,Probe
1215,tcp,private,DoS
1216,udp,private,Probe
1217,tcp,http,Normal
1218,tcp,other,Normal
1219,tcp,other,Normal
1220,tcp,finger,Normal
1221,tcp,http,Normal
1222,tcp,http,DoS
1223,tcp,private,DoS
1224,tcp,other,Probe
1225,icmp,ecr_i,DoS
1226,udp,private,DoS
1227,tcp,other,Normal
1228,tcp,other,Probe
1229,tcp,http,Normal
1230,tcp,other,Normal
1231,tcp,http,Normal
1232,tcp,uucp,DoS
1233,tcp,private,DoS
1234,tcp,http,Normal
1235,tcp,http,Normal
1236,tcp,ftp_data,Normal
1237,tcp,private,DoS
1238,tcp,http,Normal
1239,tcp,http,DoS
1240,tcp,other,Normal
1241,tcp,private,Probe
1242,tcp,smtp,Normal
1243,udp,domain_u,Normal
1244,tcp,other,Probe
1245,icmp,ecr_i,Normal
1246,tcp,other,DoS
1247,tcp,private,DoS
1248,tcp,smtp,Normal
1249,tcp,other,Probe
1250,tcp,http,Normal
1251,tcp,other,DoS
1252,tcp,http,Normal
1253,tcp,ftp_data,Normal
1254,tcp,http,Normal
1255,tcp,http,Normal
1256,tcp,other,Normal
1257,tcp,http,Normal
1258,tcp,telnet,Normal
1259,tcp,other,Normal
1260,tcp,http,Normal
1261,udp,private,DoS
1262,icmp,eco_i,Probe
1263,tcp,http,Normal
1264,tcp,smtp,Normal
1265,tcp,other,DoS
1266,tcp,other,DoS
1267,tcp,http,Normal
1268,tcp,http,Normal
1269,tcp,private,DoS
1270,tcp,private,DoS
1271,udp,private,Normal
1272,tcp,other,DoS
1273,tcp,private,DoS
1274,tcp,other,Normal
1275,icmp,ecr_i,DoS
1276,tcp,http,Normal
1277,tcp,http,Normal
1278,tcp,other,DoS
1279,tcp,http,Normal
1280,icmp,ecr_i,DoS
1281,tcp,http,Normal
1282,tcp,other,DoS
1283,tcp,http,DoS
1284,tcp,http,Normal
1285,tcp,other,Normal
1286,tcp,ftp,Normal
1287,tcp,other,Probe
1288,tcp,private,DoS
1289,tcp,private,DoS
1290,tcp,other,Probe
1291,tcp,telnet,Normal
1292,tcp,http,Normal
1293,tcp,finger,DoS
1294,tcp,ftp_data,R2L
1295,tcp,other,Probe
1296,tcp,private,DoS
1297,tcp,telnet,Normal
1298,udp,private,Normal
1299,tcp,other,Probe
1300,udp,other,Probe
1301,tcp,other,Probe
1302,tcp,private,Probe
1303,udp,private,Normal
1304,udp,domain_u,Normal
1305,tcp,http,Normal
1306,tcp,http,Normal
1307,udp,domain_u,Normal
1308,tcp,http,Normal
1309,tcp,smtp,Normal
1310,tcp,http,DoS
1311,tcp,http,Normal
1312,tcp,private,DoS
1313,tcp,private,Probe
1314,icmp,ecr_i,DoS
1315,tcp,private,DoS
1316,tcp,http,DoS
1317,udp,private,Normal
1318,tcp,telnet,U2R
1319,tcp,ftp_data,Normal
1320,tcp,private,DoS
1321,udp,private,Probe
1322,udp,other,Normal
1323,tcp,other,Probe
1324,tcp,http,Normal
1325,tcp,telnet,Normal
1326,tcp,other,DoS
1327,tcp,other,DoS
1328,udp,private,Probe
1329,tcp,http,Normal
1330,tcp,private,DoS
1331,tcp,http,Normal
1332,tcp,private,DoS
1333,tcp,other,Normal
1334,tcp,other,DoS
1335,tcp,http,Normal
1336,tcp,ftp_data,Normal
1337,tcp,private,DoS
1338,tcp,http,Normal
1339,tcp,http,Normal
1340,tcp,other,Probe
1341,tcp,smtp,Normal
1342,icmp,ecr_i,DoS
1343,tcp,http,Normal
1344,tcp,ftp_data,Normal
1345,tcp,http,Normal
1346,tcp,http,Normal
1347,tcp,private,DoS
1348,udp,domain_u,Normal
1349,tcp,http,Normal
1350,udp,private,Normal
1351,tcp,Z39_50,DoS
1352,tcp,other,Normal
1353,tcp,http,Normal
1354,tcp,other,Probe
1355,udp,private,Normal
1356,tcp,http,Normal
1357,tcp,private,DoS
1358,tcp,http,Normal
1359,tcp,ftp_data,Normal
1360,tcp,other,Normal
1361,tcp,http,Normal
1362,udp,private,Probe
1363,tcp,whois,DoS
1364,tcp,smtp,Normal
1365,udp,private,Normal
1366,tcp,http,Normal
1367,tcp,ftp_data,DoS
1368,icmp,eco_i,Probe
1369,tcp,private,DoS
1370,icmp,eco_i,Normal
1371,tcp,private,DoS
1372,tcp,finger,DoS
1373,udp,private,Probe
1374,tcp,http,Normal
1375,tcp,other,Normal
1376,tcp,private,DoS
1377,tcp,private,DoS
1378,udp,other,Normal
1379,icmp,ecr_i,DoS
1380,tcp,telnet,Normal
1381,tcp,http,Normal
1382,tcp,other,Normal
1383,udp,private,Normal
1384,tcp,http,Normal
1385,tcp,ftp_data,Normal
1386,tcp,other,Normal
1387,tcp,telnet,Normal
1388,tcp,http,Normal
1389,tcp,http,Normal
1390,udp,private,Normal
1391,tcp,http,Normal
1392,tcp,ftp,Normal
1393,tcp,http,Normal
1394,tcp,other,DoS
1395,tcp,telnet,Normal
1396,tcp,http,Normal
1397,udp,private,DoS
1398,udp,domain_u,Normal
1399,tcp,other,Normal
1400,tcp,telnet,Normal
1401,tcp,http,Normal
1402,udp,domain_u,Normal
1403,tcp,private,DoS
1404,tcp,other,Probe
1405,tcp,ftp_data,Normal
1406,icmp,eco_i,Probe
1407,udp,private,Normal
1408,tcp,telnet,Normal
1409,tcp,http,Normal
1410,tcp,http,Normal
1411,tcp,http,Normal
1412,tcp,smtp,Normal
1413,tcp,other,Probe
1414,tcp,telnet,DoS
1415,tcp,http,Normal
1416,tcp,http,Normal
1417,tcp,private,DoS
1418,udp,private,Normal
1419,tcp,private,DoS
1420,udp,domain_u,Normal
1421,tcp,http,Normal
1422,tcp,http,Normal
1423,udp,private,Probe
1424,tcp,ftp_data,Normal
1425,tcp,other,Probe
1426,tcp,private,DoS
1427,tcp,http,DoS
1428,tcp,http,Normal
1429,tcp,other,DoS
1430,tcp,ftp,Normal
1431,tcp,http,Normal
1432,tcp,smtp,DoS
1433,tcp,http,Normal
1434,udp,private,DoS
1435,tcp,telnet,Normal
1436,tcp,other,Normal
1437,tcp,other,DoS
1438,tcp,private,DoS
1439,tcp,http,Normal
1440,tcp,private,DoS
1441,tcp,ftp,Normal
1442,tcp,private,DoS
1443,tcp,ftp_data,R2L
1444,tcp,http,Normal
1445,udp,domain_u,Normal
1446,tcp,http,Normal
1447,icmp,eco_i,Probe
1448,tcp,private,DoS
1449,udp,domain_u,Normal
1450,tcp,http,Normal
1451,tcp,http,Normal
1452,tcp,http,Normal
1453,tcp,smtp,Normal
1454,tcp,time,DoS
1455,tcp,ftp,Normal
1456,tcp,http,Normal
1457,tcp,telnet,Normal
1458,tcp,other,DoS
1459,tcp,uucp_path,DoS
1460,tcp,http,Normal
1461,tcp,other,Probe
1462,tcp,smtp,Normal
1463,tcp,http,Normal
1464,tcp,private,DoS
1465,udp,private,Normal
1466,tcp,telnet,Normal
1467,tcp,ftp_data,Normal
1468,icmp,eco_i,Probe
1469,tcp,smtp,Normal
1470,tcp,private,DoS
1471,tcp,http,Normal
1472,udp,private,Normal
1473,tcp,http,DoS
1474,icmp,ecr_i,DoS
1475,tcp,ftp,Normal
1476,udp,private,DoS
1477,tcp,http,Normal
1478,tcp,private,DoS
1479,tcp,other,Normal
1480,tcp,http,Normal
1481,tcp,other,DoS
1482,tcp,other,Probe
1483,tcp,http,Normal
1484,udp,private,DoS
1485,tcp,http,Normal
1486,icmp,ecr_i,DoS
1487,tcp,http,Normal
1488,tcp,http,Normal
1489,tcp,http,Normal
1490,tcp,http,Normal
1491,icmp,ecr_i,DoS
1492,tcp,http,Normal
1493,tcp,smtp,Normal
1494,udp,other,Normal
1495,tcp,http,Normal
1496,tcp,http,Normal
1497,udp,private,Normal
1498,tcp,http,Normal
1499,tcp,smtp,Normal
1500,tcp,private,DoS
1501,udp,private,Probe
1502,tcp,http,Normal
1503,tcp,private,DoS
1504,tcp,ftp,Normal
1505,tcp,private,DoS
1506,tcp,http,DoS
1507,tcp,http,Normal
1508,tcp,http,Normal
1509,tcp,http,DoS
1510,tcp,http,Normal
1511,tcp,http,Normal
1512,tcp,ftp,Normal
1513,tcp,private,DoS
1514,tcp,courier,DoS
1515,tcp,http,Normal
1516,icmp,other,Normal
1517,tcp,http,Normal
1518,tcp,http,Normal
1519,tcp,other,Normal
1520,tcp,http,Normal
1521,tcp,other,DoS
1522,tcp,ftp,Normal
1523,tcp,http,Normal
1524,tcp,http,Normal
1525,tcp,http,Normal
1526,udp,private,DoS
1527,icmp,ecr_i,DoS
1528,tcp,smtp,Normal
1529,tcp,telnet,Normal
1530,tcp,ftp,Normal
1531,tcp,http,DoS
1532,tcp,http,Normal
1533,tcp,http,Normal
1534,tcp,auth,DoS
1535,tcp,http,Normal
1536,tcp,finger,Normal
1537,tcp,http,Normal
1538,tcp,smtp,Normal
1539,tcp,http,Normal
1540,tcp,http,Normal
1541,tcp,other,Normal
1542,tcp,http,Normal
1543,tcp,http,Normal
1544,tcp,telnet,Normal
1545,tcp,http,Normal
1546,tcp,other,Normal
1547,tcp,other,DoS
1548,tcp,http,Normal
1549,tcp,telnet,Normal
1550,tcp,http,Normal
1551,tcp,http,Normal
1552,tcp,other,Probe
1553,tcp,other,Normal
1554,tcp,http,Normal
1555,tcp,http,Normal
1556,tcp,other,DoS
1557,tcp,other,Probe
1558,tcp,http,Normal
1559,tcp,other,Normal
1560,tcp,other,Normal
1561,tcp,other,DoS
1562,tcp,http,Normal
1563,tcp,whois,DoS
1564,tcp,other,DoS
1565,tcp,other,DoS
1566,tcp,ftp,Normal
1567,icmp,ecr_i,DoS
1568,udp,domain_u,Normal
1569,tcp,http,Normal
1570,udp,domain_u,Normal
1571,tcp,telnet,DoS
1572,tcp,http,Normal
1573,tcp,private,DoS
1574,tcp,http,Normal
1575,tcp,private,DoS
1576,tcp,http,Normal
1577,tcp,other,Probe
1578,tcp,smtp,Normal
1579,tcp,http,Normal
1580,udp,private,DoS
1581,icmp,ecr_i,DoS
1582,tcp,private,DoS
1583,tcp,ftp,Normal
1584,tcp,private,DoS
1585,tcp,other,DoS
1586,tcp,private,DoS
1587,tcp,http,Normal
1588,icmp,ecr_i,DoS
1589,tcp,ftp_data,Normal
1590,tcp,private,DoS
1591,tcp,private,DoS
1592,tcp,iso_tsap,DoS
1593,tcp,private,DoS
1594,tcp,smtp,Normal
1595,tcp,http,Normal
1596,tcp,other,Probe
1597,tcp,http,Normal
1598,tcp,private,DoS
1599,tcp,http,Normal
1600,tcp,other,Normal
1601,tcp,http,Normal
1602,tcp,http,Normal
1603,udp,domain_u,Normal
1604,tcp,http,DoS
1605,tcp,http,Normal
1606,tcp,http,Normal
1607,tcp,telnet,Normal
1608,tcp,telnet,Normal
1609,tcp,other,Probe
1610,tcp,telnet,Normal
1611,tcp,telnet,Normal
1612,tcp,http,Normal
1613,tcp,private,Probe
1614,icmp,ecr_i,DoS
1615,tcp,http,Normal
1616,tcp,telnet,Normal
1617,tcp,ftp_data,Normal
1618,tcp,other,Normal
1619,tcp,telnet,Normal
1620,tcp,http,Normal
1621,tcp,other,DoS
1622,udp,private,DoS
1623,udp,domain_u,Normal
1624,tcp,other,Normal
1625,tcp,http,Normal
1626,udp,private,Probe
1627,tcp,other,DoS
1628,tcp,http,Normal
1629,tcp,http,Normal
1630,udp,private,Normal
1631,tcp,private,DoS
1632,tcp,http,Normal
1633,tcp,telnet,Normal
1634,tcp,other,Normal
1635,udp,domain_u,Normal
1636,tcp,telnet,Normal
1637,tcp,http,Normal
1638,tcp,http,Normal
1639,tcp,other,Probe
1640,tcp,finger,Normal
1641,tcp,http,Normal
1642,tcp,telnet,Normal
1643,tcp,http,Normal
1644,tcp,private,DoS
1645,tcp,smtp,Normal
1646,tcp,http,Normal
1647,tcp,telnet,Normal
1648,tcp,http,Normal
1649,udp,private,Normal
1650,tcp,http,Normal
1651,tcp,other,DoS
1652,tcp,http,Normal
1653,tcp,smtp,Normal
1654,tcp,http,Normal
1655,tcp,other,Normal
1656,tcp,http,Normal
1657,tcp,other,Probe
1658,udp,private,Probe
1659,tcp,http,Normal
1660,tcp,other,Normal
1661,tcp,http,Normal
1662,tcp,ftp,Normal
1663,tcp,private,DoS
1664,tcp,http,DoS
1665,tcp,smtp,Normal
1666,tcp,http,Normal
1667,tcp,ftp_data,Normal
1668,tcp,http,Normal
1669,tcp,private,DoS
1670,tcp,ftp,Normal
1671,udp,domain_u,Normal
1672,tcp,http,Normal
1673,tcp,http,Normal
1674,tcp,ftp_data,R2L
1675,tcp,telnet,Normal
1676,tcp,http,Normal
1677,tcp,http,Normal
1678,tcp,other,Probe
1679,tcp,http,Normal
1680,tcp,http,Normal
1681,tcp,http,Normal
1682,tcp,courier,DoS
1683,tcp,http,Normal
1684,tcp,http,Normal
1685,tcp,private,DoS
1686,icmp,ecr_i,DoS
1687,tcp,private,DoS
1688,tcp,private,DoS
1689,tcp,http,Normal
1690,tcp,smtp,Normal
1691,tcp,http,Normal
1692,tcp,http,Normal
1693,tcp,ftp,Normal
1694,tcp,ftp_data,Normal
1695,tcp,http,Normal
1696,tcp,private,DoS
1697,tcp,http,Normal
1698,tcp,telnet,Probe
1699,tcp,other,DoS
1700,icmp,other,DoS
1701,tcp,ftp,Normal
1702,tcp,http,Normal
1703,tcp,smtp,Normal
1704,tcp,smtp,Normal
1705,tcp,private,DoS
1706,tcp,private,DoS
1707,udp,domain_u,Normal
1708,udp,domain_u,Normal
1709,tcp,telnet,Normal
1710,tcp,http,Normal
1711,tcp,smtp,Normal
1712,udp,private,Normal
1713,tcp,http,Normal
1714,tcp,http,Normal
1715,udp,domain_u,Normal
1716,udp,domain_u,Normal
1717,tcp,whois,DoS
1718,tcp,http,Normal
1719,tcp,telnet,Normal
1720,udp,private,Probe
1721,tcp,http,Normal
1722,udp,private,Normal
1723,tcp,auth,Normal
1724,tcp,other,Probe
1725,tcp,http,DoS
1726,udp,private,Normal
1727,icmp,ecr_i,DoS
1728,tcp,smtp,Normal
1729,tcp,private,DoS
1730,udp,private,DoS
1731,tcp,http,Normal
1732,tcp,http,DoS
1733,tcp,private,DoS
1734,tcp,private,DoS
1735,tcp,telnet,Normal
1736,tcp,http,Normal
1737,tcp,time,DoS
1738,udp,domain_u,Normal
1739,udp,private,Normal
1740,icmp,ecr_i,DoS
1741,tcp,http,Normal
1742,tcp,other,Normal
1743,tcp,private,DoS
1744,tcp,private,DoS
1745,tcp,http,Normal
1746,tcp,http,Normal
1747,tcp,http,DoS
1748,tcp,http,Normal
1749,icmp,ecr_i,DoS
1750,icmp,eco_i,Probe
1751,tcp,private,DoS
1752,tcp,http,Normal
1753,tcp,http,Normal
1754,udp,private,Probe
1755,tcp,uucp_path,DoS
1756,tcp,smtp,Normal
1757,tcp,http,Normal
1758,icmp,ecr_i,DoS
1759,tcp,private,DoS
1760,tcp,other,Probe
1761,icmp,other,Normal
1762,udp,private,Normal
1763,tcp,other,Probe
1764,tcp,http,Normal
1765,tcp,telnet,DoS
1766,tcp,http,Normal
1767,tcp,other,Normal
1768,tcp,other,Normal
1769,tcp,http,Normal
1770,tcp,http,Normal
1771,tcp,http,Normal
1772,tcp,http,Normal
1773,tcp,smtp,Normal
1774,tcp,telnet,Normal
1775,tcp,other,DoS
1776,tcp,smtp,Normal
1777,tcp,other,Probe
1778,tcp,http,Normal
1779,tcp,ftp,Normal
1780,tcp,private,DoS
1781,icmp,eco_i,Probe
1782,tcp,http,Normal
1783,tcp,http,DoS
1784,tcp,private,DoS
1785,tcp,private,DoS
1786,tcp,smtp,Normal
1787,udp,private,Normal
1788,tcp,ftp_data,Normal
1789,tcp,http,Normal
1790,tcp,private,DoS
1791,tcp,telnet,Normal
1792,icmp,eco_i,Probe
1793,tcp,http,Normal
1794,tcp,other,Normal
1795,tcp,smtp,Normal
1796,tcp,telnet,Normal
1797,tcp,private,Probe
1798,tcp,smtp,Normal
1799,tcp,http,Normal
1800,tcp,ftp_data,Normal
1801,tcp,http,Normal
1802,tcp,telnet,Normal
1803,tcp,private,DoS
1804,tcp,http,Normal
1805,tcp,http,Normal
1806,tcp,other,DoS
1807,tcp,private,DoS
1808,tcp,private,DoS
1809,tcp,private,DoS
1810,tcp,private,DoS
1811,tcp,http,Normal
1812,icmp,ecr_i,DoS
1813,udp,domain_u,Normal
1814,tcp,other,DoS
1815,tcp,http,Normal
1816,tcp,http,Normal
1817,tcp,courier,DoS
1818,tcp,http,Normal
1819,tcp,http,Normal
1820,udp,other,Normal
1821,tcp,http,Normal
1822,tcp,http,Normal
1823,tcp,other,Probe
1824,udp,private,Normal
1825,tcp,other,DoS
1826,tcp,http,DoS
1827,tcp,http,Normal
1828,tcp,http,DoS
1829,tcp,http,Normal
1830,tcp,http,Normal
1831,tcp,other,DoS
1832,tcp,smtp,Probe
1833,tcp,http,Normal
1834,tcp,private,Probe
1835,tcp,http,Normal
1836,tcp,private,DoS
1837,tcp,http,Normal
1838,tcp,http,Normal
1839,tcp,other,Normal
1840,tcp,smtp,Normal
1841,tcp,http,Normal
1842,tcp,ftp,Normal
1843,icmp,ecr_i,DoS
1844,tcp,private,Probe
1845,tcp,http,Normal
1846,tcp,private,DoS
1847,tcp,private,DoS
1848,tcp,other,DoS
1849,tcp,http,Normal
1850,udp,private,Normal
1851,tcp,other,Probe
1852,tcp,private,DoS
1853,tcp,private,DoS
1854,icmp,ecr_i,DoS
1855,tcp,telnet,Normal
1856,tcp,private,DoS
1857,tcp,other,Normal
1858,tcp,http,Normal
1859,tcp,http,Normal
1860,tcp,http,Normal
1861,tcp,other,Normal
1862,tcp,http,Normal
1863,tcp,telnet,DoS
1864,tcp,other,Probe
1865,udp,private,Normal
1866,tcp,http,Normal
1867,tcp,other,Normal
1868,tcp,http,Normal
1869,tcp,http,Normal
1870,tcp,http,Normal
1871,tcp,private,DoS
1872,udp,private,Normal
1873,tcp,http,DoS
1874,udp,private,Normal
1875,tcp,other,Probe
1876,udp,private,Normal
1877,tcp,ftp_data,Normal
1878,tcp,private,DoS
1879,tcp,http,Normal
1880,tcp,private,DoS
1881,tcp,private,DoS
1882,tcp,http,Normal
1883,tcp,ftp,Normal
1884,icmp,eco_i,Probe
1885,udp,other,Normal
1886,tcp,private,DoS
1887,tcp,ftp,Normal
1888,tcp,smtp,Normal
1889,tcp,smtp,Normal
1890,udp,domain_u,Normal
1891,tcp,http,Normal
1892,tcp,http,Normal
1893,tcp,private,DoS
1894,tcp,other,DoS
1895,udp,private,Normal
1896,tcp,http,Normal
1897,tcp,http,Normal
1898,tcp,other,Normal
1899,udp,private,DoS
1900,tcp,other,Probe
1901,tcp,telnet,DoS
1902,tcp,ftp,Normal
1903,tcp,other,Normal
1904,tcp,private,DoS
1905,tcp,private,DoS
1906,tcp,http,Normal
1907,tcp,http,DoS
1908,tcp,private,DoS
1909,tcp,http,DoS
1910,icmp,ecr_i,DoS
1911,tcp,private,DoS
1912,tcp,private,DoS
1913,tcp,private,DoS
1914,tcp,other,Probe
1915,tcp,http,Normal
1916,tcp,other,Probe
1917,tcp,http,Normal
1918,tcp,http,Normal
1919,tcp,http,Normal
1920,tcp,http,Normal
1921,tcp,ftp_data,R2L
1922,tcp,other,Normal
1923,tcp,http,Normal
1924,tcp,http,Normal
1925,tcp,other,Probe
1926,tcp,private,DoS
1927,tcp,http,DoS
1928,tcp,private,DoS
1929,udp,private,Probe
1930,tcp,http,Normal
1931,tcp,http,Normal
1932,tcp,http,DoS
1933,udp,private,Probe
1934,udp,private,Probe
1935,tcp,other,Probe
1936,tcp,telnet,Normal
1937,tcp,http,Normal
1938,tcp,private,DoS
1939,tcp,http,Normal
1940,tcp,other,Probe
1941,icmp,ecr_i,DoS
1942,icmp,ecr_i,DoS
1943,tcp,http,DoS
1944,udp,domain_u,Normal
1945,tcp,private,DoS
1946,icmp,ecr_i,DoS
1947,tcp,other,DoS
1948,tcp,private,DoS
1949,tcp,http,Normal
1950,tcp,other,Probe
1951,tcp,smtp,Normal
1952,tcp,http,Normal
1953,tcp,ftp,Normal
1954,tcp,http,Normal
1955,tcp,http,DoS
1956,tcp,other,Probe
1957,tcp,http,Normal
1958,tcp,ftp_data,R2L
1959,tcp,private,DoS
1960,tcp,smtp,Normal
1961,tcp,ftp,Normal
1962,tcp,private,DoS
1963,tcp,http,Normal
1964,tcp,finger,Normal
1965,udp,private,Probe
1966,tcp,http,Normal
1967,tcp,http,Normal
1968,tcp,http,Normal
1969,icmp,ecr_i,DoS
1970,tcp,http,DoS
1971,tcp,http,Normal
1972,tcp,private,DoS
1973,tcp,smtp,Normal
1974,tcp,http,DoS
1975,tcp,private,DoS
1976,tcp,private,DoS
1977,udp,domain_u,Normal
1978,tcp,http,Normal
1979,tcp,private,DoS
1980,tcp,auth,Normal
1981,tcp,private,DoS
1982,tcp,private,DoS
1983,tcp,smtp,Normal
1984,tcp,other,DoS
1985,tcp,other,Probe
1986,tcp,private,DoS
1987,udp,domain_u,Normal
1988,tcp,other,Probe
1989,tcp,http,Normal
1990,udp,private,Normal
1991,tcp,other,Normal
1992,udp,domain_u,Normal
1993,tcp,ftp_data,Normal
1994,tcp,http,Normal
1995,tcp,other,Normal
1996,tcp,telnet,DoS
1997,udp,private,Probe
1998,tcp,http,Normal
1999,tcp,ftp,Normal
2000,tcp,other,Normal
2001,tcp,other,Normal
2002,tcp,http,DoS
2003,tcp,private,DoS
2004,tcp,http,Normal
2005,tcp,private,DoS
2006,tcp,http,Normal
2007,tcp,http,DoS
2008,tcp,private,DoS
2009,tcp,other,Probe
2010,tcp,http,Normal
2011,tcp,ftp_data,R2L
2012,tcp,telnet,Normal
2013,tcp,http,Normal
2014,tcp,other,DoS
2015,tcp,http,Normal
2016,tcp,private,DoS
2017,tcp,ftp,Normal
2018,tcp,http,Normal
2019,tcp,http,DoS
2020,icmp,ecr_i,DoS
2021,tcp,http,DoS
2022,tcp,other,Probe
2023,tcp,ftp_data,R2L
2024,udp,private,DoS
2025,icmp,other,Normal
2026,tcp,smtp,Normal
2027,tcp,private,DoS
2028,tcp,smtp,Normal
2029,tcp,finger,DoS
2030,tcp,http,Normal
2031,udp,private,Normal
2032,tcp,other,Normal
2033,tcp,private,Probe
2034,tcp,http,Normal
2035,tcp,telnet,Normal
2036,tcp,telnet,Normal
2037,tcp,http,Normal
2038,tcp,http,Normal
2039,tcp,bgp,DoS
2040,tcp,http,Normal
2041,udp,private,Normal
2042,tcp,private,DoS
2043,udp,private,Normal
2044,tcp,telnet,Normal
2045,tcp,http,Normal
2046,tcp,other,DoS
2047,tcp,ftp,Normal
2048,tcp,http,Normal
2049,tcp,http,Normal
2050,tcp,http,Normal
2051,udp,domain_u,Normal
2052,icmp,ecr_i,Normal
2053,tcp,telnet,Normal
2054,tcp,http,Normal
2055,tcp,finger,Normal
2056,tcp,other,Normal
2057,tcp,ftp_data,DoS
2058,udp,private,DoS
2059,tcp,http,Normal
2060,tcp,smtp,Normal
2061,tcp,other,Probe
2062,tcp,http,Normal
2063,tcp,ftp,Normal
2064,tcp,ftp_data,Normal
2065,tcp,http,Normal
2066,tcp,http,DoS
2067,tcp,telnet,Normal
2068,udp,private,DoS
2069,tcp,private,DoS
2070,tcp,http,Normal
2071,tcp,time,DoS
2072,tcp,http,Normal
2073,tcp,http,Normal
2074,udp,domain_u,Normal
2075,udp,private,DoS
2076,tcp,http,Normal
2077,tcp,http,Normal
2078,tcp,http,Normal
2079,icmp,ecr_i,DoS
2080,udp,domain_u,Normal
2081,tcp,http,Normal
2082,udp,domain_u,Normal
2083,tcp,http,Normal
2084,tcp,http,Normal
2085,tcp,other,DoS
2086,tcp,private,DoS
2087,tcp,other,Probe
2088,tcp,private,DoS
2089,tcp,smtp,Normal
2090,tcp,http,Normal
2091,tcp,private,Probe
2092,tcp,http,Normal
2093,udp,private,DoS
2094,udp,private,Normal
2095,tcp,private,DoS
2096,tcp,smtp,Normal
2097,udp,other,Normal
2098,tcp,ftp_data,DoS
2099,tcp,http,Normal
2100,tcp,private,DoS
2101,tcp,telnet,Normal
2102,tcp,http,Normal
2103,tcp,Z39_50,DoS
2104,tcp,other,DoS
2105,tcp,http,Normal
2106,tcp,other,Probe
2107,tcp,http,DoS
2108,tcp,other,Normal
2109,tcp,other,Probe
2110,tcp,private,DoS
2111,tcp,other,DoS
2112,tcp,http,Normal
2113,tcp,http,Normal
2114,tcp,other,DoS
2115,tcp,ftp_data,R2L
2116,tcp,http,Normal
2117,tcp,http,Normal
2118,icmp,ecr_i,DoS
2119,udp,private,Normal
2120,tcp,private,Probe
2121,tcp,http,Normal
2122,tcp,http,DoS
2123,tcp,http,Normal
2124,tcp,http,Normal
2125,tcp,uucp,DoS
2126,tcp,other,Probe
2127,tcp,other,Probe
2128,udp,domain_u,Normal
2129,tcp,private,DoS
2130,tcp,telnet,Normal
2131,tcp,other,Probe
2132,tcp,other,Normal
2133,tcp,private,Probe
2134,tcp,ftp_data,DoS
2135,udp,domain_u,Normal
2136,udp,private,DoS
2137,tcp,auth,DoS
2138,icmp,ecr_i,DoS
2139,tcp,other,DoS
2140,tcp,http,Normal
2141,tcp,telnet,Normal
2142,tcp,http,Normal
2143,tcp,ftp_data,R2L
2144,tcp,http,Normal
2145,tcp,other,Normal
2146,udp,private,Normal
2147,tcp,private,Probe
2148,tcp,other,DoS
2149,tcp,Z39_50,DoS
2150,tcp,http,Normal
2151,tcp,private,DoS
2152,tcp,other,DoS
2153,tcp,ftp,Normal
2154,tcp,http,Normal
2155,tcp,http,Normal
2156,tcp,private,DoS
2157,tcp,ftp,Normal
2158,tcp,http,Normal
2159,tcp,private,DoS
2160,tcp,private,DoS
2161,tcp,other,Probe
2162,tcp,smtp,Normal
2163,tcp,ftp_data,Normal
2164,udp,private,Probe
2165,tcp,http,Normal
2166,tcp,smtp,Normal
2167,udp,other,Normal
2168,tcp,other,DoS
2169,tcp,other,Normal
2170,tcp,telnet,Normal
2171,tcp,other,Probe
2172,tcp,http,Normal
2173,tcp,private,DoS
2174,tcp,smtp,Normal
2175,udp,private,Normal
2176,tcp,private,DoS
2177,tcp,telnet,Normal
2178,tcp,http,Normal
2179,tcp,private,DoS
2180,tcp,other,Probe
2181,tcp,http,Normal
2182,tcp,private,Probe
2183,icmp,ecr_i,DoS
2184,icmp,eco_i,Probe
2185,icmp,ecr_i,DoS
2186,udp,domain_u,Normal
2187,tcp,http,Normal
2188,tcp,http,Normal
2189,tcp,other,Probe
2190,tcp,http,Normal
2191,tcp,http,Normal
2192,udp,domain_u,Normal
2193,icmp,ecr_i,DoS
2194,tcp,smtp,Normal
2195,tcp,http,Normal
2196,tcp,http,Normal
2197,tcp,http,Normal
2198,tcp,private,DoS
2199,tcp,http,Normal
2200,tcp,other,Probe
2201,tcp,private,DoS
2202,icmp,ecr_i,DoS
2203,tcp,http,Normal
2204,tcp,http,Normal
2205,tcp,http,Normal
2206,tcp,telnet,Normal
2207,tcp,whois,DoS
2208,tcp,ftp,Normal
2209,udp,other,Probe
2210,tcp,private,DoS
2211,tcp,private,DoS
2212,tcp,other,Normal
2213,tcp,http,Normal
2214,tcp,other,Normal
2215,tcp,other,DoS
2216,tcp,private,DoS
2217,tcp,other,DoS
2218,tcp,other,DoS
2219,tcp,http,Normal
2220,tcp,private,DoS
2221,tcp,http,Normal
2222,tcp,ftp,Normal
2223,tcp,private,DoS
2224,tcp,private,DoS
2225,tcp,smtp,Normal
2226,icmp,ecr_i,DoS
2227,tcp,http,Probe
2228,tcp,http,Normal
2229,icmp,ecr_i,DoS
2230,tcp,private,DoS
2231,icmp,ecr_i,DoS
2232,tcp,ftp,Normal
2233,tcp,private,DoS
2234,tcp,http,Normal
2235,tcp,private,DoS
2236,udp,private,Normal
2237,tcp,http,Normal
2238,tcp,other,DoS
2239,udp,private,Probe
2240,tcp,http,DoS
2241,tcp,other,Probe
2242,tcp,http,Normal
2243,tcp,private,DoS
2244,udp,domain_u,Normal
2245,tcp,http,DoS
2246,tcp,telnet,Normal
2247,tcp,telnet,Normal
2248,icmp,ecr_i,DoS
2249,tcp,private,DoS
2250,tcp,telnet,Normal
2251,tcp,private,DoS
2252,tcp,private,DoS
2253,tcp,telnet,Normal
2254,tcp,smtp,Normal
2255,tcp,ftp,DoS
2256,tcp,http,Normal
2257,tcp,telnet,Normal
2258,tcp,private,DoS
2259,tcp,http,DoS
2260,udp,other,Normal
2261,tcp,http,Normal
2262,tcp,telnet,Normal
2263,tcp,smtp,Normal
2264,tcp,http,Normal
2265,tcp,http,Normal
2266,tcp,other,DoS
2267,udp,private,Normal
2268,udp,private,Normal
2269,tcp,http,Normal
2270,tcp,telnet,Normal
2271,tcp,http,Normal
2272,tcp,http,Normal
2273,udp,private,Probe
2274,tcp,private,Probe
2275,icmp,eco_i,Probe
2276,tcp,http,Normal
2277,tcp,http,DoS
2278,tcp,ftp,Normal
2279,tcp,http,Normal
2280,tcp,telnet,DoS
2281,tcp,http,Normal
2282,tcp,http,Normal
2283,icmp,ecr_i,DoS
2284,udp,private,Normal
2285,tcp,http,Normal
2286,icmp,ecr_i,DoS
2287,tcp,http,Normal
2288,icmp,ecr_i,DoS
2289,tcp,http,Normal
2290,tcp,other,Normal
2291,tcp,other,Probe
2292,tcp,telnet,Normal
2293,icmp,ecr_i,Normal
2294,tcp,http,Normal
2295,udp,domain_u,Normal
2296,tcp,private,DoS
2297,tcp,http,Normal
2298,tcp,http,DoS
2299,tcp,telnet,DoS
2300,icmp,other,Normal
2301,tcp,http,Normal
2302,icmp,eco_i,Probe
2303,tcp,ftp_data,Normal
2304,tcp,http,Normal
2305,tcp,http,DoS
2306,tcp,http,Normal
2307,tcp,http,DoS
2308,tcp,ftp_data,Normal
2309,tcp,telnet,Normal
2310,tcp,smtp,DoS
2311,udp,domain_u,Normal
2312,tcp,http,Normal
2313,udp,private,DoS
2314,tcp,other,DoS
2315,udp,private,Probe
2316,udp,domain_u,Normal
2317,tcp,http,Normal
2318,tcp,http,Normal
2319,tcp,private,DoS
2320,tcp,http,Normal
2321,tcp,finger,DoS
2322,tcp,http,Normal
2323,tcp,http,Normal
2324,tcp,telnet,Normal
2325,tcp,http,Normal
2326,tcp,other,DoS
2327,tcp,ftp_data,Normal
2328,tcp,ftp,Normal
2329,tcp,smtp,Normal
2330,tcp,private,Probe
2331,tcp,telnet,Normal
2332,tcp,other,Normal
2333,tcp,http,DoS
2334,tcp,ftp_data,Normal
2335,udp,private,Normal
2336,tcp,http,DoS
2337,tcp,http,Normal
2338,tcp,http,Normal
2339,tcp,other,DoS
2340,tcp,http,DoS
2341,tcp,other,DoS
2342,tcp,http,Normal
2343,tcp,telnet,Normal
2344,tcp,http,Normal
2345,tcp,other,DoS
2346,tcp,private,Probe
2347,udp,domain_u,Normal
2348,tcp,telnet,Normal
2349,tcp,private,DoS
2350,tcp,ftp,DoS
2351,icmp,ecr_i,DoS
2352,tcp,telnet,Normal
2353,tcp,courier,DoS
2354,tcp,http,DoS
2355,tcp,other,DoS
2356,udp,private,Normal
2357,tcp,telnet,Normal
2358,tcp,telnet,Normal
2359,tcp,ftp_data,R2L
2360,tcp,smtp,Normal
2361,tcp,http,Normal
2362,tcp,private,DoS
2363,tcp,ftp,Normal
2364,tcp,http,Normal
2365,icmp,eco_i,Probe
2366,tcp,http,Normal
2367,tcp,telnet,Normal
2368,tcp,http,Normal
2369,tcp,http,Normal
2370,tcp,ftp,Normal
2371,tcp,http,Normal
2372,tcp,other,Normal
2373,tcp,other,DoS
2374,tcp,telnet,Normal
2375,udp,private,DoS
2376,tcp,private,DoS
2377,udp,private,Normal
2378,tcp,smtp,Normal
2379,tcp,http,Normal
2380,tcp,http,Normal
2381,tcp,http,Normal
2382,tcp,http,DoS
2383,tcp,http,DoS
2384,tcp,other,Probe
2385,tcp,private,DoS
2386,tcp,http,Normal
2387,tcp,ftp_data,Probe
2388,tcp,telnet,Normal
2389,tcp,private,DoS
2390,icmp,ecr_i,DoS
2391,tcp,other,Normal
2392,tcp,http,Normal
2393,tcp,ftp_data,Normal
2394,icmp,ecr_i,DoS
2395,tcp,http,Normal
2396,tcp,private,DoS
2397,udp,domain_u,Normal
2398,tcp,other,DoS
2399,tcp,telnet,Normal
2400,tcp,telnet,Normal
2401,tcp,other,DoS
2402,tcp,http,Normal
2403,tcp,http,Normal
2404,tcp,http,Normal
2405,tcp,private,DoS
2406,tcp,http,Normal
2407,tcp,private,DoS
2408,tcp,smtp,Normal
2409,tcp,http,Normal
2410,tcp,http,Normal
2411,tcp,other,Probe
2412,tcp,http,Normal
2413,tcp,private,DoS
2414,tcp,other,Normal
2415,tcp,http,Normal
2416,tcp,telnet,Normal
2417,tcp,private,DoS
2418,tcp,http,Normal
2419,tcp,other,Normal
2420,tcp,http,Normal
2421,tcp,telnet,U2R
2422,tcp,http,Normal
2423,tcp,http,Normal
2424,tcp,telnet,Normal
2425,tcp,private,DoS
2426,tcp,http,Normal
2427,tcp,http,Normal
2428,tcp,http,DoS
2429,tcp,ftp,Normal
2430,tcp,private,DoS
2431,tcp,finger,DoS
2432,tcp,private,DoS
2433,tcp,http,Normal
2434,tcp,ftp,Normal
2435,tcp,http,Normal
2436,tcp,telnet,Normal
2437,tcp,private,DoS
2438,tcp,telnet,Normal
2439,tcp,ftp_data,Normal
2440,tcp,other,Probe
2441,udp,domain_u,Normal
2442,tcp,http,Normal
2443,tcp,other,Probe
2444,tcp,other,Probe
2445,tcp,other,DoS
2446,tcp,http,Normal
2447,tcp,http,Normal
2448,tcp,other,Probe
2449,tcp,http,Normal
2450,icmp,ecr_i,DoS
2451,tcp,smtp,Normal
2452,tcp,private,DoS
2453,tcp,http,Normal
2454,tcp,http,Normal
2455,tcp,private,DoS
2456,tcp,telnet,Normal
2457,tcp,http,Normal
2458,tcp,private,DoS
2459,tcp,private,DoS
2460,tcp,http,Normal
2461,tcp,telnet,Normal
2462,tcp,private,DoS
2463,tcp,http,Normal
2464,tcp,other,DoS
2465,tcp,private,DoS
2466,tcp,http,Normal
2467,tcp,http,Normal
2468,udp,private,Normal
2469,tcp,http,Normal
2470,tcp,http,Normal
2471,tcp,other,Probe
2472,tcp,http,DoS
2473,tcp,ftp,Normal
2474,tcp,http,Normal
2475,tcp,http,Normal
2476,tcp,ftp_data,R2L
2477,tcp,http,Normal
2478,tcp,http,Normal
2479,tcp,other,DoS
2480,udp,private,Probe
2481,tcp,http,DoS
2482,tcp,http,DoS
2483,tcp,http,Normal
2484,tcp,http,Normal
2485,tcp,ftp,Normal
2486,tcp,private,DoS
2487,tcp,http,Normal
2488,udp,private,DoS
2489,udp,private,DoS
2490,tcp,http,Normal
2491,tcp,http,Normal
2492,tcp,http,Normal
2493,udp,private,Probe
2494,tcp,private,DoS
2495,tcp,private,DoS
2496,udp,private,Normal
2497,tcp,http,Normal
2498,tcp,telnet,Normal
2499,tcp,http,Normal
2500,tcp,http,Normal
2501,tcp,http,Normal
2502,tcp,telnet,Normal
2503,tcp,private,DoS
2504,tcp,http,Normal
2505,tcp,http,Normal
2506,tcp,ftp_data,R2L
2507,tcp,other,Probe
2508,udp,domain_u,Normal
2509,tcp,other,Normal
2510,tcp,http,Normal
2511,tcp,telnet,Normal
2512,tcp,other,DoS
2513,tcp,http,Normal
2514,tcp,other,Probe
2515,tcp,http,DoS
2516,tcp,private,DoS
2517,udp,private,Probe
2518,icmp,ecr_i,Normal
2519,udp,domain_u,Normal
2520,tcp,private,Probe
2521,tcp,other,DoS
2522,tcp,telnet,Normal
2523,tcp,http,Normal
2524,tcp,other,Probe
2525,tcp,other,Normal
2526,tcp,private,DoS
2527,tcp,finger,DoS
2528,icmp,ecr_i,DoS
2529,icmp,ecr_i,DoS
2530,tcp,other,Probe
2531,tcp,other,Probe
2532,tcp,http,DoS
2533,tcp,other,Probe
2534,tcp,other,DoS
2535,tcp,private,Probe
2536,tcp,other,DoS
2537,udp,domain_u,Normal
2538,tcp,http,Normal
2539,tcp,ftp_data,Normal
2540,udp,private,Normal
2541,tcp,telnet,Normal
2542,icmp,eco_i,Probe
2543,tcp,ftp_data,Normal
2544,tcp,http,Normal
2545,udp,domain_u,Normal
2546,tcp,http,Normal
2547,tcp,private,DoS
2548,tcp,http,Normal
2549,tcp,telnet,Normal
2550,tcp,private,DoS
2551,tcp,ftp_data,Normal
2552,tcp,telnet,Normal
2553,tcp,http,Normal
2554,tcp,smtp,Normal
2555,tcp,http,Normal
2556,udp,domain_u,Normal
2557,tcp,ftp_data,Normal
2558,tcp,smtp,Normal
2559,tcp,http,DoS
2560,tcp,telnet,Normal
2561,tcp,http,Normal
2562,tcp,http,Normal
2563,tcp,http,Normal
2564,tcp,smtp,Normal
2565,tcp,other,Normal
2566,tcp,telnet,Normal
2567,udp,private,DoS
2568,tcp,http,Normal
2569,tcp,other,Normal
2570,tcp,other,Probe
2571,tcp,http,Normal
2572,tcp,http,Normal
2573,tcp,other,Normal
2574,tcp,ftp,Normal
2575,udp,domain_u,Normal
2576,udp,domain_u,Normal
2577,tcp,http,Normal
2578,tcp,finger,DoS
2579,tcp,http,Normal
2580,tcp,http,DoS
2581,tcp,http,Normal
2582,tcp,telnet,Normal
2583,tcp,telnet,Normal
2584,tcp,http,Normal
2585,tcp,http,Normal
2586,tcp,other,Probe
2587,udp,private,Probe
2588,tcp,http,Normal
2589,tcp,http,Normal
2590,tcp,http,Normal
2591,tcp,smtp,Normal
2592,icmp,ecr_i,DoS
2593,tcp,http,Normal
2594,tcp,telnet,Normal
2595,tcp,telnet,Normal
2596,tcp,other,DoS
2597,tcp,uucp,Probe
2598,tcp,http,Normal
2599,tcp,http,Normal
2600,tcp,other,DoS
2601,tcp,telnet,Normal
2602,tcp,http,DoS
2603,tcp,http,Normal
2604,tcp,http,Normal
2605,tcp,private,DoS
2606,tcp,http,Normal
2607,tcp,private,DoS
2608,tcp,http,Normal
2609,tcp,http,Normal
2610,tcp,private,DoS
2611,tcp,http,Normal
2612,tcp,private,DoS
2613,tcp,private,DoS
2614,tcp,other,DoS
2615,tcp,http,Normal
2616,tcp,http,Normal
2617,tcp,private,DoS
2618,tcp,other,Normal
2619,tcp,telnet,Normal
2620,tcp,private,DoS
2621,tcp,http,Normal
2622,tcp,ftp_data,R2L
2623,tcp,other,Normal
2624,tcp,http,Normal
2625,tcp,telnet,Normal
2626,tcp,telnet,Normal
2627,tcp,http,Normal
2628,tcp,private,DoS
2629,tcp,time,DoS
2630,tcp,http,Normal
2631,tcp,smtp,Normal
2632,tcp,http,Normal
2633,tcp,ftp_data,Normal
2634,tcp,smtp,Normal
2635,tcp,http,Normal
2636,udp,domain_u,Normal
2637,tcp,other,Probe
2638,tcp,http,Normal
2639,tcp,other,Probe
2640,tcp,telnet,Normal
2641,tcp,http,Normal
2642,tcp,http,Normal
2643,tcp,http,DoS
2644,udp,domain_u,Normal
2645,tcp,http,Normal
2646,tcp,http,Normal
2647,tcp,other,DoS
2648,udp,other,Probe
2649,tcp,http,Normal
2650,tcp,other,DoS
2651,tcp,other,Normal
2652,icmp,other,Normal
2653,tcp,http,Normal
2654,tcp,http,Normal
2655,tcp,private,DoS
2656,tcp,http,Normal
2657,tcp,ftp,Normal
2658,icmp,ecr_i,DoS
2659,tcp,http,Normal
2660,tcp,http,Normal
2661,tcp,ftp_data,Normal
2662,tcp,http,Normal
2663,tcp,http,Normal
2664,tcp,http,Normal
2665,tcp,http,Normal
2666,udp,private,DoS
2667,tcp,private,DoS
2668,tcp,ftp,Normal
2669,tcp,private,DoS
2670,tcp,other,Normal
2671,tcp,http,Normal
2672,tcp,other,DoS
2673,tcp,smtp,Normal
2674,tcp,other,Normal
2675,icmp,ecr_i,DoS
2676,tcp,private,DoS
2677,tcp,http,Normal
2678,tcp,ftp_data,Normal
2679,tcp,telnet,Normal
2680,tcp,other,Normal
2681,tcp,private,DoS
2682,udp,domain_u,Normal
2683,tcp,other,Probe
2684,tcp,ftp,Normal
2685,tcp,http,Normal
2686,tcp,http,Normal
2687,tcp,private,DoS
2688,udp,private,DoS
2689,tcp,http,Normal
2690,tcp,other,DoS
2691,tcp,http,Normal
2692,tcp,private,Probe
2693,udp,domain_u,Normal
2694,tcp,http,Normal
2695,tcp,other,Normal
2696,tcp,other,Probe
2697,tcp,http,Normal
2698,tcp,other,Normal
2699,tcp,http,Normal
2700,tcp,http,DoS
2701,tcp,http,Normal
2702,udp,other,Normal
2703,tcp,http,DoS
2704,tcp,http,Normal
2705,tcp,http,Normal
2706,tcp,other,DoS
2707,tcp,http,Normal
2708,tcp,private,DoS
2709,icmp,ecr_i,DoS
2710,tcp,other,DoS
2711,tcp,http,Normal
2712,tcp,other,DoS
2713,tcp,ftp_data,Normal
2714,icmp,ecr_i,DoS
2715,tcp,http,Normal
2716,tcp,http,Normal
2717,tcp,smtp,Normal
2718,tcp,http,Normal
2719,tcp,http,Normal
2720,tcp,http,Normal
2721,tcp,private,DoS
2722,tcp,private,DoS
2723,icmp,ecr_i,DoS
2724,icmp,eco_i,Probe
2725,icmp,ecr_i,DoS
2726,icmp,eco_i,Probe
2727,icmp,ecr_i,DoS
2728,tcp,ftp,Normal
2729,tcp,private,DoS
2730,tcp,http,Normal
2731,tcp,http,DoS
2732,tcp,http,DoS
2733,tcp,private,DoS
2734,tcp,other,DoS
2735,tcp,other,Normal
2736,tcp,other,Normal
2737,tcp,telnet,Normal
2738,tcp,smtp,Normal
2739,tcp,other,Probe
2740,tcp,private,DoS
2741,tcp,http,DoS
2742,udp,private,Normal
2743,tcp,private,DoS
2744,tcp,telnet,DoS
2745,tcp,telnet,Normal
2746,tcp,telnet,Normal
2747,tcp,ftp,Normal
2748,udp,domain_u,Normal
2749,tcp,http,Normal
2750,tcp,other,DoS
2751,tcp,private,DoS
2752,tcp,http,Normal
2753,icmp,ecr_i,DoS
2754,tcp,other,DoS
2755,tcp,http,Normal
2756,tcp,telnet,Normal
2757,tcp,http,Normal
2758,tcp,ftp,Normal
2759,tcp,ftp,Normal
2760,tcp,private,Probe
2761,udp,private,DoS
2762,tcp,http,Normal
2763,tcp,http,Normal
2764,tcp,ftp,Normal
2765,tcp,auth,DoS
2766,tcp,private,DoS
2767,tcp,private,DoS
2768,tcp,http,Normal
2769,udp,domain_u,Normal
2770,tcp,http,Normal
2771,tcp,ftp_data,DoS
2772,tcp,http,Normal
2773,udp,private,Normal
2774,tcp,http,Normal
2775,udp,private,Probe
2776,tcp,http,Normal
2777,tcp,other,Probe
2778,tcp,telnet,Normal
2779,tcp,http,Normal
2780,tcp,http,DoS
2781,udp,domain_u,Normal
2782,tcp,other,Normal
2783,tcp,ftp_data,Normal
2784,tcp,private,DoS
2785,tcp,private,DoS
2786,tcp,private,DoS
2787,tcp,http,Normal
2788,tcp,http,Normal
2789,icmp,ecr_i,DoS
2790,tcp,http,Normal
2791,tcp,other,Normal
2792,tcp,http,Normal
2793,tcp,http,Normal
2794,tcp,other,Normal
2795,icmp,eco_i,Probe
2796,tcp,private,DoS
2797,tcp,other,DoS
2798,tcp,private,DoS
2799,tcp,smtp,Normal
2800,tcp,private,DoS
2801,tcp,smtp,Normal
2802,tcp,http,Normal
2803,tcp,other,Normal
2804,tcp,smtp,Normal
2805,tcp,private,DoS
2806,tcp,telnet,Normal
2807,tcp,http,Normal
2808,tcp,http,Normal
2809,tcp,private,DoS
2810,tcp,smtp,Normal
2811,tcp,other,DoS
2812,tcp,other,DoS
2813,tcp,http,Normal
2814,tcp,http,Normal
2815,icmp,ecr_i,DoS
2816,tcp,http,Normal
2817,udp,private,DoS
2818,udp,private,Normal
2819,tcp,private,DoS
2820,udp,domain_u,Normal
2821,tcp,private,DoS
2822,tcp,http,DoS
2823,tcp,private,DoS
2824,tcp,http,Normal
2825,tcp,telnet,DoS
2826,icmp,ecr_i,DoS
2827,udp,private,Probe
2828,tcp,http,DoS
2829,tcp,other,DoS
2830,tcp,http,Normal
2831,tcp,http,DoS
2832,tcp,private,DoS
2833,tcp,http,Normal
2834,tcp,telnet,DoS
2835,tcp,other,Probe
2836,udp,private,Normal
2837,tcp,http,DoS
2838,tcp,http,DoS
2839,tcp,other,Normal
2840,tcp,other,Probe
2841,tcp,ftp_data,R2L
2842,tcp,ftp,Normal
2843,tcp,other,DoS
2844,tcp,other,Probe
2845,tcp,private,DoS
2846,icmp,ecr_i,DoS
2847,tcp,other,DoS
2848,tcp,private,DoS
2849,tcp,http,DoS
2850,tcp,http,Normal
2851,tcp,http,Normal
2852,tcp,http,Normal
2853,tcp,telnet,Normal
2854,tcp,other,Probe
2855,tcp,finger,Normal
2856,tcp,http,Normal
2857,tcp,http,Normal
2858,tcp,http,Normal
2859,tcp,http,Normal
2860,tcp,ftp_data,Normal
2861,tcp,other,DoS
2862,tcp,other,Probe
2863,udp,private,DoS
2864,tcp,http,Normal
2865,udp,private,DoS
2866,tcp,private,DoS
2867,tcp,http,Normal
2868,udp,private,DoS
2869,tcp,http,Normal
2870,tcp,telnet,Normal
2871,tcp,http,Probe
2872,tcp,private,DoS
2873,tcp,http,Normal
2874,tcp,ftp_data,Normal
2875,tcp,http,Normal
2876,tcp,other,DoS
2877,tcp,http,Normal
2878,tcp,ftp_data,Normal
2879,tcp,ftp,Normal
2880,icmp,ecr_i,Normal
2881,tcp,courier,DoS
2882,udp,private,Probe
2883,tcp,http,Normal
2884,tcp,http,Normal
2885,tcp,http,Normal
2886,udp,private,Probe
2887,tcp,auth,DoS
2888,tcp,http,Normal
2889,tcp,private,DoS
2890,udp,domain_u,Normal
2891,tcp,http,Normal
2892,tcp,http,Normal
2893,tcp,other,DoS
2894,tcp,private,DoS
2895,tcp,ftp_data,R2L
2896,tcp,http,DoS
2897,udp,private,Normal
2898,tcp,ftp_data,R2L
2899,tcp,http,Normal
2900,tcp,ftp_data,Normal
2901,tcp,http,Normal
2902,tcp,private,DoS
2903,tcp,http,Normal
2904,tcp,http,DoS
2905,tcp,other,Normal
2906,tcp,http,Normal
2907,tcp,telnet,Normal
2908,tcp,http,Normal
2909,tcp,other,Normal
2910,tcp,http,DoS
2911,tcp,http,Normal
2912,tcp,ftp_data,Normal
2913,tcp,private,DoS
2914,tcp,http,Normal
2915,tcp,http,Normal
2916,tcp,private,DoS
2917,tcp,other,DoS
2918,tcp,http,Normal
2919,tcp,http,Normal
2920,udp,private,Normal
2921,tcp,http,Normal
2922,tcp,private,DoS
2923,udp,domain_u,Normal
2924,tcp,http,Normal
2925,tcp,other,DoS
2926,tcp,ftp_data,Normal
2927,tcp,ftp,Normal
2928,tcp,private,DoS
2929,tcp,private,DoS
2930,tcp,uucp_path,DoS
2931,tcp,ftp_data,Normal
2932,tcp,ftp_data,Normal
2933,udp,private,Normal
2934,tcp,telnet,Normal
2935,tcp,telnet,Normal
2936,tcp,http,DoS
2937,udp,private,DoS
2938,udp,private,Normal
2939,tcp,http,Normal
2940,tcp,http,Normal
2941,tcp,http,Normal
2942,tcp,http,DoS
2943,udp,private,Probe
2944,tcp,http,Normal
2945,tcp,telnet,Normal
2946,tcp,http,Normal
2947,tcp,telnet,Normal
2948,udp,private,Normal
2949,tcp,telnet,Normal
2950,tcp,other,Normal
2951,tcp,uucp,Probe
2952,tcp,http,DoS
2953,tcp,telnet,Normal
2954,tcp,http,DoS
2955,tcp,http,Normal
2956,tcp,uucp_path,DoS
2957,tcp,other,Probe
2958,tcp,http,Normal
2959,tcp,http,Normal
2960,udp,private,Normal
2961,tcp,http,Normal
2962,tcp,http,Normal
2963,tcp,http,Normal
2964,tcp,http,Normal
2965,tcp,private,DoS
2966,tcp,uucp,DoS
2967,icmp,ecr_i,DoS
2968,tcp,http,Normal
2969,icmp,ecr_i,DoS
2970,tcp,other,Normal
2971,tcp,other,Normal
2972,tcp,private,DoS
2973,tcp,other,Probe
2974,tcp,http,Normal
2975,udp,domain_u,Normal
2976,tcp,other,Normal
2977,tcp,http,Normal
2978,tcp,private,DoS
2979,tcp,http,Normal
2980,tcp,http,Normal
2981,tcp,private,DoS
2982,tcp,http,Normal
2983,icmp,ecr_i,DoS
2984,tcp,private,DoS
2985,tcp,private,DoS
2986,tcp,private,DoS
2987,tcp,http,Normal
2988,udp,domain_u,Normal
2989,tcp,ftp_data,Normal
2990,tcp,http,Normal
2991,tcp,http,Normal
2992,tcp,private,DoS
2993,tcp,http,Normal
2994,tcp,http,Normal
2995,tcp,http,Normal
2996,tcp,http,Normal
2997,tcp,http,DoS
2998,tcp,telnet,Normal
2999,tcp,http,Normal
3000,tcp,http,Normal
3001,udp,private,Probe
3002,tcp,telnet,Normal
3003,tcp,other,DoS
3004,tcp,http,Normal
3005,tcp,ftp_data,R2L
3006,tcp,http,Normal
3007,tcp,whois,DoS
3008,tcp,http,Normal
3009,tcp,private,DoS
3010,tcp,other,Probe
3011,tcp,other,Normal
3012,tcp,other,DoS
3013,tcp,http,DoS
3014,tcp,private,DoS
3015,tcp,smtp,Normal
3016,tcp,other,Probe
3017,udp,private,Normal
3018,tcp,smtp,Normal
3019,tcp,http,Normal
3020,tcp,smtp,Normal
3021,tcp,telnet,Normal
3022,tcp,private,DoS
3023,tcp,telnet,Normal
3024,tcp,http,Normal
3025,tcp,http,Normal
3026,tcp,private,DoS
3027,tcp,private,Probe
3028,tcp,other,Normal
3029,tcp,http,Normal
3030,tcp,http,Normal
3031,tcp,ftp,Normal
3032,tcp,private,DoS
3033,tcp,bgp,DoS
3034,tcp,smtp,Normal
3035,tcp,ftp_data,Normal
3036,tcp,other,Probe
3037,tcp,telnet,Normal
3038,tcp,smtp,DoS
3039,tcp,other,Normal
3040,tcp,ftp,Normal
3041,tcp,private,DoS
3042,tcp,smtp,Normal
3043,tcp,ftp,Normal
3044,tcp,telnet,Normal
3045,tcp,http,Normal
3046,tcp,http,Normal
3047,tcp,smtp,Probe
3048,tcp,other,Normal
3049,udp,other,Normal
3050,tcp,other,Probe
3051,tcp,http,Normal
3052,udp,domain_u,Normal
3053,tcp,http,Normal
3054,tcp,other,Probe
3055,tcp,http,DoS
3056,tcp,private,Probe
3057,tcp,http,Normal
3058,tcp,other,Normal
3059,tcp,http,Normal
3060,tcp,http,DoS
3061,tcp,private,DoS
3062,tcp,http,Normal
3063,tcp,http,Normal
3064,tcp,http,Normal
3065,tcp,http,Normal
3066,icmp,ecr_i,DoS
3067,tcp,ftp,Normal
3068,tcp,Z39_50,DoS
3069,icmp,ecr_i,DoS
3070,tcp,ftp_data,Normal
3071,tcp,http,DoS
3072,tcp,telnet,Normal
3073,icmp,other,Normal
3074,tcp,other,Probe
3075,tcp,http,Normal
3076,tcp,other,Probe
3077,tcp,smtp,Normal
3078,tcp,private,DoS
3079,tcp,http,Normal
3080,icmp,ecr_i,DoS
3081,tcp,smtp,Normal
3082,tcp,private,DoS
3083,tcp,http,Normal
3084,tcp,private,DoS
3085,tcp,courier,DoS
3086,tcp,http,Normal
3087,tcp,other,Normal
3088,tcp,http,Normal
3089,tcp,other,Normal
3090,tcp,http,Normal
3091,tcp,ftp,Normal
3092,tcp,other,Normal
3093,tcp,telnet,Normal
3094,tcp,private,DoS
3095,tcp,private,DoS
3096,tcp,smtp,Normal
3097,tcp,smtp,Normal
3098,tcp,http,Normal
3099,tcp,private,DoS
3100,tcp,http,Normal
3101,udp,domain_u,Normal
3102,tcp,other,DoS
3103,tcp,private,DoS
3104,tcp,http,Normal
3105,icmp,ecr_i,DoS
3106,tcp,http,Normal
3107,tcp,http,Normal
3108,udp,private,Normal
3109,tcp,smtp,Normal
3110,tcp,http,Normal
3111,tcp,telnet,Normal
3112,tcp,http,Normal
3113,tcp,other,Normal
3114,tcp,ftp,Normal
3115,tcp,http,Normal
3116,tcp,http,Normal
3117,icmp,ecr_i,DoS
3118,tcp,iso_tsap,DoS
3119,tcp,telnet,DoS
3120,tcp,telnet,Normal
3121,icmp,ecr_i,DoS
3122,tcp,iso_tsap,DoS
3123,tcp,other,Normal
3124,tcp,http,Normal
3125,udp,private,DoS
3126,tcp,http,Normal
3127,tcp,http,Normal
3128,tcp,private,DoS
3129,tcp,ftp,Normal
3130,tcp,http,Normal
3131,tcp,other,Probe
3132,tcp,other,Probe
3133,tcp,smtp,Normal
3134,tcp,http,Normal
3135,tcp,telnet,Normal
3136,udp,private,Normal
3137,tcp,private,DoS
3138,tcp,private,DoS
3139,tcp,ftp,Normal
3140,tcp,other,Probe
3141,tcp,private,DoS
3142,tcp,private,DoS
3143,udp,private,DoS
3144,tcp,http,Normal
3145,tcp,http,Normal
3146,tcp,http,Normal
3147,tcp,other,Normal
3148,tcp,telnet,R2L
3149,tcp,private,DoS
3150,tcp,ftp,Normal
3151,tcp,http,Normal
3152,tcp,http,Normal
3153,tcp,private,Probe
3154,tcp,finger,DoS
3155,tcp,private,DoS
3156,tcp,private,Probe
3157,udp,private,Normal
3158,tcp,http,Normal
3159,tcp,ftp_data,R2L
3160,tcp,other,DoS
3161,tcp,http,Normal
3162,tcp,http,Normal
3163,tcp,ftp_data,Normal
3164,tcp,uucp_path,DoS
3165,tcp,private,DoS
3166,tcp,private,DoS
3167,tcp,http,Normal
3168,tcp,http,Normal
3169,tcp,http,Normal
3170,tcp,http,Normal
3171,tcp,private,DoS
3172,tcp,private,DoS
3173,tcp,http,Normal
3174,tcp,http,Normal
3175,tcp,http,DoS
3176,udp,private,DoS
3177,tcp,http,Normal
3178,tcp,ftp_data,Normal
3179,tcp,telnet,DoS
3180,tcp,http,DoS
3181,tcp,telnet,Normal
3182,tcp,private,DoS
3183,tcp,telnet,Normal
3184,tcp,http,Normal
3185,tcp,http,Normal
3186,tcp,smtp,Normal
3187,tcp,finger,Normal
3188,tcp,smtp,Normal
3189,tcp,ftp_data,R2L
3190,tcp,http,Normal
3191,tcp,uucp,DoS
3192,icmp,ecr_i,DoS
3193,tcp,http,DoS
3194,udp,private,Normal
3195,tcp,http,DoS
3196,tcp,private,DoS
3197,tcp,http,Normal
3198,tcp,ftp_data,Normal
3199,tcp,http,DoS
3200,icmp,ecr_i,DoS
3201,udp,private,DoS
3202,tcp,telnet,Normal
3203,tcp,http,Normal
3204,udp,private,Normal
3205,tcp,other,Normal
3206,tcp,smtp,Normal
3207,tcp,other,Probe
3208,tcp,http,Normal
3209,tcp,telnet,Normal
3210,tcp,http,Normal
3211,tcp,http,Normal
3212,tcp,http,Normal
3213,tcp,http,Normal
3214,tcp,private,DoS
3215,tcp,courier,DoS
3216,tcp,private,DoS
3217,tcp,ftp_data,R2L
3218,tcp,private,DoS
3219,tcp,http,Normal
3220,tcp,telnet,Normal
3221,tcp,http,Normal
3222,tcp,private,DoS
3223,tcp,ftp,Normal
3224,tcp,smtp,Normal
3225,tcp,telnet,Normal
3226,tcp,http,Normal
3227,tcp,other,Normal
3228,tcp,other,Normal
3229,tcp,other,DoS
3230,tcp,uucp,DoS
3231,tcp,ftp,DoS
3232,udp,private,Probe
3233,tcp,http,Normal
3234,tcp,ftp_data,DoS
3235,tcp,http,Normal
3236,udp,domain_u,Normal
3237,udp,domain_u,Normal
3238,tcp,http,Normal
3239,tcp,other,Probe
3240,tcp,http,Normal
3241,tcp,other,Normal
3242,tcp,http,Normal
3243,tcp,telnet,Normal
3244,tcp,http,Normal
3245,udp,domain_u,Normal
3246,tcp,http,DoS
3247,udp,private,DoS
3248,tcp,other,Normal
3249,tcp,smtp,Normal
3250,tcp,http,DoS
3251,tcp,http,Normal
3252,udp,private,Normal
3253,tcp,http,Normal
3254,tcp,private,DoS
3255,tcp,http,Normal
3256,tcp,private,DoS
3257,tcp,telnet,Normal
3258,tcp,private,DoS
3259,tcp,http,Normal
3260,tcp,http,Normal
3261,tcp,whois,DoS
3262,tcp,http,Normal
3263,tcp,http,Normal
3264,tcp,http,Normal
3265,tcp,ftp_data,Normal
3266,tcp,telnet,DoS
3267,tcp,private,DoS
3268,tcp,other,Normal
3269,tcp,private,DoS
3270,tcp,private,DoS
3271,tcp,other,DoS
3272,tcp,smtp,Normal
3273,tcp,http,Normal
3274,tcp,http,DoS
3275,tcp,private,DoS
3276,udp,private,Normal
3277,tcp,ftp,Normal
3278,udp,other,Probe
3279,tcp,other,Probe
3280,tcp,http,Normal
3281,tcp,http,Normal
3282,tcp,private,DoS
3283,icmp,eco_i,Probe
3284,udp,private,Normal
3285,tcp,http,Normal
3286,udp,domain_u,Normal
3287,tcp,http,Normal
3288,tcp,other,DoS
3289,tcp,other,Probe
3290,tcp,http,Normal
3291,tcp,other,Probe
3292,tcp,other,Normal
3293,tcp,http,Normal
3294,tcp,http,DoS
3295,udp,private,Probe
3296,tcp,http,Normal
3297,udp,private,Normal
3298,tcp,ftp,Normal
3299,tcp,http,Normal
3300,tcp,http,DoS
3301,tcp,http,DoS
3302,tcp,other,Normal
3303,tcp,http,Normal
3304,tcp,other,Probe
3305,tcp,other,Normal
3306,tcp,ftp,Normal
3307,tcp,http,Normal
3308,tcp,other,DoS
3309,tcp,private,DoS
3310,tcp,http,Normal
3311,tcp,http,Normal
3312,tcp,other,DoS
3313,tcp,other,Probe
3314,tcp,private,DoS
3315,tcp,other,Probe
3316,udp,private,Normal
3317,udp,private,DoS
3318,tcp,telnet,Normal
3319,tcp,other,Normal
3320,udp,private,DoS
3321,tcp,http,Normal
3322,tcp,http,Normal
3323,udp,domain_u,Normal
3324,tcp,telnet,Normal
3325,icmp,ecr_i,DoS
3326,tcp,http,Normal
3327,tcp,private,DoS
3328,tcp,http,Normal
3329,tcp,private,DoS
3330,tcp,private,DoS
3331,tcp,ftp,DoS
3332,tcp,http,Normal
3333,udp,other,Normal
3334,tcp,ftp_data,R2L
3335,tcp,http,Normal
3336,tcp,http,DoS
3337,tcp,http,Normal
3338,tcp,other,Probe
3339,tcp,http,Normal
3340,tcp,http,Normal
3341,tcp,other,Normal
3342,tcp,private,DoS
3343,tcp,http,DoS
3344,tcp,http,DoS
3345,tcp,http,Normal
3346,tcp,http,Normal
3347,tcp,finger,Normal
3348,tcp,ftp,DoS
3349,tcp,private,DoS
3350,tcp,private,DoS
3351,tcp,private,DoS
3352,tcp,http,Normal
3353,tcp,smtp,Normal
3354,tcp,courier,DoS
3355,tcp,http,Normal
3356,tcp,private,Probe
3357,tcp,http,Normal
3358,tcp,http,DoS
3359,udp,private,Normal
3360,tcp,whois,DoS
3361,tcp,telnet,Normal
3362,tcp,private,DoS
3363,udp,private,DoS
3364,tcp,http,Normal
3365,tcp,smtp,Normal
3366,tcp,http,Normal
3367,tcp,telnet,Normal
3368,tcp,http,Normal
3369,tcp,other,Probe
3370,tcp,http,DoS
3371,tcp,telnet,DoS
3372,tcp,private,DoS
3373,tcp,http,Normal
3374,tcp,smtp,Normal
3375,tcp,http,Normal
3376,tcp,other,Normal
3377,tcp,ftp_data,Normal
3378,tcp,http,DoS
3379,tcp,ftp,Normal
3380,tcp,http,Normal
3381,icmp,ecr_i,DoS
3382,tcp,http,Normal
3383,tcp,other,Probe
3384,tcp,http,DoS
3385,tcp,http,Normal
3386,udp,domain_u,Normal
3387,tcp,telnet,Normal
3388,icmp,eco_i,Probe
3389,tcp,http,Normal
3390,tcp,telnet,Normal
3391,tcp,http,DoS
3392,tcp,http,Normal
3393,tcp,private,DoS
3394,tcp,ftp,Normal
3395,udp,private,Normal
3396,tcp,private,Probe
3397,tcp,telnet,Normal
3398,tcp,http,DoS
3399,udp,domain_u,Normal
3400,tcp,http,Normal
3401,tcp,http,Normal
3402,tcp,private,DoS
3403,tcp,ftp,DoS
3404,udp,private,Normal
3405,tcp,telnet,Normal
3406,tcp,courier,DoS
3407,tcp,ftp_data,Normal
3408,tcp,private,DoS
3409,tcp,telnet,Normal
3410,tcp,http,DoS
3411,udp,private,DoS
3412,tcp,other,Normal
3413,tcp,smtp,Normal
3414,icmp,ecr_i,DoS
3415,tcp,http,Normal
3416,tcp,http,DoS
3417,tcp,telnet,Normal
3418,udp,private,Normal
3419,tcp,private,DoS
3420,tcp,ftp_data,Normal
3421,tcp,http,Normal
3422,tcp,other,Probe
3423,tcp,private,DoS
3424,tcp,smtp,Normal
3425,tcp,other,Probe
3426,tcp,http,Normal
3427,udp,other,Normal
3428,tcp,other,Probe
3429,tcp,private,DoS
3430,tcp,http,DoS
3431,tcp,telnet,Normal
3432,udp,other,Normal
3433,icmp,ecr_i,DoS
3434,tcp,http,Normal
3435,tcp,other,Normal
3436,tcp,telnet,Normal
3437,tcp,http,Normal
3438,tcp,telnet,Normal
3439,tcp,other,Normal
3440,tcp,http,Normal
3441,tcp,bgp,DoS
3442,tcp,http,Normal
3443,tcp,http,DoS
3444,tcp,private,DoS
3445,tcp,other,Normal
3446,tcp,http,Normal
3447,tcp,other,DoS
3448,tcp,private,Probe
3449,tcp,telnet,Probe
3450,udp,domain_u,Normal
3451,tcp,other,Normal
3452,udp,domain_u,Normal
3453,tcp,private,DoS
3454,tcp,http,Normal
3455,udp,private,Normal
3456,udp,private,Normal
3457,tcp,smtp,Normal
3458,udp,private,Normal
3459,icmp,ecr_i,DoS
3460,tcp,http,Normal
3461,tcp,other,Normal
3462,tcp,telnet,Normal
3463,tcp,private,DoS
3464,tcp,other,Probe
3465,tcp,other,DoS
3466,tcp,http,Normal
3467,tcp,telnet,Normal
3468,tcp,telnet,Normal
3469,tcp,other,DoS
3470,tcp,other,DoS
3471,udp,private,Normal
3472,udp,private,DoS
3473,tcp,http,Normal
3474,tcp,smtp,Normal
3475,tcp,http,DoS
3476,tcp,http,Normal
3477,tcp,private,DoS
3478,tcp,uucp_path,DoS
3479,udp,domain_u,Normal
3480,tcp,other,Probe
3481,tcp,smtp,Normal
3482,tcp,other,Normal
3483,tcp,telnet,Normal
3484,tcp,smtp,Normal
3485,udp,private,Normal
3486,tcp,http,Probe
3487,tcp,http,Normal
3488,tcp,http,Normal
3489,icmp,ecr_i,DoS
3490,tcp,http,DoS
3491,tcp,private,DoS
3492,tcp,other,Normal
3493,tcp,ftp_data,Normal
3494,udp,private,DoS
3495,tcp,other,Probe
3496,tcp,http,DoS
3497,udp,private,DoS
3498,tcp,http,Normal
3499,tcp,bgp,DoS
3500,tcp,other,Normal
3501,tcp,http,Normal
3502,tcp,other,DoS
3503,tcp,http,Normal
3504,tcp,ftp,Normal
3505,icmp,ecr_i,DoS
3506,udp,private,Normal
3507,tcp,other,Probe
3508,tcp,private,DoS
3509,tcp,http,Normal
3510,tcp,http,Normal
3511,tcp,http,Normal
3512,tcp,http,Normal
3513,udp,private,Normal
3514,tcp,http,DoS
3515,tcp,private,DoS
3516,tcp,ftp,Normal
3517,icmp,eco_i,Probe
3518,tcp,other,Normal
3519,tcp,http,Normal
3520,tcp,ftp_data,R2L
3521,tcp,telnet,Normal
3522,tcp,telnet,Normal
3523,tcp,telnet,Normal
3524,tcp,ftp_data,Probe
3525,tcp,private,DoS
3526,tcp,http,Normal
3527,tcp,http,Normal
3528,tcp,uucp,DoS
3529,tcp,http,DoS
3530,tcp,telnet,DoS
3531,tcp,http,Normal
3532,tcp,ftp,Normal
3533,tcp,http,Normal
3534,tcp,http,Normal
3535,tcp,other,Normal
3536,icmp,ecr_i,DoS
3537,tcp,telnet,Normal
3538,udp,domain_u,Normal
3539,tcp,other,Normal
3540,tcp,private,DoS
3541,tcp,http,Normal
3542,udp,domain_u,Normal
3543,tcp,other,Probe
3544,tcp,other,Normal
3545,tcp,http,Normal
3546,tcp,private,DoS
3547,tcp,smtp,Normal
3548,tcp,http,Normal
3549,tcp,Z39_50,DoS
3550,tcp,other,Probe
3551,udp,private,Probe
3552,tcp,private,DoS
3553,tcp,http,Normal
3554,icmp,ecr_i,DoS
3555,tcp,other,Probe
3556,udp,private,Normal
3557,tcp,private,DoS
3558,tcp,http,Normal
3559,udp,private,Normal
3560,tcp,telnet,Normal
3561,tcp,other,Probe
3562,tcp,other,Probe
3563,tcp,http,Normal
3564,tcp,smtp,Normal
3565,tcp,ftp_data,R2L
3566,tcp,http,Normal
3567,tcp,http,DoS
3568,tcp,private,DoS
3569,tcp,ftp,Normal
3570,udp,domain_u,Normal
3571,tcp,http,Normal
3572,tcp,private,DoS
3573,tcp,http,DoS
3574,tcp,smtp,Normal
3575,tcp,http,Normal
3576,tcp,smtp,Normal
3577,tcp,ftp_data,R2L
3578,tcp,http,Normal
3579,tcp,private,Probe
3580,tcp,telnet,Normal
3581,icmp,eco_i,Probe
3582,tcp,smtp,Normal
3583,tcp,smtp,Normal
3584,tcp,private,DoS
3585,tcp,http,DoS
3586,icmp,ecr_i,DoS
3587,tcp,private,Probe
3588,tcp,ftp_data,R2L
3589,tcp,private,DoS
3590,udp,other,Normal
3591,tcp,http,Normal
3592,tcp,http,Normal
3593,tcp,private,DoS
3594,tcp,http,Normal
3595,tcp,http,Normal
3596,tcp,other,DoS
3597,udp,domain_u,Normal
3598,tcp,private,DoS
3599,tcp,private,DoS
3600,tcp,http,Normal
3601,tcp,http,DoS
3602,tcp,other,DoS
3603,tcp,http,Normal
3604,tcp,http,Normal
3605,tcp,http,Normal
3606,tcp,other,DoS
3607,tcp,smtp,Normal
3608,tcp,private,DoS
3609,tcp,other,Probe
3610,tcp,other,DoS
3611,tcp,other,DoS
3612,tcp,http,Normal
3613,tcp,smtp,Normal
3614,tcp,http,Normal
3615,tcp,http,Normal
3616,tcp,private,DoS
3617,tcp,http,DoS
3618,udp,domain_u,Normal
3619,icmp,ecr_i,DoS
3620,icmp,ecr_i,DoS
3621,tcp,telnet,U2R
3622,tcp,private,DoS
3623,tcp,private,DoS
3624,tcp,ftp,Normal
3625,tcp,http,Normal
3626,tcp,other,Normal
3627,tcp,http,Normal
3628,tcp,other,DoS
3629,tcp,ftp_data,Normal
3630,tcp,other,DoS
3631,tcp,uucp,DoS
3632,icmp,eco_i,Probe
3633,udp,domain_u,Normal
3634,tcp,http,Normal
3635,tcp,other,DoS
3636,tcp,other,Probe
3637,tcp,http,DoS
3638,tcp,smtp,Normal
3639,tcp,http,Normal
3640,udp,other,Normal
3641,tcp,other,DoS
3642,tcp,http,DoS
3643,tcp,http,Normal
3644,udp,private,Normal
3645,tcp,private,DoS
3646,udp,private,Probe
3647,icmp,ecr_i,DoS
3648,tcp,http,DoS
3649,tcp,telnet,DoS
3650,tcp,ftp_data,Normal
3651,tcp,other,DoS
3652,tcp,telnet,Normal
3653,icmp,eco_i,Probe
3654,tcp,http,DoS
3655,tcp,telnet,Normal
3656,tcp,http,Normal
3657,tcp,other,Normal
3658,tcp,other,Probe
3659,tcp,other,DoS
3660,tcp,private,DoS
3661,tcp,private,DoS
3662,tcp,smtp,Normal
3663,tcp,telnet,Normal
3664,icmp,eco_i,Probe
3665,tcp,private,DoS
3666,tcp,http,Normal
3667,tcp,http,Normal
3668,tcp,private,DoS
3669,tcp,private,DoS
3670,tcp,other,DoS
3671,tcp,private,DoS
3672,tcp,other,Probe
3673,udp,private,Normal
3674,tcp,other,Probe
3675,tcp,other,DoS
3676,tcp,smtp,Normal
3677,udp,domain_u,Normal
3678,tcp,http,Normal
3679,tcp,ftp_data,Normal
3680,tcp,other,DoS
3681,icmp,ecr_i,DoS
3682,udp,other,Normal
3683,tcp,private,DoS
3684,tcp,other,Normal
3685,tcp,ftp_data,Normal
3686,udp,domain_u,Normal
3687,tcp,Z39_50,DoS
3688,tcp,private,DoS
3689,tcp,other,Normal
3690,tcp,private,DoS
3691,udp,private,DoS
3692,tcp,other,DoS
3693,icmp,ecr_i,DoS
3694,tcp,private,DoS
3695,tcp,other,DoS
3696,tcp,http,Normal
3697,tcp,telnet,Normal
3698,tcp,private,Probe
3699,tcp,private,DoS
3700,tcp,ftp_data,Normal
3701,tcp,http,Normal
3702,tcp,http,Normal
3703,tcp,http,Normal
3704,tcp,other,Probe
3705,udp,private,Normal
3706,tcp,other,Probe
3707,tcp,other,Normal
3708,icmp,ecr_i,DoS
3709,tcp,http,Normal
3710,tcp,http,Normal
3711,tcp,http,Normal
3712,tcp,ftp,Normal
3713,tcp,http,Normal
3714,tcp,other,DoS
3715,tcp,http,Normal
3716,tcp,private,DoS
3717,tcp,ftp_data,Normal
3718,tcp,other,DoS
3719,udp,private,Normal
3720,tcp,http,DoS
3721,tcp,private,DoS
3722,tcp,http,DoS
3723,tcp,http,Normal
3724,udp,other,Normal
3725,tcp,http,Normal
3726,udp,private,Probe
3727,tcp,other,Normal
3728,tcp,http,Normal
3729,udp,private,Normal
3730,tcp,http,Normal
3731,tcp,telnet,Normal
3732,tcp,smtp,Normal
3733,tcp,http,Normal
3734,tcp,http,Normal
3735,icmp,ecr_i,DoS
3736,udp,private,Normal
3737,tcp,http,Normal
3738,tcp,http,DoS
3739,tcp,http,Normal
3740,tcp,http,Normal
3741,tcp,http,Normal
3742,tcp,http,Normal
3743,icmp,ecr_i,DoS
3744,tcp,ftp_data,Normal
3745,tcp,http,DoS
3746,tcp,http,Normal
3747,udp,private,DoS
3748,icmp,ecr_i,DoS
3749,tcp,http,Normal
3750,udp,domain_u,Normal
3751,tcp,other,Probe
3752,tcp,http,Normal
3753,tcp,http,Normal
3754,tcp,private,Probe
3755,tcp,telnet,Normal
3756,udp,domain_u,Normal
3757,tcp,http,Normal
3758,tcp,http,Normal
3759,tcp,http,Normal
3760,tcp,telnet,Normal
3761,tcp,ftp,Normal
3762,tcp,auth,Normal
3763,tcp,http,DoS
3764,tcp,ftp_data,R2L
3765,udp,private,Probe
3766,tcp,other,Probe
3767,tcp,ftp,Normal
3768,tcp,http,Normal
3769,icmp,ecr_i,DoS
3770,tcp,telnet,Normal
3771,icmp,ecr_i,DoS
3772,tcp,http,Normal
3773,tcp,other,DoS
3774,icmp,eco_i,Probe
3775,icmp,eco_i,Normal
3776,tcp,private,DoS
3777,tcp,ftp,Normal
3778,tcp,ftp,DoS
3779,tcp,private,DoS
3780,tcp,telnet,Normal
3781,tcp,telnet,Normal
3782,tcp,ftp,Normal
3783,tcp,telnet,Normal
3784,tcp,private,Probe
3785,tcp,http,Normal
3786,tcp,http,DoS
3787,tcp,http,Normal
3788,tcp,ftp_data,R2L
3789,tcp,http,Normal
3790,tcp,http,Normal
3791,tcp,http,Normal
3792,tcp,telnet,Normal
3793,udp,domain_u,Normal
3794,tcp,http,Normal
3795,tcp,http,Normal
3796,tcp,private,Probe
3797,tcp,other,Normal
3798,tcp,other,Probe
3799,tcp,telnet,Normal
3800,udp,private,Normal
3801,tcp,http,Normal
3802,tcp,http,Normal
3803,tcp,other,Probe
3804,tcp,private,DoS
3805,tcp,http,Normal
3806,tcp,http,Normal
3807,tcp,telnet,Normal
3808,tcp,other,DoS
3809,tcp,private,DoS
3810,tcp,private,DoS
3811,icmp,ecr_i,DoS
3812,tcp,ftp_data,Normal
3813,tcp,http,DoS
3814,tcp,http,Normal
3815,tcp,http,Normal
3816,tcp,bgp,DoS
3817,tcp,http,Normal
3818,tcp,private,DoS
3819,tcp,other,Normal
3820,tcp,smtp,Normal
3821,tcp,other,DoS
3822,icmp,ecr_i,DoS
3823,tcp,private,DoS
3824,icmp,ecr_i,DoS
3825,icmp,eco_i,Probe
3826,tcp,smtp,Normal
3827,udp,private,DoS
3828,tcp,http,Normal
3829,tcp,http,Normal
3830,tcp,http,Normal
3831,tcp,other,Normal
3832,icmp,ecr_i,DoS
3833,tcp,private,DoS
3834,tcp,private,DoS
3835,tcp,other,DoS
3836,tcp,other,Normal
3837,tcp,private,DoS
3838,tcp,http,Normal
3839,tcp,other,Normal
3840,tcp,http,Normal
3841,icmp,ecr_i,DoS
3842,tcp,http,DoS
3843,tcp,http,Normal
3844,udp,private,Normal
3845,icmp,eco_i,Probe
3846,tcp,other,Normal
3847,tcp,other,DoS
3848,tcp,http,Normal
3849,tcp,finger,DoS
3850,tcp,telnet,Normal
3851,tcp,http,Normal
3852,tcp,private,DoS
3853,tcp,http,DoS
3854,tcp,private,DoS
3855,tcp,telnet,DoS
3856,tcp,private,DoS
3857,tcp,auth,Normal
3858,tcp,smtp,Normal
3859,tcp,other,Probe
3860,tcp,other,DoS
3861,udp,private,DoS
3862,tcp,telnet,Normal
3863,udp,private,DoS
3864,udp,domain_u,Normal
3865,icmp,ecr_i,DoS
3866,tcp,http,Normal
3867,tcp,private,DoS
3868,tcp,http,Normal
3869,tcp,http,Normal
3870,udp,domain_u,Normal
3871,icmp,ecr_i,DoS
3872,udp,domain_u,Normal
3873,tcp,http,DoS
3874,udp,private,Normal
3875,tcp,private,DoS
3876,tcp,http,Normal
3877,tcp,private,DoS
3878,tcp,telnet,Normal
3879,tcp,courier,DoS
3880,udp,domain_u,Normal
3881,tcp,other,DoS
3882,udp,private,Probe
3883,tcp,other,Normal
3884,tcp,private,DoS
3885,tcp,http,Normal
3886,tcp,http,Normal
3887,tcp,other,Probe
3888,tcp,private,DoS
3889,tcp,private,DoS
3890,tcp,smtp,Normal
3891,tcp,ftp_data,Normal
3892,tcp,ftp,Probe
3893,tcp,private,Probe
3894,udp,private,DoS
3895,tcp,ftp_data,Normal
3896,tcp,other,Probe
3897,tcp,other,Normal
3898,tcp,telnet,Normal
3899,tcp,iso_tsap,DoS
3900,tcp,http,Normal
3901,tcp,smtp,Normal
3902,tcp,private,DoS
3903,tcp,http,DoS
3904,tcp,private,DoS
3905,tcp,telnet,Normal
3906,tcp,http,Normal
3907,tcp,private,DoS
3908,tcp,http,Normal
3909,tcp,other,Probe
3910,tcp,http,Normal
3911,udp,domain_u,Normal
3912,tcp,http,Normal
3913,tcp,other,Normal
3914,tcp,other,Normal
3915,tcp,http,Normal
3916,udp,private,Probe
3917,tcp,other,Normal
3918,tcp,private,DoS
3919,tcp,http,Normal
3920,tcp,smtp,Normal
3921,tcp,http,Normal
3922,tcp,http,DoS
3923,udp,private,Probe
3924,udp,domain_u,Normal
3925,udp,domain_u,Normal
3926,udp,domain_u,Normal
3927,tcp,ftp,Normal
3928,icmp,eco_i,Probe
3929,tcp,http,Normal
3930,tcp,other,Normal
3931,tcp,telnet,Normal
3932,tcp,http,Normal
3933,tcp,http,Normal
3934,tcp,http,Normal
3935,tcp,other,DoS
3936,tcp,telnet,DoS
3937,tcp,ftp_data,Normal
3938,tcp,ftp,Normal
3939,tcp,private,DoS
3940,tcp,private,DoS
3941,tcp,smtp,Normal
3942,tcp,other,DoS
3943,tcp,http,Normal
3944,tcp,http,Normal
3945,tcp,other,DoS
3946,udp,domain_u,Normal
3947,udp,private,Normal
3948,tcp,http,Normal
3949,tcp,other,Normal
3950,tcp,other,Normal
3951,tcp,http,Normal
3952,udp,private,Normal
3953,tcp,private,DoS
3954,tcp,other,DoS
3955,tcp,http,Normal
3956,tcp,other,Normal
3957,tcp,http,Normal
3958,tcp,private,DoS
3959,tcp,other,Normal
3960,tcp,other,Normal
3961,tcp,telnet,U2R
3962,tcp,other,Normal
3963,tcp,private,Probe
3964,tcp,other,Probe
3965,tcp,http,Normal
3966,tcp,ftp_data,DoS
3967,tcp,other,Normal
3968,tcp,http,Normal
3969,tcp,private,DoS
3970,tcp,ftp,DoS
3971,udp,private,DoS
3972,tcp,finger,Normal
3973,tcp,smtp,Normal
3974,tcp,http,Normal
3975,tcp,ftp_data,Normal
3976,tcp,telnet,Normal
3977,tcp,other,Probe
3978,udp,private,Normal
3979,udp,private,Normal
3980,tcp,http,Normal
3981,tcp,http,Normal
3982,tcp,ftp,Normal
3983,tcp,http,Normal
3984,tcp,http,Normal
3985,udp,private,Normal
3986,tcp,finger,Normal
3987,tcp,private,DoS
3988,tcp,private,DoS
3989,tcp,http,Normal
3990,tcp,other,DoS
3991,tcp,http,Normal
3992,tcp,telnet,Normal
3993,tcp,http,Normal
3994,udp,domain_u,Normal
3995,tcp,http,Normal
3996,icmp,ecr_i,DoS
3997,udp,domain_u,Normal
3998,tcp,other,Probe
3999,tcp,ftp,Normal
4000,tcp,other,Probe
4001,tcp,http,Normal
4002,udp,domain_u,Normal
4003,tcp,http,DoS
4004,tcp,private,DoS
4005,tcp,private,DoS
4006,icmp,ecr_i,DoS
4007,tcp,private,DoS
4008,tcp,http,Normal
4009,tcp,telnet,Normal
4010,tcp,http,DoS
4011,tcp,http,DoS
4012,tcp,telnet,Normal
4013,tcp,http,Normal
4014,tcp,private,DoS
4015,tcp,smtp,Normal
4016,udp,domain_u,Normal
4017,tcp,private,Probe
4018,udp,other,Probe
4019,tcp,ftp_data,Normal
4020,tcp,private,DoS
4021,tcp,http,Normal
4022,tcp,smtp,Normal
4023,icmp,ecr_i,DoS
4024,icmp,ecr_i,DoS
4025,udp,private,Normal
4026,tcp,smtp,Normal
4027,tcp,http,Normal
4028,tcp,other,Normal
4029,icmp,ecr_i,DoS
4030,icmp,eco_i,Normal
4031,tcp,private,DoS
4032,udp,domain_u,Normal
4033,tcp,private,DoS
4034,tcp,other,Probe
4035,tcp,private,Probe
4036,tcp,http,Normal
4037,tcp,http,Normal
4038,tcp,smtp,Normal
4039,tcp,http,DoS
4040,tcp,http,Normal
4041,tcp,http,Normal
4042,tcp,other,Probe
4043,tcp,private,DoS
4044,icmp,ecr_i,DoS
4045,tcp,http,Normal
4046,tcp,telnet,Normal
4047,tcp,private,DoS
4048,udp,private,DoS
4049,udp,domain_u,Normal
4050,tcp,telnet,Normal
4051,tcp,private,DoS
4052,udp,private,Normal
4053,tcp,telnet,DoS
4054,tcp,uucp,DoS
4055,udp,private,Probe
4056,tcp,other,DoS
4057,tcp,other,Normal
4058,tcp,http,Normal
4059,tcp,http,Normal
4060,tcp,http,Normal
4061,tcp,telnet,Normal
4062,tcp,private,DoS
4063,tcp,http,Normal
4064,tcp,private,DoS
4065,tcp,http,Normal
4066,tcp,private,Probe
4067,tcp,telnet,Normal
4068,tcp,private,DoS
4069,udp,private,Probe
4070,tcp,other,DoS
4071,tcp,other,Normal
4072,tcp,http,Normal
4073,tcp,http,DoS
4074,tcp,http,Normal
4075,udp,private,Normal
4076,tcp,http,Normal
4077,udp,private,Probe
4078,icmp,ecr_i,DoS
4079,tcp,http,Normal
4080,icmp,ecr_i,DoS
4081,udp,domain_u,Normal
4082,udp,private,Normal
4083,tcp,ftp_data,Normal
4084,tcp,http,Normal
4085,tcp,private,Probe
4086,tcp,private,Probe
4087,tcp,private,DoS
4088,tcp,other,Probe
4089,tcp,http,Normal
4090,tcp,http,Normal
4091,tcp,http,Normal
4092,udp,domain_u,Normal
4093,tcp,http,DoS
4094,udp,other,Normal
4095,tcp,http,DoS
4096,udp,private,Normal
4097,tcp,http,Normal
4098,tcp,http,Normal
4099,tcp,telnet,Normal
4100,tcp,private,DoS
4101,udp,private,Normal
4102,tcp,http,Normal
4103,tcp,http,Normal
4104,tcp,http,DoS
4105,tcp,http,DoS
4106,tcp,private,DoS
4107,tcp,http,Normal
4108,tcp,other,Normal
4109,tcp,ftp_data,R2L
4110,tcp,telnet,Normal
4111,icmp,ecr_i,DoS
4112,tcp,private,DoS
4113,tcp,private,Probe
4114,tcp,other,DoS
4115,udp,private,DoS
4116,tcp,other,DoS
4117,tcp,private,DoS
4118,tcp,other,DoS
4119,tcp,http,Normal
4120,tcp,http,Normal
4121,tcp,http,Normal
4122,tcp,other,Probe
4123,tcp,http,Normal
4124,udp,private,Normal
4125,icmp,eco_i,Probe
4126,tcp,http,Normal
4127,tcp,telnet,Normal
4128,tcp,telnet,DoS
4129,tcp,http,Normal
4130,tcp,private,DoS
4131,tcp,http,Normal
4132,tcp,http,Normal
4133,tcp,telnet,Normal
4134,tcp,http,Normal
4135,tcp,http,Normal
4136,udp,domain_u,Normal
4137,tcp,smtp,Normal
4138,tcp,http,Normal
4139,tcp,private,DoS
4140,tcp,time,DoS
4141,tcp,other,Normal
4142,tcp,telnet,Normal
4143,tcp,private,DoS
4144,tcp,http,Normal
4145,tcp,http,Normal
4146,tcp,telnet,Normal
4147,tcp,http,Normal
4148,tcp,http,DoS
4149,tcp,other,Normal
4150,udp,private,Probe
4151,tcp,telnet,Normal
4152,tcp,http,Normal
4153,tcp,http,Normal
4154,tcp,http,Normal
4155,tcp,http,Normal
4156,tcp,http,Normal
4157,tcp,telnet,Normal
4158,tcp,telnet,Normal
4159,tcp,ftp_data,Normal
4160,tcp,http,Normal
4161,tcp,http,Normal
4162,tcp,smtp,Normal
4163,tcp,http,Normal
4164,tcp,http,Normal
4165,tcp,ftp_data,Normal
4166,tcp,telnet,Normal
4167,tcp,telnet,Normal
4168,tcp,telnet,Normal
4169,tcp,private,DoS
4170,tcp,telnet,Normal
4171,tcp,telnet,Normal
4172,tcp,http,Normal
4173,tcp,http,DoS
4174,icmp,ecr_i,DoS
4175,tcp,http,Normal
4176,tcp,http,DoS
4177,udp,domain_u,Normal
4178,tcp,http,DoS
4179,tcp,other,Normal
4180,tcp,ftp_data,Normal
4181,tcp,private,DoS
4182,tcp,http,Normal
4183,tcp,http,Normal
4184,tcp,private,DoS
4185,tcp,http,Normal
4186,tcp,other,Normal
4187,tcp,ftp,Normal
4188,tcp,ftp_data,Normal
4189,tcp,ftp_data,Normal
4190,tcp,private,DoS
4191,tcp,http,Normal
4192,tcp,other,Probe
4193,tcp,private,DoS
4194,tcp,http,Normal
4195,tcp,other,Probe
4196,tcp,http,Normal
4197,tcp,http,Normal
4198,tcp,private,DoS
4199,udp,private,Normal
4200,tcp,smtp,Normal
4201,tcp,http,Normal
4202,tcp,http,Normal
4203,tcp,other,Normal
4204,tcp,http,Normal
4205,tcp,other,Normal
4206,tcp,smtp,Normal
4207,tcp,http,Normal
4208,tcp,http,Normal
4209,tcp,telnet,Normal
4210,icmp,ecr_i,DoS
4211,tcp,smtp,Normal
4212,tcp,other,Probe
4213,icmp,ecr_i,DoS
4214,tcp,other,Probe
4215,udp,domain_u,Normal
4216,tcp,other,Probe
4217,tcp,http,Normal
4218,tcp,http,Normal
4219,tcp,smtp,Normal
4220,tcp,other,Normal
4221,tcp,private,DoS
4222,tcp,http,DoS
4223,tcp,bgp,DoS
4224,tcp,http,DoS
4225,tcp,http,Normal
4226,udp,private,Probe
4227,tcp,http,Normal
4228,tcp,private,DoS
4229,tcp,http,Normal
4230,tcp,other,Normal
4231,tcp,other,DoS
4232,tcp,private,DoS
4233,tcp,telnet,Normal
4234,tcp,private,DoS
4235,tcp,other,Normal
4236,tcp,other,Probe
4237,tcp,http,Normal
4238,tcp,smtp,Normal
4239,tcp,http,Normal
4240,tcp,other,Normal
4241,tcp,http,Normal
4242,tcp,http,Normal
4243,tcp,http,Normal
4244,tcp,other,Normal
4245,tcp,private,DoS
4246,tcp,ftp,Normal
4247,tcp,telnet,Normal
4248,tcp,ftp_data,Normal
4249,tcp,ftp_data,R2L
4250,tcp,http,Normal
4251,tcp,other,Probe
4252,tcp,private,DoS
4253,tcp,http,DoS
4254,tcp,private,DoS
4255,tcp,other,DoS
4256,tcp,http,Normal
4257,tcp,http,Normal
4258,tcp,other,Normal
4259,tcp,http,Normal
4260,tcp,private,DoS
4261,tcp,http,Normal
4262,tcp,iso_tsap,DoS
4263,icmp,eco_i,Probe
4264,tcp,http,Normal
4265,tcp,http,Normal
4266,tcp,http,Normal
4267,tcp,ftp,Normal
4268,tcp,telnet,Normal
4269,tcp,http,Normal
4270,tcp,telnet,Normal
4271,tcp,other,DoS
4272,tcp,private,DoS
4273,tcp,http,Normal
4274,tcp,private,Probe
4275,tcp,private,DoS
4276,tcp,http,Normal
4277,tcp,other,Normal
4278,tcp,http,DoS
4279,tcp,http,Normal
4280,tcp,private,DoS
4281,tcp,other,Normal
4282,tcp,http,DoS
4283,tcp,other,DoS
4284,tcp,private,DoS
4285,tcp,smtp,Normal
4286,tcp,other,DoS
4287,tcp,private,DoS
4288,tcp,http,Normal
4289,tcp,http,DoS
4290,tcp,http,Normal
4291,tcp,telnet,Normal
4292,tcp,other,Probe
4293,tcp,ftp_data,Normal
4294,udp,private,Normal
4295,tcp,uucp_path,DoS
4296,tcp,http,Normal
4297,tcp,http,Normal
4298,tcp,telnet,Normal
4299,tcp,other,Probe
4300,tcp,private,DoS
4301,tcp,http,Normal
4302,tcp,telnet,Normal
4303,tcp,private,Probe
4304,tcp,telnet,DoS
4305,tcp,http,Probe
4306,tcp,http,Normal
4307,tcp,http,DoS
4308,tcp,ftp_data,Normal
4309,tcp,http,Normal
4310,tcp,http,Normal
4311,tcp,ftp_data,R2L
4312,tcp,private,DoS
4313,udp,domain_u,Normal
4314,tcp,private,DoS
4315,tcp,private,DoS
4316,tcp,smtp,Normal
4317,tcp,http,Normal
4318,tcp,private,DoS
4319,tcp,http,Normal
4320,tcp,other,Probe
4321,tcp,http,Normal
4322,udp,domain_u,Normal
4323,tcp,telnet,Normal
4324,tcp,http,Normal
4325,udp,private,Normal
4326,tcp,http,Normal
4327,tcp,smtp,Normal
4328,tcp,finger,DoS
4329,tcp,private,DoS
4330,tcp,http,Normal
4331,tcp,http,Normal
4332,tcp,private,Probe
4333,tcp,telnet,Normal
4334,udp,private,Normal
4335,tcp,other,Probe
4336,tcp,telnet,Normal
4337,tcp,telnet,Normal
4338,tcp,private,DoS
4339,tcp,http,DoS
4340,tcp,other,Probe
4341,tcp,http,Normal
4342,tcp,http,Normal
4343,tcp,smtp,Normal
4344,tcp,other,Probe
4345,tcp,http,Normal
4346,tcp,telnet,DoS
4347,tcp,other,Normal
4348,tcp,telnet,DoS
4349,tcp,http,Normal
4350,tcp,http,Normal
4351,tcp,http,Normal
4352,tcp,telnet,U2R
4353,icmp,ecr_i,DoS
4354,tcp,other,Probe
4355,udp,private,DoS
4356,tcp,private,DoS
4357,tcp,ftp_data,Normal
4358,tcp,http,Normal
4359,tcp,http,Normal
4360,tcp,telnet,Normal
4361,tcp,other,Normal
4362,tcp,other,Normal
4363,tcp,http,Normal
4364,tcp,http,Normal
4365,tcp,private,DoS
4366,tcp,http,Normal
4367,tcp,private,DoS
4368,tcp,http,Normal
4369,tcp,private,DoS
4370,tcp,ftp_data,Normal
4371,tcp,http,Normal
4372,tcp,http,Normal
4373,tcp,private,DoS
4374,tcp,telnet,Normal
4375,tcp,other,Probe
4376,tcp,smtp,Normal
4377,tcp,finger,DoS
4378,icmp,ecr_i,DoS
4379,tcp,auth,Normal
4380,tcp,ftp_data,Normal
4381,tcp,ftp,Normal
4382,tcp,ftp,Normal
4383,tcp,telnet,Normal
4384,tcp,smtp,Normal
4385,udp,domain_u,Normal
4386,tcp,other,DoS
4387,tcp,http,Normal
4388,tcp,private,DoS
4389,tcp,http,Normal
4390,tcp,http,DoS
4391,tcp,private,DoS
4392,tcp,other,Normal
4393,tcp,finger,Normal
4394,tcp,http,Normal
4395,tcp,http,Normal
4396,tcp,finger,Normal
4397,tcp,http,Normal
4398,tcp,http,Normal
4399,tcp,other,Normal
4400,tcp,http,Normal
4401,tcp,private,DoS
4402,tcp,http,Normal
4403,tcp,http,Normal
4404,tcp,private,DoS
4405,udp,private,DoS
4406,icmp,eco_i,Probe
4407,tcp,private,DoS
4408,tcp,http,Normal
4409,tcp,finger,DoS
4410,tcp,smtp,Normal
4411,udp,private,Normal
4412,udp,domain_u,Normal
4413,tcp,smtp,Normal
4414,icmp,eco_i,Probe
4415,tcp,other,Normal
4416,tcp,http,Normal
4417,udp,private,DoS
4418,tcp,private,DoS
4419,tcp,http,Normal
4420,tcp,http,Normal
4421,tcp,private,DoS
4422,tcp,other,Probe
4423,udp,private,DoS
4424,tcp,http,Normal
4425,tcp,private,DoS
4426,icmp,eco_i,Probe
4427,tcp,private,DoS
4428,tcp,private,Probe
4429,tcp,http,Normal
4430,tcp,private,DoS
4431,tcp,ftp,Normal
4432,udp,private,Normal
4433,icmp,ecr_i,DoS
4434,tcp,http,DoS
4435,tcp,http,Normal
4436,tcp,http,DoS
4437,tcp,telnet,Normal
4438,tcp,private,DoS
4439,tcp,http,Normal
4440,udp,domain_u,Normal
4441,tcp,http,Normal
4442,tcp,http,Normal
4443,tcp,telnet,Normal
4444,tcp,telnet,Normal
4445,icmp,ecr_i,DoS
4446,tcp,other,DoS
4447,tcp,other,Probe
4448,tcp,ftp_data,Normal
4449,tcp,http,Normal
4450,tcp,http,Normal
4451,tcp,telnet,Normal
4452,tcp,private,DoS
4453,tcp,http,Normal
4454,tcp,private,DoS
4455,tcp,http,Normal
4456,tcp,http,Normal
4457,tcp,http,DoS
4458,tcp,private,DoS
4459,tcp,http,Normal
4460,udp,private,Normal
4461,tcp,http,Normal
4462,tcp,other,Normal
4463,tcp,http,Normal
4464,tcp,http,Normal
4465,tcp,time,Normal
4466,icmp,eco_i,Normal
4467,tcp,smtp,Normal
4468,udp,private,Probe
4469,udp,domain_u,Normal
4470,tcp,http,Normal
4471,tcp,http,Normal
4472,tcp,smtp,Normal
4473,icmp,ecr_i,DoS
4474,tcp,ftp_data,DoS
4475,tcp,http,Normal
4476,icmp,ecr_i,DoS
4477,tcp,http,Normal
4478,tcp,ftp_data,R2L
4479,udp,private,Normal
4480,tcp,other,DoS
4481,tcp,ftp_data,Normal
4482,tcp,ftp,Normal
4483,tcp,http,Normal
4484,tcp,telnet,Normal
4485,tcp,http,Normal
4486,tcp,telnet,Normal
4487,tcp,http,Normal
4488,tcp,private,DoS
4489,tcp,http,Normal
4490,tcp,http,Normal
4491,tcp,private,DoS
4492,tcp,http,Normal
4493,tcp,http,Normal
4494,icmp,ecr_i,DoS
4495,udp,private,Probe
4496,tcp,other,DoS
4497,tcp,Z39_50,DoS
4498,tcp,private,DoS
4499,udp,private,DoS
4500,tcp,telnet,Normal
4501,tcp,http,Normal
4502,tcp,http,Normal
4503,tcp,http,Normal
4504,tcp,http,Normal
4505,tcp,http,Normal
4506,tcp,ftp_data,R2L
4507,tcp,private,Probe
4508,tcp,private,DoS
4509,tcp,http,Normal
4510,tcp,http,Normal
4511,tcp,ftp,Normal
4512,tcp,http,Normal
4513,tcp,http,Normal
4514,tcp,http,Normal
4515,tcp,ftp_data,R2L
4516,tcp,http,Normal
4517,icmp,ecr_i,DoS
4518,tcp,private,DoS
4519,tcp,private,DoS
4520,tcp,private,DoS
4521,udp,domain_u,Normal
4522,tcp,private,DoS
4523,udp,private,Probe
4524,tcp,other,Normal
4525,tcp,http,Normal
4526,tcp,private,DoS
4527,tcp,private,DoS
4528,tcp,http,Normal
4529,tcp,private,Probe
4530,tcp,private,Probe
4531,tcp,http,Normal
4532,tcp,http,Normal
4533,udp,private,Normal
4534,tcp,ftp_data,Normal
4535,udp,private,Normal
4536,tcp,http,Normal
4537,tcp,iso_tsap,DoS
4538,tcp,http,Normal
4539,tcp,http,Normal
4540,tcp,http,DoS
4541,tcp,private,Probe
4542,tcp,http,Normal
4543,tcp,other,Normal
4544,tcp,http,Normal
4545,tcp,http,Normal
4546,tcp,http,Normal
4547,tcp,http,Normal
4548,tcp,http,DoS
4549,tcp,private,DoS
4550,tcp,other,DoS
4551,tcp,private,DoS
4552,tcp,http,Normal
4553,tcp,private,DoS
4554,tcp,http,Normal
4555,tcp,other,DoS
4556,tcp,ftp,Normal
4557,tcp,http,Normal
4558,tcp,other,Probe
4559,tcp,http,Normal
4560,tcp,ftp,Normal
4561,tcp,ftp,Normal
4562,icmp,ecr_i,DoS
4563,tcp,private,DoS
4564,tcp,other,Probe
4565,tcp,http,Normal
4566,tcp,smtp,Normal
4567,tcp,private,DoS
4568,tcp,other,Normal
4569,tcp,http,Normal
4570,tcp,http,Normal
4571,udp,domain_u,Normal
4572,tcp,http,DoS
4573,tcp,private,DoS
4574,tcp,http,Normal
4575,tcp,smtp,Normal
4576,tcp,private,Probe
4577,tcp,ftp_data,Normal
4578,udp,private,Probe
4579,udp,private,Normal
4580,tcp,ftp,Normal
4581,tcp,http,DoS
4582,tcp,other,DoS
4583,tcp,private,DoS
4584,tcp,other,DoS
4585,tcp,http,Normal
4586,udp,private,Normal
4587,tcp,other,Probe
4588,tcp,private,Probe
4589,tcp,http,Normal
4590,tcp,ftp,Normal
4591,tcp,other,Probe
4592,tcp,http,Normal
4593,tcp,ftp_data,Normal
4594,tcp,other,Normal
4595,tcp,http,Normal
4596,tcp,http,Normal
4597,tcp,other,Normal
4598,tcp,other,DoS
4599,tcp,http,Normal
4600,udp,domain_u,Normal
4601,icmp,other,Normal
4602,tcp,http,Normal
4603,tcp,http,Normal
4604,tcp,other,Probe
4605,tcp,http,Normal
4606,tcp,http,Normal
4607,udp,private,Normal
4608,tcp,other,DoS
4609,udp,private,Normal
4610,tcp,other,Normal
4611,udp,private,Probe
4612,tcp,http,Normal
4613,tcp,private,DoS
4614,udp,private,Normal
4615,tcp,http,Normal
4616,tcp,http,Normal
4617,tcp,private,DoS
4618,icmp,ecr_i,DoS
4619,tcp,other,Probe
4620,tcp,http,Normal
4621,tcp,other,Normal
4622,udp,domain_u,Normal
4623,tcp,other,DoS
4624,tcp,private,DoS
4625,udp,private,Probe
4626,tcp,other,Normal
4627,tcp,http,Normal
4628,tcp,telnet,Normal
4629,icmp,ecr_i,DoS
4630,tcp,other,Normal
4631,tcp,http,Normal
4632,tcp,private,DoS
4633,tcp,http,Normal
4634,tcp,ftp_data,Normal
4635,tcp,http,Normal
4636,udp,domain_u,Normal
4637,tcp,http,Normal
4638,tcp,other,Normal
4639,tcp,http,Normal
4640,tcp,ftp,Normal
4641,udp,domain_u,Normal
4642,tcp,http,Normal
4643,tcp,smtp,Normal
4644,udp,private,Probe
4645,tcp,other,DoS
4646,tcp,other,Normal
4647,tcp,http,Normal
4648,tcp,ftp,Normal
4649,tcp,other,Normal
4650,tcp,other,Normal
4651,tcp,http,Normal
4652,tcp,other,Probe
4653,tcp,http,Normal
4654,tcp,other,Probe
4655,tcp,other,DoS
4656,tcp,telnet,Normal
4657,tcp,private,DoS
4658,tcp,other,Probe
4659,tcp,telnet,Normal
4660,icmp,ecr_i,DoS
4661,tcp,Z39_50,DoS
4662,tcp,other,Normal
4663,tcp,http,Normal
4664,tcp,http,Normal
4665,tcp,smtp,Normal
4666,tcp,http,DoS
4667,udp,private,Normal
4668,tcp,http,Normal
4669,udp,private,Probe
4670,udp,domain_u,Normal
4671,tcp,private,Probe
4672,tcp,http,Normal
4673,tcp,http,Normal
4674,icmp,eco_i,Normal
4675,tcp,http,Normal
4676,tcp,other,Normal
4677,tcp,other,DoS
4678,icmp,ecr_i,DoS
4679,tcp,whois,DoS
4680,icmp,ecr_i,DoS
4681,tcp,private,DoS
4682,udp,private,Probe
4683,tcp,http,Normal
4684,tcp,http,Normal
4685,tcp,http,Normal
4686,tcp,private,Probe
4687,tcp,http,Normal
4688,tcp,other,DoS
4689,tcp,ftp,Normal
4690,udp,domain_u,Normal
4691,tcp,ftp_data,Normal
4692,udp,other,Normal
4693,tcp,http,Normal
4694,icmp,eco_i,Probe
4695,tcp,private,DoS
4696,tcp,ftp,Normal
4697,tcp,iso_tsap,DoS
4698,tcp,other,Probe
4699,tcp,http,Normal
4700,udp,private,Normal
4701,tcp,http,Normal
4702,tcp,http,Normal
4703,icmp,ecr_i,DoS
4704,tcp,http,Normal
4705,tcp,http,Normal
4706,tcp,http,Normal
4707,tcp,http,DoS
4708,tcp,private,Probe
4709,tcp,other,Normal
4710,tcp,telnet,Normal
4711,udp,private,Normal
4712,tcp,http,Normal
4713,tcp,http,DoS
4714,udp,private,Normal
4715,icmp,ecr_i,DoS
4716,tcp,other,Normal
4717,tcp,smtp,Normal
4718,icmp,ecr_i,DoS
4719,tcp,http,Normal
4720,tcp,http,Normal
4721,tcp,http,Normal
4722,tcp,other,Normal
4723,tcp,other,DoS
4724,tcp,http,Normal
4725,tcp,smtp,Normal
4726,tcp,other,Probe
4727,tcp,http,Normal
4728,tcp,smtp,Normal
4729,tcp,http,Normal
4730,tcp,http,Normal
4731,tcp,http,Normal
4732,tcp,http,Normal
4733,tcp,http,Normal
4734,tcp,other,Normal
4735,tcp,other,Probe
4736,tcp,http,Normal
4737,tcp,http,Normal
4738,tcp,http,Normal
4739,tcp,private,DoS
4740,tcp,http,DoS
4741,tcp,http,Normal
4742,tcp,ftp,Normal
4743,tcp,other,Probe
4744,tcp,ftp_data,R2L
4745,tcp,http,Normal
4746,icmp,ecr_i,DoS
4747,udp,private,Normal
4748,tcp,telnet,Normal
4749,udp,domain_u,Normal
4750,tcp,http,Normal
4751,tcp,telnet,Normal
4752,tcp,http,Normal
4753,tcp,private,DoS
4754,tcp,other,Normal
4755,udp,domain_u,Normal
4756,tcp,private,DoS
4757,tcp,http,DoS
4758,tcp,private,DoS
4759,tcp,other,DoS
4760,tcp,private,DoS
4761,tcp,other,DoS
4762,udp,private,Probe
4763,tcp,smtp,Normal
4764,tcp,http,Normal
4765,tcp,ftp,Normal
4766,tcp,ftp_data,R2L
4767,tcp,http,Normal
4768,tcp,private,DoS
4769,tcp,private,DoS
4770,tcp,telnet,Normal
4771,tcp,other,Probe
4772,tcp,other,Probe
4773,tcp,http,Normal
4774,tcp,http,Normal
4775,tcp,http,Normal
4776,tcp,ftp,Normal
4777,tcp,private,DoS
4778,tcp,private,DoS
4779,tcp,private,DoS
4780,tcp,http,Normal
4781,tcp,http,Normal
4782,tcp,other,Probe
4783,tcp,private,DoS
4784,tcp,http,Normal
4785,tcp,private,DoS
4786,udp,private,Normal
4787,tcp,private,DoS
4788,tcp,telnet,Normal
4789,udp,domain_u,Normal
4790,tcp,private,DoS
4791,udp,private,Normal
4792,tcp,http,Normal
4793,tcp,http,Normal
4794,tcp,http,Normal
4795,tcp,telnet,Normal
4796,tcp,http,Normal
4797,tcp,telnet,DoS
4798,tcp,http,Normal
4799,tcp,http,Normal
4800,tcp,ftp_data,R2L
4801,tcp,http,Normal
4802,tcp,private,DoS
4803,udp,domain_u,Normal
4804,tcp,other,DoS
4805,tcp,telnet,Normal
4806,tcp,time,DoS
4807,tcp,http,DoS
4808,udp,private,DoS
4809,tcp,http,Normal
4810,tcp,http,Normal
4811,tcp,http,Normal
4812,udp,private,Normal
4813,tcp,http,Normal
4814,tcp,http,Normal
4815,tcp,ftp,Normal
4816,udp,domain_u,Normal
4817,tcp,smtp,Normal
4818,tcp,http,Normal
4819,udp,private,Normal
4820,tcp,private,Probe
4821,tcp,http,Normal
4822,udp,private,DoS
4823,tcp,ftp,Normal
4824,tcp,http,DoS
4825,tcp,private,DoS
4826,icmp,eco_i,Probe
4827,tcp,ftp,Normal
4828,tcp,telnet,Normal
4829,tcp,ftp_data,Normal
4830,tcp,http,Normal
4831,tcp,http,Normal
4832,tcp,private,DoS
4833,tcp,auth,Normal
4834,tcp,private,Probe
4835,udp,domain_u,Normal
4836,tcp,http,Normal
4837,icmp,ecr_i,DoS
4838,tcp,http,Normal
4839,tcp,http,Normal
4840,tcp,private,DoS
4841,tcp,http,Normal
4842,tcp,other,Normal
4843,tcp,private,DoS
4844,tcp,private,DoS
4845,tcp,http,Normal
4846,tcp,smtp,Normal
4847,tcp,ftp,Normal
4848,tcp,http,Normal
4849,tcp,private,DoS
4850,tcp,other,Probe
4851,tcp,http,Normal
4852,tcp,ftp,Normal
4853,tcp,telnet,Normal
4854,udp,private,DoS
4855,tcp,http,Normal
4856,tcp,private,DoS
4857,udp,private,Probe
4858,tcp,private,DoS
4859,tcp,telnet,Normal
4860,tcp,bgp,DoS
4861,tcp,other,Probe
4862,tcp,other,DoS
4863,udp,private,Probe
4864,tcp,smtp,Normal
4865,tcp,http,DoS
4866,tcp,http,Normal
4867,udp,private,DoS
4868,tcp,http,Normal
4869,icmp,ecr_i,DoS
4870,tcp,http,Normal
4871,tcp,smtp,Normal
4872,tcp,other,DoS
4873,tcp,other,Normal
4874,tcp,private,DoS
4875,udp,private,Normal
4876,tcp,private,DoS
4877,tcp,telnet,Normal
4878,tcp,telnet,Normal
4879,tcp,ftp,Normal
4880,tcp,http,Normal
4881,tcp,telnet,Normal
4882,tcp,http,DoS
4883,tcp,http,Normal
4884,tcp,private,DoS
4885,tcp,other,Normal
4886,tcp,private,DoS
4887,tcp,private,DoS
4888,tcp,http,Normal
4889,tcp,other,Normal
4890,icmp,eco_i,Normal
4891,udp,domain_u,Normal
4892,tcp,finger,DoS
4893,tcp,http,Normal
4894,tcp,private,Probe
4895,udp,private,Probe
4896,tcp,other,DoS
4897,tcp,smtp,Normal
4898,tcp,private,DoS
4899,tcp,uucp_path,DoS
4900,tcp,private,DoS
4901,tcp,ftp,Normal
4902,tcp,other,Normal
4903,tcp,private,DoS
4904,tcp,private,DoS
4905,udp,domain_u,Normal
4906,udp,domain_u,Normal
4907,tcp,http,Normal
4908,tcp,http,Normal
4909,tcp,http,Normal
4910,tcp,http,Normal
4911,tcp,http,Normal
4912,tcp,courier,DoS
4913,tcp,other,Normal
4914,tcp,http,Normal
4915,tcp,telnet,Normal
4916,tcp,other,Normal
4917,tcp,other,Probe
4918,tcp,other,DoS
4919,tcp,private,DoS
4920,tcp,telnet,Normal
4921,udp,private,DoS
4922,tcp,http,Normal
4923,tcp,smtp,Normal
4924,tcp,private,DoS
4925,tcp,other,Normal
4926,tcp,http,Normal
4927,tcp,private,DoS
4928,tcp,private,DoS
4929,tcp,private,DoS
4930,icmp,eco_i,Probe
4931,tcp,http,Normal
4932,tcp,http,Normal
4933,tcp,private,DoS
4934,tcp,http,Normal
4935,tcp,http,Normal
4936,tcp,http,Normal
4937,tcp,private,DoS
4938,tcp,other,Probe
4939,tcp,http,Normal
4940,tcp,http,Normal
4941,tcp,http,DoS
4942,tcp,private,DoS
4943,tcp,other,Probe
4944,tcp,private,DoS
4945,tcp,http,Normal
4946,tcp,private,DoS
4947,tcp,telnet,Normal
4948,tcp,smtp,Normal
4949,udp,private,Normal
4950,tcp,other,DoS
4951,tcp,other,Probe
4952,tcp,http,Normal
4953,udp,other,Normal
4954,tcp,telnet,Normal
4955,tcp,http,Normal
4956,tcp,other,DoS
4957,tcp,smtp,Normal
4958,tcp,other,Normal
4959,tcp,http,Normal
4960,tcp,http,Normal
4961,tcp,private,Probe
4962,tcp,http,Normal
4963,icmp,eco_i,Probe
4964,tcp,other,DoS
4965,tcp,private,DoS
4966,icmp,eco_i,Probe
4967,tcp,ftp,Normal
4968,tcp,http,Normal
4969,tcp,http,Normal
4970,tcp,other,Probe
4971,tcp,other,Probe
4972,tcp,http,Normal
4973,tcp,http,Normal
4974,tcp,telnet,Normal
4975,icmp,eco_i,Probe
4976,tcp,http,Normal
4977,tcp,telnet,Normal
4978,tcp,ftp,Normal
4979,tcp,finger,DoS
4980,tcp,http,Normal
4981,udp,private,Probe
4982,udp,private,DoS
4983,tcp,http,Normal
4984,icmp,eco_i,Probe
4985,tcp,smtp,Normal
4986,udp,private,Normal
4987,tcp,other,DoS
4988,tcp,smtp,Normal
4989,tcp,http,DoS
4990,tcp,http,Normal
4991,udp,domain_u,Normal
4992,tcp,whois,DoS
4993,tcp,telnet,Normal
4994,tcp,http,Normal
4995,tcp,http,Normal
4996,tcp,http,Normal
4997,udp,private,Normal
4998,tcp,private,DoS
4999,tcp,http,Normal
5000,udp,domain_u,Normal
5001,tcp,private,DoS
5002,tcp,other,DoS
5003,tcp,telnet,Normal
5004,tcp,ftp,Normal
5005,tcp,http,Normal
5006,tcp,http,Normal
5007,tcp,other,Normal
5008,tcp,http,Normal
5009,tcp,http,DoS
5010,udp,domain_u,Normal
5011,udp,private,DoS
5012,tcp,http,Normal
5013,tcp,private,DoS
5014,tcp,smtp,Normal
5015,tcp,ftp,Normal
5016,tcp,telnet,Normal
5017,tcp,http,Normal
5018,udp,domain_u,Normal
5019,tcp,ftp_data,Normal
5020,icmp,ecr_i,DoS
5021,tcp,http,Normal
5022,tcp,other,Normal
5023,tcp,http,Normal
5024,icmp,ecr_i,DoS
5025,tcp,http,DoS
5026,tcp,http,Normal
5027,icmp,ecr_i,DoS
5028,tcp,ftp_data,Normal
5029,tcp,http,DoS
5030,tcp,finger,Normal
5031,tcp,http,Normal
5032,tcp,other,Normal
5033,tcp,other,Probe
5034,tcp,telnet,Normal
5035,tcp,other,Probe
5036,tcp,ftp_data,R2L
5037,tcp,ftp_data,R2L
5038,tcp,telnet,Normal
5039,tcp,smtp,Normal
5040,tcp,http,Normal
5041,tcp,private,DoS
5042,tcp,bgp,DoS
5043,udp,domain_u,Normal
5044,udp,private,Probe
5045,tcp,http,DoS
5046,tcp,Z39_50,DoS
5047,tcp,private,DoS
5048,tcp,private,DoS
5049,udp,private,DoS
5050,tcp,private,DoS
5051,tcp,other,DoS
5052,tcp,other,Probe
5053,tcp,other,Probe
5054,tcp,http,Normal
5055,tcp,http,Normal
5056,tcp,http,Normal
5057,tcp,telnet,Normal
5058,tcp,other,Normal
5059,tcp,telnet,Normal
5060,udp,other,Normal
5061,tcp,http,Normal
5062,tcp,telnet,Normal
5063,tcp,other,DoS
5064,tcp,http,DoS
5065,tcp,other,DoS
5066,tcp,telnet,Normal
5067,tcp,http,Normal
5068,tcp,other,Probe
5069,tcp,http,DoS
5070,tcp,http,Normal
5071,tcp,private,DoS
5072,tcp,private,DoS
5073,tcp,http,Normal
5074,tcp,other,Normal
5075,udp,private,Normal
5076,tcp,http,Normal
5077,tcp,http,DoS
5078,tcp,http,Normal
5079,udp,domain_u,Normal
5080,udp,private,Probe
5081,udp,private,Probe
5082,tcp,telnet,DoS
5083,tcp,http,Normal
5084,tcp,http,Normal
5085,tcp,private,Probe
5086,tcp,http,Normal
5087,tcp,http,Normal
5088,udp,private,Probe
5089,tcp,http,Normal
5090,icmp,ecr_i,DoS
5091,tcp,smtp,Normal
5092,tcp,private,Probe
5093,icmp,ecr_i,DoS
5094,tcp,telnet,Normal
5095,udp,private,Normal
5096,icmp,ecr_i,DoS
5097,tcp,smtp,Normal
5098,tcp,ftp,DoS
5099,tcp,http,Normal
5100,tcp,uucp_path,DoS
5101,tcp,private,DoS
5102,tcp,http,Normal
5103,tcp,http,Normal
5104,tcp,other,DoS
5105,tcp,http,Normal
5106,udp,private,Normal
5107,tcp,http,Normal
5108,udp,private,Probe
5109,tcp,telnet,Normal
5110,tcp,other,DoS
5111,tcp,finger,DoS
5112,tcp,ftp_data,R2L
5113,tcp,telnet,Normal
5114,tcp,private,DoS
5115,tcp,http,Normal
5116,tcp,http,Normal
5117,tcp,http,DoS
5118,udp,private,Probe
5119,udp,private,Normal
5120,tcp,http,Normal
5121,tcp,telnet,Normal
5122,tcp,http,Normal
5123,tcp,private,DoS
5124,tcp,private,DoS
5125,tcp,private,DoS
5126,tcp,other,Normal
5127,tcp,private,DoS
5128,tcp,other,DoS
5129,tcp,private,DoS
5130,tcp,other,DoS
5131,tcp,other,Probe
5132,tcp,http,Normal
5133,udp,domain_u,Normal
5134,tcp,ftp_data,Normal
5135,tcp,http,Normal
5136,tcp,http,DoS
5137,tcp,ftp,Normal
5138,tcp,smtp,Normal
5139,tcp,http,DoS
5140,tcp,private,DoS
5141,tcp,http,Normal
5142,tcp,http,Normal
5143,tcp,http,DoS
5144,tcp,http,DoS
5145,tcp,private,Probe
5146,tcp,telnet,Normal
5147,tcp,uucp,DoS
5148,tcp,other,DoS
5149,tcp,other,Probe
5150,tcp,other,DoS
5151,tcp,http,Normal
5152,tcp,http,Normal
5153,tcp,http,Normal
5154,tcp,smtp,Normal
5155,tcp,smtp,Normal
5156,tcp,http,Normal
5157,udp,domain_u,Normal
5158,tcp,other,DoS
5159,tcp,http,Normal
5160,udp,domain_u,Normal
5161,tcp,private,DoS
5162,tcp,ftp,Normal
5163,udp,domain_u,Normal
5164,tcp,http,DoS
5165,tcp,http,Normal
5166,tcp,other,Probe
5167,tcp,other,Probe
5168,tcp,http,Normal
5169,udp,private,DoS
5170,tcp,smtp,Normal
5171,tcp,private,DoS
5172,tcp,telnet,Probe
5173,tcp,http,Normal
5174,tcp,private,DoS
5175,tcp,telnet,Normal
5176,icmp,ecr_i,DoS
5177,tcp,private,DoS
5178,tcp,http,Normal
5179,tcp,private,DoS
5180,udp,private,Normal
5181,udp,private,Normal
5182,tcp,other,Normal
5183,tcp,http,DoS
5184,icmp,ecr_i,DoS
5185,tcp,http,Normal
5186,tcp,http,Normal
5187,tcp,telnet,Normal
5188,tcp,http,Normal
5189,tcp,telnet,Normal
5190,tcp,http,Normal
5191,tcp,private,DoS
5192,tcp,http,Normal
5193,tcp,smtp,DoS
5194,tcp,ftp_data,Normal
5195,tcp,http,DoS
5196,tcp,http,Normal
5197,icmp,ecr_i,DoS
5198,tcp,iso_tsap,DoS
5199,udp,private,Normal
5200,udp,domain_u,Normal
5201,udp,private,Probe
5202,tcp,http,Normal
5203,tcp,other,DoS
5204,tcp,http,Normal
5205,tcp,private,DoS
5206,tcp,other,DoS
5207,tcp,other,DoS
5208,tcp,smtp,Normal
5209,udp,domain_u,Normal
5210,tcp,http,Normal
5211,udp,private,Normal
5212,udp,private,Probe
5213,tcp,other,DoS
5214,udp,other,Probe
5215,tcp,http,DoS
5216,tcp,http,Normal
5217,tcp,http,Normal
5218,tcp,private,DoS
5219,tcp,http,DoS
5220,tcp,private,DoS
5221,tcp,other,DoS
5222,tcp,other,Normal
5223,tcp,other,Probe
5224,tcp,http,Normal
5225,tcp,other,DoS
5226,tcp,other,DoS
5227,icmp,ecr_i,DoS
5228,tcp,private,DoS
5229,tcp,http,Normal
5230,tcp,http,Normal
5231,tcp,smtp,Normal
5232,tcp,http,Normal
5233,tcp,http,Normal
5234,tcp,http,DoS
5235,tcp,http,Normal
5236,udp,private,Probe
5237,tcp,http,Normal
5238,tcp,other,DoS
5239,tcp,telnet,Normal
5240,tcp,smtp,Normal
5241,icmp,eco_i,Probe
5242,udp,private,DoS
5243,tcp,http,Normal
5244,tcp,http,DoS
5245,tcp,private,DoS
5246,icmp,ecr_i,Probe
5247,tcp,http,DoS
5248,tcp,http,DoS
5249,tcp,private,DoS
5250,udp,private,Normal
5251,tcp,other,Normal
5252,tcp,http,Probe
5253,tcp,other,Probe
5254,tcp,ftp_data,DoS
5255,tcp,private,DoS
5256,icmp,ecr_i,DoS
5257,tcp,http,Normal
5258,tcp,smtp,Normal
5259,tcp,other,DoS
5260,tcp,http,Normal
5261,udp,domain_u,Normal
5262,tcp,http,Normal
5263,tcp,telnet,R2L
5264,udp,domain_u,Normal
5265,udp,private,Normal
5266,tcp,http,Normal
5267,tcp,http,Normal
5268,tcp,other,Normal
5269,tcp,ftp,Normal
5270,udp,domain_u,Normal
5271,tcp,http,Normal
5272,tcp,http,Normal
5273,tcp,private,DoS
5274,tcp,finger,Normal
5275,icmp,ecr_i,DoS
5276,tcp,smtp,Normal
5277,tcp,ftp,Normal
5278,tcp,private,Probe
5279,tcp,private,DoS
5280,tcp,http,Normal
5281,tcp,http,Normal
5282,tcp,other,Normal
5283,tcp,http,Normal
5284,tcp,http,Normal
5285,tcp,ftp,Normal
5286,udp,private,DoS
5287,tcp,http,Normal
5288,tcp,courier,DoS
5289,tcp,http,Normal
5290,tcp,private,DoS
5291,tcp,http,Normal
5292,tcp,private,Probe
5293,tcp,http,Normal
5294,tcp,telnet,Normal
5295,tcp,telnet,Normal
5296,tcp,other,Probe
5297,icmp,ecr_i,DoS
5298,tcp,telnet,Normal
5299,tcp,http,Normal
5300,tcp,ftp,Normal
5301,icmp,eco_i,Probe
5302,tcp,finger,Normal
5303,tcp,http,Normal
5304,tcp,http,Normal
5305,tcp,other,Normal
5306,tcp,http,DoS
5307,tcp,telnet,Normal
5308,tcp,other,Probe
5309,udp,private,Normal
5310,tcp,other,DoS
5311,udp,domain_u,Normal
5312,icmp,other,Normal
5313,tcp,private,DoS
5314,tcp,http,DoS
5315,udp,private,Normal
5316,tcp,http,Normal
5317,tcp,http,Normal
5318,udp,domain_u,Normal
5319,tcp,private,DoS
5320,tcp,other,DoS
5321,tcp,http,Normal
5322,tcp,other,Normal
5323,tcp,private,DoS
5324,tcp,ftp_data,Normal
5325,udp,domain_u,Normal
5326,tcp,http,Normal
5327,tcp,http,Normal
5328,tcp,http,Normal
5329,tcp,http,Normal
5330,udp,private,DoS
5331,tcp,telnet,Normal
5332,tcp,private,DoS
5333,udp,private,Probe
5334,udp,private,Normal
5335,tcp,other,Probe
5336,tcp,http,Normal
5337,tcp,http,Normal
5338,tcp,time,DoS
5339,tcp,http,DoS
5340,tcp,ftp_data,R2L
5341,tcp,other,DoS
5342,tcp,other,DoS
5343,tcp,private,DoS
5344,tcp,telnet,Normal
5345,tcp,other,DoS
5346,tcp,private,DoS
5347,tcp,other,DoS
5348,udp,domain_u,Normal
5349,icmp,ecr_i,DoS
5350,tcp,http,Normal
5351,icmp,ecr_i,DoS
5352,tcp,http,DoS
5353,tcp,private,DoS
5354,tcp,telnet,Normal
5355,tcp,http,Normal
5356,tcp,other,DoS
5357,tcp,ftp,Normal
5358,tcp,ftp_data,Normal
5359,tcp,http,Normal
5360,tcp,http,DoS
5361,tcp,http,Normal
5362,icmp,ecr_i,DoS
5363,tcp,private,DoS
5364,tcp,private,DoS
5365,tcp,http,Normal
5366,tcp,http,Normal
5367,tcp,http,Normal
5368,tcp,ftp_data,Normal
5369,tcp,http,Normal
5370,udp,private,Normal
5371,tcp,ftp_data,R2L
5372,tcp,http,Normal
5373,udp,private,DoS
5374,tcp,private,DoS
5375,tcp,http,Normal
5376,tcp,http,Normal
5377,icmp,eco_i,Probe
5378,tcp,http,Normal
5379,tcp,other,Normal
5380,tcp,other,Normal
5381,tcp,http,DoS
5382,icmp,ecr_i,DoS
5383,tcp,smtp,Normal
5384,udp,domain_u,Normal
5385,udp,private,Normal
5386,tcp,ftp,Normal
5387,udp,private,DoS
5388,tcp,private,DoS
5389,tcp,telnet,R2L
5390,tcp,other,Probe
5391,tcp,private,DoS
5392,tcp,private,DoS
5393,udp,private,Normal
5394,tcp,http,Normal
5395,tcp,other,DoS
5396,tcp,http,Normal
5397,tcp,http,Normal
5398,tcp,other,DoS
5399,tcp,other,DoS
5400,tcp,other,Normal
5401,tcp,telnet,Normal
5402,tcp,ftp_data,Normal
5403,tcp,other,Probe
5404,tcp,ftp_data,Normal
5405,tcp,smtp,Normal
5406,udp,private,Normal
5407,udp,domain_u,Normal
5408,udp,domain_u,Normal
5409,tcp,private,DoS
5410,tcp,other,Normal
5411,tcp,private,DoS
5412,tcp,telnet,Normal
5413,udp,domain_u,Normal
5414,tcp,smtp,Normal
5415,udp,domain_u,Normal
5416,tcp,http,DoS
5417,tcp,ftp_data,Normal
5418,tcp,private,DoS
5419,tcp,http,Normal
5420,tcp,other,Normal
5421,tcp,ftp_data,Normal
5422,tcp,other,Normal
5423,tcp,smtp,Normal
5424,tcp,http,Normal
5425,tcp,http,Normal
5426,tcp,other,DoS
5427,tcp,smtp,Normal
5428,tcp,other,Normal
5429,udp,private,Probe
5430,udp,other,Normal
5431,udp,private,Normal
5432,tcp,private,DoS
5433,tcp,private,DoS
5434,udp,other,Probe
5435,tcp,uucp,DoS
5436,tcp,telnet,Normal
5437,tcp,ftp_data,R2L
5438,tcp,private,Probe
5439,tcp,private,DoS
5440,tcp,other,Probe
5441,tcp,telnet,Normal
5442,tcp,other,DoS
5443,icmp,ecr_i,DoS
5444,tcp,private,DoS
5445,tcp,telnet,Normal
5446,tcp,ftp_data,Normal
5447,tcp,ftp_data,R2L
5448,udp,private,DoS
5449,tcp,other,DoS
5450,udp,private,DoS
5451,tcp,private,DoS
5452,tcp,other,DoS
5453,tcp,telnet,DoS
5454,udp,private,Probe
5455,tcp,http,Normal
5456,tcp,smtp,Normal
5457,tcp,smtp,Normal
5458,tcp,telnet,Normal
5459,tcp,ftp,Normal
5460,tcp,http,DoS
5461,tcp,smtp,Normal
5462,tcp,smtp,Normal
5463,tcp,http,Normal
5464,tcp,other,DoS
5465,tcp,auth,DoS
5466,tcp,smtp,Normal
5467,tcp,http,DoS
5468,tcp,private,DoS
5469,tcp,private,DoS
5470,tcp,http,DoS
5471,tcp,other,DoS
5472,tcp,other,Normal
5473,tcp,other,DoS
5474,tcp,ftp_data,Normal
5475,tcp,http,Normal
5476,udp,domain_u,Normal
5477,tcp,http,Normal
5478,tcp,telnet,U2R
5479,udp,other,Normal
5480,udp,private,DoS
5481,tcp,other,DoS
5482,udp,domain_u,Normal
5483,udp,private,Probe
5484,tcp,auth,DoS
5485,tcp,smtp,Normal
5486,tcp,ftp_data,DoS
5487,tcp,private,DoS
5488,udp,private,Normal
5489,tcp,other,Probe
5490,tcp,http,Normal
5491,tcp,other,DoS
5492,tcp,http,Normal
5493,tcp,http,Normal
5494,tcp,http,Normal
5495,tcp,http,Normal
5496,tcp,other,DoS
5497,tcp,private,DoS
5498,tcp,http,Normal
5499,tcp,http,Normal
5500,tcp,private,DoS
5501,tcp,private,DoS
5502,tcp,private,DoS
5503,tcp,private,DoS
5504,tcp,http,Normal
5505,tcp,http,Normal
5506,tcp,smtp,Normal
5507,tcp,http,Normal
5508,udp,private,Normal
5509,tcp,http,Normal
5510,tcp,other,Normal
5511,udp,domain_u,Normal
5512,tcp,http,Normal
5513,tcp,smtp,Normal
5514,tcp,http,Normal
5515,tcp,http,Normal
5516,tcp,ftp,Normal
5517,tcp,private,Probe
5518,tcp,other,DoS
5519,udp,domain_u,Normal
5520,tcp,http,Normal
5521,tcp,http,Normal
5522,tcp,http,Normal
5523,tcp,private,DoS
5524,tcp,private,DoS
5525,udp,private,DoS
5526,icmp,ecr_i,DoS
5527,tcp,smtp,Normal
5528,icmp,ecr_i,DoS
5529,tcp,private,DoS
5530,tcp,http,Normal
5531,tcp,other,Probe
5532,tcp,other,Normal
5533,tcp,ftp_data,Normal
5534,udp,domain_u,Normal
5535,tcp,http,DoS
5536,tcp,http,Normal
5537,udp,other,Normal
5538,icmp,ecr_i,DoS
5539,tcp,http,Normal
5540,tcp,http,Normal
5541,tcp,smtp,Normal
5542,tcp,other,Probe
5543,tcp,ftp,Normal
5544,tcp,private,DoS
5545,tcp,ftp,Normal
5546,tcp,http,Normal
5547,tcp,http,Normal
5548,tcp,private,DoS
5549,icmp,eco_i,Probe
5550,tcp,private,DoS
5551,tcp,telnet,Normal
5552,tcp,private,DoS
5553,tcp,http,Normal
5554,tcp,other,DoS
5555,tcp,ftp,Probe
5556,icmp,ecr_i,DoS
5557,tcp,smtp,Normal
5558,tcp,ftp,Normal
5559,udp,private,Normal
5560,tcp,http,Normal
5561,tcp,http,DoS
5562,tcp,other,DoS
5563,tcp,private,DoS
5564,tcp,http,Normal
5565,tcp,ftp_data,Normal
5566,tcp,http,Normal
5567,tcp,http,Normal
5568,tcp,http,DoS
5569,tcp,other,Probe
5570,tcp,http,Normal
5571,tcp,other,Normal
5572,icmp,ecr_i,DoS
5573,udp,private,Probe
5574,tcp,private,DoS
5575,tcp,telnet,Normal
5576,tcp,ftp_data,Normal
5577,tcp,smtp,Normal
5578,tcp,smtp,Normal
5579,tcp,private,DoS
5580,icmp,ecr_i,DoS
5581,tcp,ftp_data,Normal
5582,udp,domain_u,Normal
5583,tcp,http,Normal
5584,udp,private,Probe
5585,tcp,private,DoS
5586,tcp,private,DoS
5587,tcp,other,DoS
5588,udp,private,Probe
5589,tcp,ftp_data,R2L
5590,tcp,other,Probe
5591,tcp,http,DoS
5592,tcp,other,DoS
5593,tcp,http,Normal
5594,tcp,http,Normal
5595,tcp,http,Normal
5596,tcp,http,Normal
5597,tcp,private,DoS
5598,tcp,other,Normal
5599,icmp,ecr_i,DoS
5600,tcp,telnet,Normal
5601,tcp,http,Normal
5602,tcp,http,Normal
5603,tcp,http,Normal
5604,tcp,http,Normal
5605,tcp,private,DoS
5606,tcp,http,Normal
5607,tcp,time,DoS
5608,tcp,http,Normal
5609,tcp,uucp_path,DoS
5610,tcp,other,DoS
5611,tcp,ftp,Normal
5612,tcp,private,DoS
5613,tcp,telnet,DoS
5614,tcp,other,DoS
5615,tcp,http,Normal
5616,tcp,http,Normal
5617,icmp,ecr_i,DoS
5618,udp,private,Normal
5619,tcp,telnet,Normal
5620,tcp,http,Normal
5621,tcp,other,DoS
5622,icmp,eco_i,Normal
5623,tcp,http,Normal
5624,tcp,http,Normal
5625,tcp,http,Normal
5626,tcp,other,Normal
5627,tcp,ftp,Normal
5628,tcp,http,Normal
5629,icmp,ecr_i,DoS
5630,udp,domain_u,Normal
5631,tcp,other,Probe
5632,tcp,smtp,Normal
5633,tcp,private,DoS
5634,tcp,private,DoS
5635,tcp,private,DoS
5636,tcp,http,DoS
5637,tcp,private,DoS
5638,tcp,ftp,Normal
5639,tcp,http,Normal
5640,tcp,http,Normal
5641,udp,private,Normal
5642,tcp,http,DoS
5643,tcp,http,Normal
5644,tcp,http,Normal
5645,tcp,ftp,Normal
5646,tcp,http,Normal
5647,udp,domain_u,Normal
5648,icmp,other,Normal
5649,tcp,private,DoS
5650,tcp,telnet,Normal
5651,tcp,http,Normal
5652,tcp,private,DoS
5653,tcp,private,DoS
5654,tcp,http,Normal
5655,tcp,http,Normal
5656,tcp,other,Probe
5657,tcp,http,Normal
5658,tcp,http,Normal
5659,tcp,private,DoS
5660,tcp,http,Normal
5661,tcp,telnet,Normal
5662,tcp,http,Normal
5663,tcp,private,DoS
5664,tcp,smtp,Normal
5665,udp,private,Normal
5666,tcp,telnet,Normal
5667,udp,private,Probe
5668,tcp,other,Probe
5669,tcp,http,Normal
5670,tcp,http,DoS
5671,tcp,other,DoS
5672,tcp,http,Normal
5673,tcp,other,Normal
5674,tcp,http,Normal
5675,tcp,http,Normal
5676,tcp,http,Normal
5677,udp,private,Probe
5678,udp,private,DoS
5679,tcp,http,Normal
5680,tcp,other,Probe
5681,tcp,private,DoS
5682,tcp,private,DoS
5683,tcp,http,Normal
5684,udp,domain_u,Normal
5685,udp,domain_u,Normal
5686,tcp,http,Normal
5687,tcp,http,Normal
5688,tcp,other,Probe
5689,tcp,private,DoS
5690,udp,other,Normal
5691,tcp,other,Normal
5692,tcp,http,Normal
5693,tcp,http,Normal
5694,tcp,private,DoS
5695,udp,private,Normal
5696,tcp,http,Normal
5697,tcp,other,Normal
5698,tcp,http,Normal
5699,tcp,other,Probe
5700,tcp,private,DoS
5701,tcp,private,DoS
5702,tcp,ftp,Normal
5703,tcp,private,DoS
5704,udp,domain_u,Normal
5705,tcp,ftp,Normal
5706,tcp,http,Normal
5707,tcp,http,Normal
5708,tcp,other,Normal
5709,tcp,private,DoS
5710,tcp,ftp,DoS
5711,tcp,ftp_data,DoS
5712,tcp,http,Normal
5713,udp,private,Probe
5714,tcp,http,Normal
5715,tcp,private,DoS
5716,tcp,other,DoS
5717,tcp,private,DoS
5718,udp,private,DoS
5719,tcp,other,Normal
5720,tcp,other,DoS
5721,tcp,private,DoS
5722,tcp,http,Normal
5723,tcp,other,Probe
5724,tcp,ftp_data,Normal
5725,tcp,http,Normal
5726,tcp,telnet,Normal
5727,tcp,other,Normal
5728,tcp,http,Normal
5729,tcp,ftp_data,R2L
5730,tcp,other,Normal
5731,tcp,private,DoS
5732,tcp,http,Normal
5733,udp,domain_u,Normal
5734,tcp,smtp,Normal
5735,tcp,private,DoS
5736,tcp,http,Normal
5737,tcp,other,Normal
5738,tcp,smtp,Normal
5739,tcp,private,DoS
5740,tcp,telnet,Normal
5741,tcp,private,DoS
5742,udp,private,Normal
5743,tcp,private,DoS
5744,tcp,telnet,DoS
5745,tcp,private,DoS
5746,tcp,telnet,Normal
5747,tcp,http,Normal
5748,tcp,private,DoS
5749,tcp,courier,DoS
5750,tcp,telnet,Normal
5751,udp,private,Probe
5752,tcp,other,DoS
5753,tcp,telnet,Normal
5754,tcp,other,Probe
5755,udp,domain_u,Normal
5756,tcp,telnet,DoS
5757,tcp,ftp_data,Normal
5758,tcp,private,Probe
5759,tcp,other,Normal
5760,tcp,private,DoS
5761,tcp,private,DoS
5762,tcp,private,DoS
5763,tcp,other,Normal
5764,tcp,http,DoS
5765,tcp,ftp_data,R2L
5766,tcp,http,Normal
5767,tcp,http,Normal
5768,tcp,ftp,Normal
5769,tcp,other,DoS
5770,tcp,http,Normal
5771,tcp,private,DoS
5772,tcp,ftp,Normal
5773,tcp,smtp,Normal
5774,tcp,telnet,Normal
5775,tcp,telnet,Probe
5776,tcp,http,Normal
5777,tcp,http,Normal
5778,tcp,http,Normal
5779,icmp,eco_i,Probe
5780,tcp,http,Normal
5781,tcp,ftp_data,Normal
5782,tcp,other,Probe
5783,tcp,http,DoS
5784,tcp,http,DoS
5785,tcp,smtp,Normal
5786,tcp,http,Normal
5787,tcp,http,Normal
5788,tcp,http,Normal
5789,tcp,private,DoS
5790,tcp,ftp_data,R2L
5791,tcp,private,DoS
5792,tcp,other,Normal
5793,tcp,http,Normal
5794,tcp,http,Normal
5795,tcp,private,DoS
5796,tcp,http,Normal
5797,tcp,telnet,Normal
5798,tcp,ftp_data,DoS
5799,udp,private,Probe
5800,tcp,telnet,Normal
5801,tcp,http,Normal
5802,tcp,smtp,Normal
5803,icmp,ecr_i,DoS
5804,tcp,other,DoS
5805,tcp,other,DoS
5806,tcp,private,DoS
5807,tcp,http,Normal
5808,tcp,http,DoS
5809,tcp,telnet,Normal
5810,udp,domain_u,Normal
5811,tcp,telnet,Normal
5812,udp,domain_u,Normal
5813,tcp,http,Normal
5814,tcp,http,Normal
5815,tcp,private,Probe
5816,tcp,http,Normal
5817,tcp,other,Normal
5818,tcp,http,Normal
5819,tcp,telnet,Normal
5820,tcp,other,DoS
5821,tcp,http,Normal
5822,tcp,http,DoS
5823,udp,domain_u,Normal
5824,tcp,telnet,DoS
5825,tcp,http,Normal
5826,tcp,ftp_data,R2L
5827,tcp,private,DoS
5828,tcp,private,DoS
5829,tcp,smtp,Normal
5830,tcp,other,DoS
5831,tcp,other,DoS
5832,tcp,other,DoS
5833,tcp,http,Normal
5834,tcp,http,DoS
5835,udp,other,Normal
5836,tcp,http,Normal
5837,tcp,http,Normal
5838,tcp,other,Normal
5839,tcp,http,DoS
5840,icmp,ecr_i,Normal
5841,tcp,http,Normal
5842,udp,domain_u,Normal
5843,udp,private,Normal
5844,udp,domain_u,Normal
5845,tcp,http,DoS
5846,tcp,http,Normal
5847,udp,private,Normal
5848,tcp,other,Probe
5849,tcp,smtp,Normal
5850,tcp,private,Probe
5851,tcp,private,DoS
5852,tcp,http,Normal
5853,tcp,http,Normal
5854,tcp,ftp_data,Normal
5855,tcp,private,Probe
5856,tcp,http,Normal
5857,tcp,http,DoS
5858,tcp,telnet,Normal
5859,tcp,http,Normal
5860,tcp,http,Normal
5861,tcp,telnet,Normal
5862,tcp,private,DoS
5863,tcp,bgp,DoS
5864,tcp,telnet,Normal
5865,tcp,telnet,Normal
5866,tcp,ftp,Normal
5867,tcp,ftp_data,R2L
5868,tcp,telnet,DoS
5869,tcp,private,DoS
5870,tcp,ftp_data,Normal
5871,tcp,other,DoS
5872,tcp,other,DoS
5873,tcp,http,DoS
5874,tcp,http,Normal
5875,tcp,ftp,Normal
5876,udp,private,DoS
5877,tcp,http,Normal
5878,tcp,telnet,Normal
5879,udp,private,Normal
5880,tcp,telnet,Normal
5881,udp,domain_u,Normal
5882,tcp,http,Normal
5883,udp,private,Normal
5884,udp,private,Normal
5885,tcp,http,Normal
5886,udp,domain_u,Normal
5887,tcp,http,Normal
5888,udp,private,Normal
5889,tcp,ftp,Normal
5890,tcp,http,Normal
5891,tcp,telnet,Normal
5892,tcp,http,DoS
5893,tcp,http,DoS
5894,udp,private,Probe
5895,tcp,http,Normal
5896,tcp,http,Normal
5897,tcp,http,Normal
5898,udp,domain_u,Normal
5899,tcp,telnet,Normal
5900,tcp,private,DoS
5901,tcp,time,DoS
5902,tcp,other,DoS
5903,tcp,telnet,Normal
5904,icmp,ecr_i,DoS
5905,tcp,private,DoS
5906,tcp,ftp_data,DoS
5907,tcp,smtp,Normal
5908,icmp,eco_i,Probe
5909,udp,domain_u,Normal
5910,tcp,http,Normal
5911,tcp,ftp_data,DoS
5912,tcp,private,DoS
5913,icmp,ecr_i,DoS
5914,tcp,http,Normal
5915,icmp,ecr_i,DoS
5916,tcp,http,Normal
5917,tcp,http,Normal
5918,udp,private,Normal
5919,tcp,private,Probe
5920,tcp,http,Normal
5921,tcp,private,DoS
5922,tcp,ftp_data,DoS
5923,tcp,http,Normal
5924,udp,private,Normal
5925,tcp,smtp,Normal
5926,tcp,other,Normal
5927,tcp,other,Probe
5928,tcp,http,Normal
5929,udp,domain_u,Normal
5930,tcp,private,DoS
5931,tcp,ftp_data,R2L
5932,tcp,http,Normal
5933,tcp,private,DoS
5934,tcp,http,DoS
5935,tcp,http,Normal
5936,tcp,other,DoS
5937,tcp,http,Normal
5938,udp,private,DoS
5939,udp,private,Probe
5940,tcp,http,Normal
5941,tcp,http,Normal
5942,tcp,finger,Normal
5943,tcp,http,Normal
5944,tcp,http,Normal
5945,tcp,private,DoS
5946,tcp,private,DoS
5947,tcp,private,DoS
5948,tcp,telnet,Normal
5949,tcp,smtp,Normal
5950,tcp,other,Probe
5951,tcp,other,Normal
5952,tcp,http,Normal
5953,udp,private,Normal
5954,tcp,ftp,Normal
5955,tcp,http,Normal
5956,tcp,http,Normal
5957,tcp,http,Normal
5958,icmp,ecr_i,DoS
5959,tcp,smtp,Normal
5960,tcp,ftp,Normal
5961,udp,private,Probe
5962,tcp,http,Normal
5963,tcp,other,Normal
5964,tcp,ftp,Normal
5965,tcp,http,Normal
5966,tcp,telnet,Normal
5967,udp,private,Probe
5968,tcp,http,Normal
5969,tcp,http,Normal
5970,udp,private,DoS
5971,tcp,ftp_data,Normal
5972,tcp,http,DoS
5973,tcp,telnet,U2R
5974,tcp,other,Probe
5975,tcp,whois,DoS
5976,tcp,http,Normal
5977,tcp,http,Normal
5978,tcp,http,DoS
5979,tcp,private,DoS
5980,tcp,http,Normal
5981,tcp,telnet,Normal
5982,udp,private,Normal
5983,tcp,http,Normal
5984,udp,domain_u,Normal
5985,tcp,private,DoS
5986,tcp,telnet,Normal
5987,udp,domain_u,Normal
5988,icmp,ecr_i,DoS
5989,tcp,other,Normal
5990,udp,private,Normal
5991,tcp,private,DoS
5992,icmp,ecr_i,DoS
5993,tcp,other,Probe
5994,tcp,other,DoS
5995,tcp,private,DoS
5996,tcp,http,Normal
5997,tcp,http,Normal
5998,tcp,other,Normal
5999,tcp,http,Normal
6000,tcp,other,DoS
6001,udp,private,Normal
6002,tcp,telnet,Normal
6003,tcp,private,DoS
6004,tcp,http,Normal
6005,icmp,ecr_i,Normal
6006,tcp,http,Normal
6007,tcp,other,DoS
6008,tcp,private,DoS
6009,tcp,http,Normal
6010,tcp,http,DoS
6011,tcp,private,DoS
6012,udp,private,Probe
6013,tcp,http,Normal
6014,tcp,http,Normal
6015,udp,private,Probe
6016,icmp,eco_i,Probe
6017,tcp,private,DoS
6018,icmp,ecr_i,DoS
6019,icmp,ecr_i,DoS
6020,tcp,telnet,Normal
6021,icmp,ecr_i,DoS
6022,tcp,other,DoS
6023,tcp,http,Normal
6024,udp,private,DoS
6025,tcp,ftp,Normal
6026,tcp,telnet,DoS
6027,tcp,private,DoS
6028,tcp,other,Probe
6029,tcp,http,DoS
6030,tcp,http,Normal
6031,tcp,http,Normal
6032,tcp,other,Normal
6033,tcp,http,DoS
6034,udp,private,DoS
6035,tcp,private,DoS
6036,udp,private,Probe
6037,tcp,whois,DoS
6038,udp,domain_u,Normal
6039,tcp,http,Normal
6040,tcp,http,Normal
6041,tcp,finger,DoS
6042,tcp,http,Normal
6043,icmp,ecr_i,DoS
6044,tcp,smtp,Normal
6045,tcp,http,Normal
6046,tcp,http,DoS
6047,tcp,other,Normal
6048,tcp,other,Normal
6049,tcp,http,Normal
6050,tcp,ftp_data,R2L
6051,tcp,other,Normal
6052,tcp,http,Normal
6053,icmp,eco_i,Probe
6054,tcp,http,Normal
6055,tcp,Z39_50,DoS
6056,tcp,telnet,Normal
6057,udp,domain_u,Normal
6058,tcp,http,Normal
6059,icmp,eco_i,Probe
6060,icmp,ecr_i,DoS
6061,tcp,telnet,Normal
6062,udp,other,Normal
6063,tcp,ftp_data,Normal
6064,tcp,smtp,Normal
6065,tcp,http,Normal
6066,udp,private,Normal
6067,tcp,http,DoS
6068,udp,private,Probe
6069,udp,domain_u,Normal
6070,tcp,other,DoS
6071,tcp,http,Normal
6072,tcp,other,DoS
6073,udp,domain_u,Normal
6074,tcp,http,DoS
6075,tcp,http,Normal
6076,tcp,http,DoS
6077,tcp,other,Normal
6078,tcp,http,Normal
6079,tcp,private,DoS
6080,tcp,private,DoS
6081,tcp,other,Probe
6082,icmp,ecr_i,DoS
6083,tcp,other,Probe
6084,tcp,other,DoS
6085,tcp,other,Probe
6086,tcp,ftp_data,Normal
6087,tcp,ftp_data,R2L
6088,tcp,other,DoS
6089,tcp,private,DoS
6090,tcp,private,Probe
6091,tcp,http,DoS
6092,tcp,other,DoS
6093,tcp,http,Normal
6094,tcp,other,Normal
6095,tcp,http,Normal
6096,icmp,ecr_i,DoS
6097,tcp,private,DoS
6098,tcp,other,Normal
6099,tcp,http,Normal
6100,tcp,private,DoS
6101,tcp,ftp,Normal
6102,tcp,other,Normal
6103,tcp,other,Probe
6104,tcp,http,Normal
6105,tcp,telnet,Normal
6106,udp,domain_u,Normal
6107,tcp,other,Probe
6108,tcp,time,DoS
6109,tcp,private,DoS
6110,tcp,http,Normal
6111,tcp,telnet,Normal
6112,tcp,http,Normal
6113,tcp,other,DoS
6114,tcp,telnet,DoS
6115,tcp,private,DoS
6116,tcp,other,Normal
6117,tcp,telnet,Normal
6118,tcp,ftp_data,R2L
6119,tcp,http,Normal
6120,tcp,private,DoS
6121,tcp,http,DoS
6122,udp,private,DoS
6123,udp,domain_u,Normal
6124,udp,private,Probe
6125,tcp,other,Probe
6126,tcp,http,Normal
6127,icmp,ecr_i,DoS
6128,tcp,http,Normal
6129,tcp,http,Normal
6130,tcp,private,DoS
6131,tcp,finger,DoS
6132,tcp,other,Normal
6133,tcp,telnet,Normal
6134,tcp,other,Normal
6135,tcp,http,Normal
6136,tcp,private,Probe
6137,tcp,other,DoS
6138,tcp,ftp,Normal
6139,udp,private,DoS
6140,tcp,private,DoS
6141,tcp,smtp,Normal
6142,tcp,other,Probe
6143,udp,other,Normal
6144,tcp,http,Normal
6145,tcp,http,Normal
6146,tcp,private,DoS
6147,tcp,other,DoS
6148,tcp,telnet,Normal
6149,tcp,ftp_data,R2L
6150,tcp,private,DoS
6151,tcp,other,Normal
6152,tcp,http,Normal
6153,tcp,private,Probe
6154,tcp,http,Normal
6155,tcp,ftp_data,R2L
6156,tcp,other,DoS
6157,tcp,other,Normal
6158,tcp,other,Normal
6159,tcp,private,DoS
6160,icmp,ecr_i,DoS
6161,tcp,private,DoS
6162,tcp,http,Normal
6163,tcp,other,Probe
6164,tcp,smtp,Normal
6165,tcp,private,DoS
6166,tcp,http,DoS
6167,icmp,ecr_i,DoS
6168,tcp,private,DoS
6169,tcp,other,DoS
6170,tcp,private,DoS
6171,udp,private,Normal
6172,tcp,other,DoS
6173,tcp,private,DoS
6174,tcp,smtp,Normal
6175,tcp,other,Normal
6176,tcp,smtp,Probe
6177,udp,private,Normal
6178,udp,private,Normal
6179,tcp,other,Normal
6180,tcp,ftp_data,Normal
6181,tcp,other,Normal
6182,udp,private,Probe
6183,icmp,ecr_i,DoS
6184,tcp,other,DoS
6185,tcp,http,Normal
6186,tcp,smtp,Normal
6187,tcp,telnet,Normal
6188,tcp,private,DoS
6189,tcp,ftp_data,R2L
6190,tcp,ftp,Normal
6191,tcp,ftp_data,Normal
6192,tcp,telnet,Normal
6193,tcp,http,Normal
6194,tcp,http,Normal
6195,icmp,ecr_i,DoS
6196,tcp,http,Normal
6197,tcp,other,Probe
6198,tcp,private,DoS
6199,tcp,http,Normal
6200,tcp,http,Normal
6201,udp,private,Probe
6202,tcp,private,Probe
6203,tcp,private,DoS
6204,tcp,telnet,Normal
6205,tcp,other,DoS
6206,tcp,http,Normal
6207,udp,other,Normal
6208,tcp,http,Normal
6209,tcp,other,DoS
6210,tcp,http,Normal
6211,udp,domain_u,Normal
6212,icmp,ecr_i,DoS
6213,tcp,smtp,Normal
6214,tcp,http,Normal
6215,udp,domain_u,Normal
6216,icmp,ecr_i,DoS
6217,tcp,http,DoS
6218,udp,private,Probe
6219,tcp,private,DoS
6220,tcp,ftp,Normal
6221,tcp,private,DoS
6222,tcp,http,Normal
6223,udp,private,DoS
6224,tcp,other,Normal
6225,tcp,other,Probe
6226,tcp,http,Normal
6227,tcp,ftp,Normal
6228,tcp,ftp_data,R2L
6229,tcp,ftp_data,R2L
6230,tcp,http,Normal
6231,tcp,http,Normal
6232,tcp,http,Normal
6233,tcp,ftp,Normal
6234,tcp,other,DoS
6235,tcp,http,DoS
6236,tcp,private,DoS
6237,tcp,http,Normal
6238,udp,private,DoS
6239,tcp,http,Normal
6240,tcp,telnet,Normal
6241,tcp,http,Normal
6242,udp,private,Normal
6243,tcp,http,Normal
6244,tcp,iso_tsap,DoS
6245,tcp,http,Normal
6246,tcp,http,Normal
6247,tcp,http,Normal
6248,tcp,http,Normal
6249,udp,domain_u,Normal
6250,udp,domain_u,Normal
6251,udp,other,Normal
6252,tcp,http,Normal
6253,tcp,private,DoS
6254,udp,domain_u,Normal
6255,tcp,telnet,Normal
6256,tcp,ftp,Normal
6257,tcp,http,Normal
6258,tcp,telnet,Normal
6259,tcp,private,DoS
6260,icmp,eco_i,Normal
6261,tcp,telnet,Normal
6262,tcp,private,DoS
6263,tcp,other,DoS
6264,udp,domain_u,Normal
6265,tcp,private,DoS
6266,tcp,http,Normal
6267,tcp,private,DoS
6268,tcp,ftp,Normal
6269,tcp,telnet,Normal
6270,tcp,http,Normal
6271,tcp,telnet,DoS
6272,tcp,other,Normal
6273,tcp,http,DoS
6274,tcp,private,DoS
6275,tcp,other,Probe
6276,tcp,http,Normal
6277,tcp,ftp,Normal
6278,tcp,other,DoS
6279,tcp,other,DoS
6280,tcp,other,Normal
6281,tcp,bgp,DoS
6282,tcp,smtp,Normal
6283,tcp,private,DoS
6284,tcp,http,Normal
6285,tcp,ftp_data,Normal
6286,tcp,other,DoS
6287,tcp,http,Normal
6288,tcp,smtp,Normal
6289,tcp,private,DoS
6290,tcp,other,Probe
6291,tcp,http,Normal
6292,tcp,private,Probe
6293,tcp,http,Normal
6294,tcp,http,DoS
6295,tcp,uucp,DoS
6296,tcp,http,DoS
6297,tcp,http,Normal
6298,icmp,ecr_i,DoS
6299,tcp,http,DoS
6300,tcp,private,DoS
6301,tcp,http,Normal
6302,tcp,http,DoS
6303,tcp,http,DoS
6304,tcp,http,Normal
6305,tcp,http,DoS
6306,tcp,http,Normal
6307,tcp,private,DoS
6308,icmp,ecr_i,DoS
6309,tcp,http,Normal
6310,tcp,http,DoS
6311,tcp,private,DoS
6312,tcp,telnet,Normal
6313,tcp,http,Normal
6314,icmp,eco_i,Probe
6315,udp,domain_u,Normal
6316,tcp,http,Normal
6317,tcp,private,DoS
6318,tcp,http,Probe
6319,udp,domain_u,Normal
6320,tcp,other,DoS
6321,tcp,telnet,Normal
6322,tcp,http,DoS
6323,tcp,smtp,Normal
6324,tcp,telnet,Normal
6325,tcp,ftp_data,R2L
6326,tcp,other,Probe
6327,tcp,private,DoS
6328,tcp,finger,DoS
6329,tcp,http,DoS
6330,udp,private,DoS
6331,tcp,ftp_data,R2L
6332,tcp,telnet,Normal
6333,tcp,http,DoS
6334,tcp,http,Normal
6335,icmp,ecr_i,DoS
6336,tcp,http,Normal
6337,tcp,telnet,Normal
6338,tcp,private,DoS
6339,tcp,private,DoS
6340,tcp,private,DoS
6341,tcp,http,Normal
6342,udp,private,Normal
6343,tcp,private,DoS
6344,tcp,telnet,DoS
6345,icmp,ecr_i,DoS
6346,tcp,http,Normal
6347,udp,private,DoS
6348,tcp,other,Probe
6349,tcp,ftp_data,Normal
6350,tcp,private,DoS
6351,udp,private,Normal
6352,tcp,http,Normal
6353,tcp,private,DoS
6354,tcp,private,DoS
6355,tcp,smtp,Normal
6356,tcp,private,DoS
6357,tcp,other,DoS
6358,tcp,http,Normal
6359,tcp,telnet,DoS
6360,udp,private,Normal
6361,tcp,smtp,Normal
6362,tcp,other,Normal
6363,udp,domain_u,Normal
6364,tcp,ftp,Normal
6365,tcp,http,Normal
6366,icmp,ecr_i,Normal
6367,tcp,other,Probe
6368,tcp,other,DoS
6369,tcp,http,Normal
6370,tcp,http,Normal
6371,tcp,ftp,Normal
6372,tcp,http,Normal
6373,tcp,ftp,Normal
6374,udp,domain_u,Normal
6375,tcp,http,Normal
6376,tcp,telnet,Normal
6377,tcp,finger,DoS
6378,tcp,Z39_50,DoS
6379,tcp,ftp,Normal
6380,tcp,http,Normal
6381,tcp,smtp,Normal
6382,tcp,other,DoS
6383,udp,domain_u,Normal
6384,tcp,http,Normal
6385,tcp,http,DoS
6386,tcp,http,Normal
6387,tcp,smtp,Normal
6388,tcp,http,Normal
6389,tcp,http,Normal
6390,tcp,other,DoS
6391,tcp,ftp,Normal
6392,tcp,http,Normal
6393,tcp,http,Normal
6394,icmp,ecr_i,DoS
6395,tcp,http,Normal
6396,tcp,http,Normal
6397,tcp,http,DoS
6398,tcp,telnet,Normal
6399,tcp,other,Probe
6400,udp,other,Normal
6401,tcp,other,Normal
6402,tcp,telnet,Normal
6403,tcp,http,Normal
6404,tcp,http,DoS
6405,tcp,http,Normal
6406,tcp,http,Normal
6407,tcp,http,Normal
6408,udp,private,DoS
6409,tcp,telnet,Normal
6410,tcp,ftp,Normal
6411,tcp,other,Normal
6412,tcp,other,Normal
6413,tcp,http,Normal
6414,tcp,telnet,Normal
6415,tcp,http,Normal
6416,tcp,other,Normal
6417,tcp,private,DoS
6418,tcp,http,Normal
6419,tcp,ftp_data,Normal
6420,tcp,telnet,Normal
6421,tcp,ftp,R2L
6422,tcp,http,Normal
6423,tcp,private,DoS
6424,tcp,http,Normal
6425,udp,private,Normal
6426,tcp,http,Normal
6427,tcp,auth,DoS
6428,tcp,ftp,Normal
6429,tcp,http,DoS
6430,tcp,other,Normal
6431,tcp,http,Normal
6432,tcp,other,Normal
6433,tcp,http,Normal
6434,tcp,other,Normal
6435,udp,private,Normal
6436,tcp,other,DoS
6437,tcp,http,Normal
6438,tcp,http,Normal
6439,tcp,http,Normal
6440,tcp,http,Normal
6441,icmp,eco_i,Probe
6442,tcp,ftp,Normal
6443,tcp,http,Normal
6444,tcp,http,Normal
6445,tcp,http,DoS
6446,tcp,private,DoS
6447,icmp,ecr_i,DoS
6448,tcp,private,DoS
6449,tcp,http,Normal
6450,tcp,smtp,Normal
6451,tcp,http,Normal
6452,tcp,telnet,Normal
6453,tcp,other,Normal
6454,tcp,http,Normal
6455,tcp,http,Normal
6456,tcp,smtp,Normal
6457,udp,domain_u,Normal
6458,icmp,ecr_i,DoS
6459,tcp,http,Normal
6460,udp,other,Probe
6461,tcp,telnet,Normal
6462,tcp,http,Normal
6463,tcp,other,DoS
6464,tcp,other,DoS
6465,tcp,other,DoS
6466,icmp,ecr_i,DoS
6467,tcp,other,DoS
6468,tcp,telnet,Normal
6469,tcp,http,Normal
6470,tcp,http,Normal
6471,tcp,http,Normal
6472,tcp,other,DoS
6473,tcp,other,Normal
6474,tcp,other,Probe
6475,tcp,private,Probe
6476,tcp,http,DoS
6477,tcp,http,DoS
6478,udp,other,Normal
6479,udp,private,Probe
6480,tcp,other,Normal
6481,tcp,http,DoS
6482,tcp,http,Normal
6483,tcp,telnet,Normal
6484,icmp,eco_i,Probe
6485,tcp,private,DoS
6486,tcp,other,Probe
6487,tcp,other,Probe
6488,tcp,smtp,Normal
6489,tcp,http,Normal
6490,tcp,private,DoS
6491,tcp,http,Normal
6492,udp,private,Normal
6493,tcp,http,Normal
6494,tcp,telnet,Normal
6495,udp,private,Normal
6496,tcp,smtp,Normal
6497,tcp,http,Normal
6498,tcp,iso_tsap,DoS
6499,icmp,eco_i,Probe
6500,tcp,other,Normal
6501,udp,private,Normal
6502,tcp,other,Normal
6503,tcp,ftp_data,Normal
6504,tcp,http,DoS
6505,udp,private,DoS
6506,udp,domain_u,Normal
6507,tcp,http,Normal
6508,udp,private,DoS
6509,tcp,http,Normal
6510,tcp,telnet,Normal
6511,tcp,http,Normal
6512,tcp,http,Normal
6513,udp,private,DoS
6514,tcp,private,DoS
6515,tcp,http,Normal
6516,udp,private,DoS
6517,tcp,private,DoS
6518,udp,domain_u,Normal
6519,icmp,ecr_i,DoS
6520,tcp,other,Normal
6521,tcp,http,Normal
6522,tcp,http,Normal
6523,tcp,http,Normal
6524,udp,private,Normal
6525,tcp,http,Normal
6526,tcp,other,DoS
6527,tcp,private,DoS
6528,tcp,http,DoS
6529,icmp,ecr_i,DoS
6530,tcp,other,DoS
6531,tcp,private,DoS
6532,tcp,private,DoS
6533,tcp,http,Normal
6534,tcp,http,Normal
6535,tcp,ftp_data,DoS
6536,tcp,telnet,Normal
6537,udp,private,DoS
6538,tcp,other,DoS
6539,tcp,http,Normal
6540,tcp,http,Normal
6541,tcp,http,DoS
6542,tcp,http,DoS
6543,tcp,other,Probe
6544,tcp,http,Normal
6545,tcp,http,DoS
6546,udp,other,Probe
6547,tcp,other,Normal
6548,udp,private,DoS
6549,tcp,http,Normal
6550,tcp,http,Normal
6551,tcp,uucp_path,DoS
6552,tcp,other,Normal
6553,tcp,http,Normal
6554,icmp,eco_i,Probe
6555,tcp,whois,DoS
6556,tcp,ftp_data,DoS
6557,tcp,http,Normal
6558,tcp,http,DoS
6559,tcp,http,Normal
6560,tcp,telnet,Normal
6561,tcp,http,Normal
6562,tcp,telnet,Normal
6563,tcp,private,DoS
6564,tcp,other,DoS
6565,tcp,other,Probe
6566,tcp,http,Normal
6567,udp,private,Normal
6568,tcp,http,Normal
6569,tcp,other,DoS
6570,tcp,http,Normal
6571,tcp,other,Probe
6572,icmp,eco_i,Probe
6573,tcp,other,DoS
6574,icmp,eco_i,Probe
6575,tcp,http,Normal
6576,tcp,other,DoS
6577,tcp,http,Normal
6578,tcp,other,Normal
6579,tcp,http,Normal
6580,tcp,other,Normal
6581,udp,private,Normal
6582,tcp,private,DoS
6583,tcp,private,DoS
6584,tcp,other,Probe
6585,tcp,other,Normal
6586,tcp,http,Normal
6587,tcp,telnet,Normal
6588,tcp,ftp,Normal
6589,icmp,eco_i,Probe
6590,tcp,http,Normal
6591,tcp,smtp,DoS
6592,tcp,http,Normal
6593,tcp,private,DoS
6594,tcp,telnet,Normal
6595,tcp,other,DoS
6596,tcp,other,Normal
6597,udp,private,DoS
6598,tcp,http,Normal
6599,tcp,http,Normal
6600,tcp,other,DoS
6601,tcp,http,Normal
6602,tcp,ftp,Normal
6603,udp,private,Normal
6604,udp,private,Probe
6605,tcp,http,Normal
6606,tcp,telnet,Normal
6607,tcp,http,Normal
6608,tcp,telnet,Normal
6609,tcp,telnet,Normal
6610,tcp,private,DoS
6611,tcp,other,Probe
6612,tcp,http,DoS
6613,tcp,http,Normal
6614,tcp,private,DoS
6615,udp,domain_u,Normal
6616,tcp,other,Normal
6617,tcp,http,DoS
6618,tcp,http,Normal
6619,tcp,http,Normal
6620,tcp,private,DoS
6621,tcp,http,Normal
6622,tcp,private,DoS
6623,udp,private,DoS
6624,tcp,telnet,DoS
6625,tcp,http,Normal
6626,tcp,http,Normal
6627,tcp,http,Normal
6628,udp,domain_u,Normal
6629,tcp,private,DoS
6630,tcp,other,Probe
6631,tcp,telnet,Normal
6632,tcp,http,Normal
6633,tcp,ftp_data,Normal
6634,tcp,private,DoS
6635,tcp,smtp,Normal
6636,icmp,eco_i,Probe
6637,tcp,private,DoS
6638,udp,domain_u,Normal
6639,tcp,http,Normal
6640,tcp,http,Normal
6641,tcp,http,DoS
6642,tcp,http,Normal
6643,udp,private,Normal
6644,tcp,private,Probe
6645,tcp,http,Normal
6646,tcp,smtp,Normal
6647,tcp,http,DoS
6648,tcp,telnet,Normal
6649,tcp,http,Normal
6650,tcp,private,DoS
6651,tcp,telnet,Normal
6652,tcp,http,Normal
6653,icmp,ecr_i,DoS
6654,tcp,private,DoS
6655,tcp,http,Normal
6656,udp,private,DoS
6657,tcp,http,Normal
6658,udp,domain_u,Normal
6659,tcp,private,DoS
6660,tcp,other,Normal
6661,tcp,http,Normal
6662,tcp,http,Normal
6663,udp,private,DoS
6664,tcp,time,DoS
6665,tcp,bgp,DoS
6666,tcp,http,Normal
6667,tcp,other,Probe
6668,tcp,ftp,Normal
6669,udp,domain_u,Normal
6670,tcp,other,Probe
6671,tcp,private,DoS
6672,tcp,http,Normal
6673,tcp,http,DoS
6674,tcp,http,Normal
6675,tcp,ftp,Normal
6676,tcp,private,DoS
6677,tcp,telnet,Normal
6678,tcp,http,Normal
6679,tcp,ftp,Normal
6680,tcp,telnet,Normal
6681,tcp,ftp,Normal
6682,tcp,private,DoS
6683,tcp,smtp,Normal
6684,tcp,smtp,Normal
6685,udp,private,DoS
6686,udp,domain_u,Normal
6687,tcp,http,Normal
6688,tcp,other,Normal
6689,tcp,http,Normal
6690,udp,private,DoS
6691,tcp,http,Normal
6692,tcp,http,DoS
6693,tcp,http,Normal
6694,tcp,private,DoS
6695,tcp,http,DoS
6696,udp,private,Normal
6697,tcp,other,DoS
6698,tcp,ftp_data,R2L
6699,tcp,http,Normal
6700,tcp,http,Normal
6701,tcp,http,DoS
6702,tcp,smtp,Normal
6703,tcp,private,DoS
6704,tcp,other,DoS
6705,udp,private,Probe
6706,tcp,http,Normal
6707,tcp,other,DoS
6708,tcp,http,Normal
6709,tcp,telnet,Normal
6710,udp,private,Probe
6711,tcp,other,Normal
6712,icmp,ecr_i,DoS
6713,tcp,http,Normal
6714,udp,domain_u,Normal
6715,icmp,ecr_i,DoS
6716,udp,domain_u,Normal
6717,tcp,ftp_data,Normal
6718,tcp,http,Normal
6719,tcp,private,DoS
6720,tcp,http,Normal
6721,tcp,other,DoS
6722,tcp,private,Probe
6723,tcp,http,Normal
6724,tcp,private,DoS
6725,tcp,http,DoS
6726,tcp,ftp_data,R2L
6727,tcp,http,DoS
6728,udp,domain_u,Normal
6729,tcp,http,Normal
6730,tcp,http,Normal
6731,tcp,other,Normal
6732,tcp,ftp_data,Normal
6733,icmp,ecr_i,DoS
6734,tcp,http,Normal
6735,tcp,private,DoS
6736,tcp,telnet,Normal
6737,tcp,smtp,Normal
6738,tcp,http,DoS
6739,tcp,smtp,Normal
6740,tcp,http,Normal
6741,tcp,telnet,Normal
6742,tcp,http,Normal
6743,tcp,http,Normal
6744,tcp,other,DoS
6745,tcp,http,Normal
6746,tcp,other,Probe
6747,icmp,ecr_i,DoS
6748,tcp,smtp,Normal
6749,tcp,http,DoS
6750,tcp,other,DoS
6751,tcp,http,Normal
6752,tcp,private,DoS
6753,tcp,private,Probe
6754,tcp,other,Probe
6755,tcp,other,Probe
6756,tcp,http,Normal
6757,tcp,http,DoS
6758,tcp,http,Normal
6759,tcp,ftp_data,Normal
6760,tcp,http,DoS
6761,tcp,http,Normal
6762,tcp,http,Normal
6763,tcp,http,Normal
6764,tcp,ftp_data,DoS
6765,tcp,http,Normal
6766,tcp,private,DoS
6767,udp,private,Probe
6768,icmp,eco_i,Probe
6769,tcp,http,Normal
6770,tcp,http,Normal
6771,tcp,private,DoS
6772,tcp,http,Normal
6773,tcp,private,DoS
6774,tcp,http,Normal
6775,tcp,smtp,Normal
6776,tcp,other,Normal
6777,icmp,ecr_i,DoS
6778,tcp,other,DoS
6779,tcp,http,Normal
6780,tcp,http,Normal
6781,tcp,private,DoS
6782,tcp,http,Normal
6783,tcp,http,Probe
6784,icmp,ecr_i,Normal
6785,icmp,ecr_i,DoS
6786,tcp,http,Normal
6787,tcp,private,Probe
6788,tcp,http,Normal
6789,udp,private,Normal
6790,tcp,http,Normal
6791,tcp,telnet,Normal
6792,tcp,uucp,DoS
6793,tcp,private,DoS
6794,tcp,other,Probe
6795,tcp,ftp,Normal
6796,tcp,http,Normal
6797,tcp,http,DoS
6798,tcp,private,DoS
6799,tcp,http,Normal
6800,tcp,telnet,Normal
6801,udp,domain_u,Normal
6802,tcp,http,DoS
6803,tcp,http,Normal
6804,tcp,http,Normal
6805,tcp,http,Normal
6806,tcp,http,Normal
6807,udp,private,Probe
6808,tcp,http,Normal
6809,udp,domain_u,Normal
6810,tcp,telnet,Normal
6811,tcp,other,Normal
6812,tcp,private,DoS
6813,tcp,ftp_data,Normal
6814,tcp,http,Normal
6815,tcp,http,Normal
6816,udp,domain_u,Normal
6817,tcp,http,DoS
6818,tcp,http,Normal
6819,tcp,other,Probe
6820,tcp,http,Normal
6821,icmp,ecr_i,DoS
6822,tcp,http,Normal
6823,icmp,ecr_i,DoS
6824,tcp,private,DoS
6825,tcp,other,Normal
6826,tcp,finger,DoS
6827,tcp,http,Normal
6828,tcp,private,DoS
6829,udp,private,Probe
6830,tcp,telnet,Normal
6831,tcp,bgp,DoS
6832,tcp,smtp,Normal
6833,tcp,http,Normal
6834,tcp,telnet,U2R
6835,tcp,http,DoS
6836,tcp,uucp_path,DoS
6837,tcp,private,DoS
6838,tcp,other,DoS
6839,tcp,smtp,Normal
6840,udp,other,Normal
6841,tcp,http,Normal
6842,tcp,telnet,Normal
6843,tcp,ftp_data,R2L
6844,tcp,ftp,Normal
6845,tcp,private,DoS
6846,tcp,other,Probe
6847,tcp,http,DoS
6848,tcp,other,DoS
6849,tcp,http,Normal
6850,tcp,http,Normal
6851,udp,private,Probe
6852,tcp,http,Normal
6853,tcp,ftp,Normal
6854,tcp,http,DoS
6855,udp,domain_u,Normal
6856,tcp,other,DoS
6857,udp,domain_u,Normal
6858,icmp,other,DoS
6859,tcp,http,Normal
6860,icmp,eco_i,Probe
6861,tcp,smtp,Normal
6862,tcp,telnet,Normal
6863,tcp,other,Normal
6864,tcp,smtp,Normal
6865,tcp,private,DoS
6866,tcp,private,DoS
6867,tcp,iso_tsap,DoS
6868,icmp,ecr_i,DoS
6869,tcp,http,Normal
6870,tcp,http,Normal
6871,tcp,telnet,Normal
6872,tcp,http,Normal
6873,tcp,http,Normal
6874,tcp,http,Normal
6875,udp,domain_u,Normal
6876,tcp,other,Probe
6877,tcp,other,Normal
6878,tcp,http,Normal
6879,tcp,http,Normal
6880,udp,domain_u,Normal
6881,tcp,http,Normal
6882,tcp,http,Normal
6883,tcp,private,DoS
6884,tcp,private,DoS
6885,tcp,private,Probe
6886,tcp,telnet,Normal
6887,tcp,telnet,Normal
6888,tcp,private,DoS
6889,tcp,http,Normal
6890,tcp,private,DoS
6891,tcp,http,Normal
6892,tcp,http,Normal
6893,tcp,private,Probe
6894,tcp,telnet,DoS
6895,tcp,other,Normal
6896,udp,private,Normal
6897,tcp,other,DoS
6898,udp,private,Normal
6899,udp,domain_u,Normal
6900,udp,domain_u,Normal
6901,tcp,private,DoS
6902,tcp,ftp_data,Normal
6903,tcp,smtp,Normal
6904,tcp,http,Normal
6905,tcp,http,DoS
6906,tcp,http,Normal
6907,udp,other,Probe
6908,tcp,telnet,Normal
6909,udp,private,Normal
6910,tcp,ftp_data,Normal
6911,tcp,http,Normal
6912,udp,private,Normal
6913,tcp,http,Normal
6914,tcp,smtp,Normal
6915,tcp,smtp,Normal
6916,tcp,ftp_data,R2L
6917,tcp,other,DoS
6918,tcp,http,Normal
6919,tcp,telnet,Normal
6920,tcp,private,DoS
6921,tcp,http,Normal
6922,tcp,ftp_data,Normal
6923,tcp,http,Normal
6924,tcp,http,Normal
6925,tcp,other,Normal
6926,tcp,other,Normal
6927,tcp,http,DoS
6928,tcp,private,DoS
6929,tcp,private,DoS
6930,tcp,other,DoS
6931,tcp,ftp,Normal
6932,tcp,http,Normal
6933,icmp,eco_i,Probe
6934,tcp,telnet,Normal
6935,icmp,ecr_i,DoS
6936,icmp,ecr_i,DoS
6937,tcp,telnet,Normal
6938,tcp,http,Normal
6939,tcp,telnet,Normal
6940,tcp,http,DoS
6941,tcp,ftp_data,Normal
6942,tcp,http,DoS
6943,icmp,ecr_i,DoS
6944,tcp,other,DoS
6945,tcp,http,DoS
6946,tcp,private,DoS
6947,tcp,private,DoS
6948,udp,private,Normal
6949,tcp,smtp,Normal
6950,tcp,http,Normal
6951,tcp,private,DoS
6952,tcp,http,Normal
6953,tcp,http,Normal
6954,tcp,http,Normal
6955,tcp,ftp,Normal
6956,tcp,private,DoS
6957,tcp,smtp,Normal
6958,udp,other,Normal
6959,tcp,private,DoS
6960,tcp,http,Normal
6961,tcp,http,Normal
6962,tcp,smtp,Normal
6963,tcp,private,DoS
6964,tcp,ftp,Normal
6965,tcp,http,Normal
6966,udp,domain_u,Normal
6967,tcp,ftp_data,Normal
6968,udp,other,Normal
6969,tcp,http,DoS
6970,udp,domain_u,Normal
6971,udp,private,Normal
6972,tcp,other,DoS
6973,tcp,ftp_data,Normal
6974,tcp,ftp,Normal
6975,tcp,http,Normal
6976,tcp,other,DoS
6977,tcp,http,Normal
6978,tcp,other,Probe
6979,tcp,http,Normal
6980,tcp,http,Normal
6981,tcp,smtp,Normal
6982,tcp,private,DoS
6983,tcp,private,DoS
6984,tcp,http,Normal
6985,tcp,private,DoS
6986,tcp,telnet,Normal
6987,tcp,http,Normal
6988,tcp,other,DoS
6989,tcp,http,Normal
6990,udp,private,DoS
6991,icmp,ecr_i,DoS
6992,tcp,private,DoS
6993,tcp,http,Normal
6994,icmp,ecr_i,DoS
6995,icmp,eco_i,Probe
6996,tcp,ftp,Normal
6997,tcp,smtp,Normal
6998,tcp,private,Probe
6999,tcp,http,Normal
7000,tcp,http,Normal
7001,tcp,uucp_path,DoS
7002,tcp,http,Normal
7003,tcp,http,Normal
7004,tcp,http,Normal
7005,udp,domain_u,Normal
7006,tcp,private,DoS
7007,tcp,telnet,Normal
7008,tcp,ftp,Normal
7009,tcp,other,Normal
7010,tcp,http,Normal
7011,tcp,other,Normal
7012,tcp,telnet,Normal
7013,udp,private,Normal
7014,tcp,http,Normal
7015,tcp,http,DoS
7016,tcp,private,DoS
7017,tcp,other,Probe
7018,tcp,http,Normal
7019,tcp,Z39_50,DoS
7020,tcp,telnet,DoS
7021,tcp,http,Normal
7022,tcp,private,DoS
7023,icmp,ecr_i,DoS
7024,udp,private,Normal
7025,tcp,http,Normal
7026,tcp,private,DoS
7027,tcp,telnet,Normal
7028,tcp,private,DoS
7029,tcp,http,Normal
7030,tcp,http,Normal
7031,tcp,telnet,Normal
7032,tcp,ftp_data,Normal
7033,tcp,http,Normal
7034,icmp,ecr_i,Normal
7035,tcp,other,DoS
7036,tcp,http,Normal
7037,tcp,private,DoS
7038,tcp,http,Normal
7039,tcp,ftp_data,Normal
7040,tcp,private,DoS
7041,udp,domain_u,Normal
7042,tcp,http,Normal
7043,tcp,other,Probe
7044,tcp,private,Probe
7045,tcp,http,Normal
7046,tcp,http,Normal
7047,tcp,http,Normal
7048,tcp,smtp,Normal
7049,tcp,other,Normal
7050,tcp,http,Normal
7051,tcp,other,DoS
7052,tcp,http,DoS
7053,tcp,http,Normal
7054,tcp,telnet,Normal
7055,tcp,http,Normal
7056,tcp,other,Normal
7057,tcp,private,DoS
7058,tcp,smtp,Normal
7059,tcp,uucp,DoS
7060,icmp,ecr_i,DoS
7061,tcp,private,DoS
7062,icmp,ecr_i,DoS
7063,tcp,private,Probe
7064,tcp,http,Normal
7065,tcp,http,Normal
7066,tcp,http,Normal
7067,tcp,ftp_data,R2L
7068,tcp,other,DoS
7069,tcp,private,DoS
7070,tcp,telnet,Normal
7071,icmp,ecr_i,DoS
7072,icmp,ecr_i,DoS
7073,icmp,ecr_i,Probe
7074,tcp,http,DoS
7075,tcp,other,Probe
7076,tcp,other,Normal
7077,tcp,telnet,Normal
7078,tcp,ftp,Normal
7079,tcp,smtp,Normal
7080,tcp,other,Normal
7081,tcp,http,Normal
7082,tcp,other,Normal
7083,udp,domain_u,Normal
7084,tcp,other,DoS
7085,tcp,other,Normal
7086,tcp,private,DoS
7087,tcp,ftp,Normal
7088,tcp,private,Probe
7089,tcp,http,Normal
7090,tcp,other,Normal
7091,tcp,other,Probe
7092,tcp,ftp,Normal
7093,tcp,private,DoS
7094,tcp,other,DoS
7095,tcp,other,Normal
7096,tcp,http,DoS
7097,tcp,uucp,DoS
7098,tcp,http,Normal
7099,tcp,http,Normal
7100,tcp,ftp,Normal
7101,tcp,telnet,Normal
7102,tcp,telnet,DoS
7103,tcp,http,Normal
7104,udp,private,Normal
7105,tcp,telnet,Probe
7106,tcp,http,Normal
7107,tcp,telnet,DoS
7108,tcp,smtp,Normal
7109,tcp,other,DoS
7110,tcp,http,Normal
7111,tcp,ftp_data,Normal
7112,tcp,smtp,Normal
7113,udp,private,DoS
7114,tcp,http,Normal
7115,tcp,other,DoS
7116,udp,domain_u,Normal
7117,tcp,http,Normal
7118,tcp,private,DoS
7119,tcp,private,DoS
7120,tcp,private,DoS
7121,tcp,http,Normal
7122,tcp,http,Normal
7123,tcp,other,Normal
7124,tcp,ftp,Normal
7125,tcp,http,Normal
7126,tcp,http,Normal
7127,tcp,private,DoS
7128,tcp,http,Normal
7129,udp,private,Normal
7130,tcp,private,DoS
7131,tcp,telnet,Normal
7132,tcp,other,Normal
7133,tcp,other,Probe
7134,tcp,private,DoS
7135,udp,domain_u,Normal
7136,tcp,http,Normal
7137,icmp,ecr_i,DoS
7138,tcp,http,Normal
7139,tcp,http,Normal
7140,tcp,http,Normal
7141,tcp,http,Normal
7142,tcp,iso_tsap,DoS
7143,tcp,telnet,Normal
7144,tcp,other,Normal
7145,tcp,private,DoS
7146,tcp,http,Normal
7147,tcp,other,DoS
7148,tcp,http,Normal
7149,tcp,http,DoS
7150,icmp,other,Normal
7151,tcp,other,Normal
7152,tcp,http,Normal
7153,tcp,http,Normal
7154,tcp,ftp,Normal
7155,tcp,http,Normal
7156,tcp,http,Normal
7157,tcp,telnet,Normal
7158,tcp,http,Normal
7159,tcp,telnet,Normal
7160,tcp,private,DoS
7161,udp,private,DoS
7162,tcp,other,DoS
7163,udp,domain_u,Normal
7164,tcp,http,Normal
7165,tcp,http,Normal
7166,tcp,private,DoS
7167,tcp,other,DoS
7168,tcp,smtp,Normal
7169,tcp,iso_tsap,DoS
7170,tcp,other,DoS
7171,tcp,telnet,Normal
7172,tcp,http,Normal
7173,udp,domain_u,Normal
7174,tcp,private,DoS
7175,udp,other,Normal
7176,tcp,other,DoS
7177,tcp,private,DoS
7178,tcp,telnet,Normal
7179,tcp,private,Probe
7180,tcp,private,DoS
7181,tcp,telnet,Normal
7182,tcp,telnet,Normal
7183,udp,private,Probe
7184,icmp,ecr_i,DoS
7185,udp,private,Probe
7186,tcp,telnet,R2L
7187,tcp,ftp,Normal
7188,udp,domain_u,Normal
7189,tcp,ftp_data,Normal
7190,tcp,http,DoS
7191,tcp,http,Normal
7192,udp,domain_u,Normal
7193,tcp,telnet,Normal
7194,tcp,ftp_data,R2L
7195,tcp,http,Normal
7196,tcp,private,DoS
7197,tcp,smtp,Normal
7198,tcp,other,Normal
7199,tcp,other,Normal
7200,tcp,http,Normal
7201,tcp,http,Normal
7202,tcp,http,Normal
7203,tcp,telnet,Normal
7204,tcp,http,Normal
7205,tcp,http,DoS
7206,tcp,other,Normal
7207,tcp,ftp,Normal
7208,tcp,http,Normal
7209,tcp,other,Normal
7210,udp,private,Normal
7211,tcp,http,Normal
7212,tcp,http,Normal
7213,tcp,other,Normal
7214,tcp,ftp,Normal
7215,tcp,other,Probe
7216,tcp,http,Normal
7217,tcp,http,DoS
7218,tcp,http,Normal
7219,tcp,other,Normal
7220,tcp,private,DoS
7221,tcp,http,Normal
7222,tcp,bgp,DoS
7223,tcp,private,DoS
7224,tcp,telnet,DoS
7225,tcp,http,Normal
7226,tcp,http,DoS
7227,tcp,http,DoS
7228,tcp,private,DoS
7229,tcp,ftp_data,Normal
7230,tcp,http,Normal
7231,tcp,http,Normal
7232,udp,domain_u,Normal
7233,tcp,other,DoS
7234,tcp,http,DoS
7235,tcp,http,Normal
7236,tcp,http,Normal
7237,tcp,http,Normal
7238,tcp,other,DoS
7239,tcp,http,Normal
7240,tcp,http,DoS
7241,tcp,private,DoS
7242,tcp,ftp,DoS
7243,tcp,ftp_data,Normal
7244,tcp,courier,DoS
7245,icmp,ecr_i,DoS
7246,tcp,private,Probe
7247,tcp,http,Normal
7248,tcp,http,Normal
7249,icmp,ecr_i,DoS
7250,tcp,other,Normal
7251,tcp,other,Probe
7252,tcp,http,Normal
7253,tcp,other,DoS
7254,tcp,other,Probe
7255,tcp,http,Normal
7256,tcp,ftp_data,R2L
7257,tcp,finger,DoS
7258,udp,private,Normal
7259,tcp,http,Normal
7260,tcp,ftp_data,Normal
7261,tcp,telnet,Normal
7262,tcp,http,Normal
7263,tcp,http,Normal
7264,udp,domain_u,Normal
7265,tcp,private,DoS
7266,tcp,http,DoS
7267,tcp,http,Normal
7268,tcp,private,DoS
7269,tcp,private,DoS
7270,tcp,http,Normal
7271,udp,other,Normal
7272,tcp,http,Normal
7273,tcp,other,DoS
7274,udp,domain_u,Normal
7275,tcp,ftp_data,Normal
7276,tcp,http,DoS
7277,tcp,iso_tsap,DoS
7278,tcp,http,Normal
7279,tcp,telnet,Normal
7280,tcp,telnet,Normal
7281,tcp,http,Normal
7282,tcp,other,DoS
7283,tcp,other,Probe
7284,tcp,other,Normal
7285,tcp,ftp_data,Normal
7286,tcp,private,DoS
7287,tcp,private,DoS
7288,tcp,http,Normal
7289,tcp,private,DoS
7290,tcp,smtp,Normal
7291,tcp,smtp,Normal
7292,tcp,other,DoS
7293,tcp,http,Normal
7294,tcp,other,DoS
7295,tcp,other,Normal
7296,udp,other,Probe
7297,tcp,telnet,Normal
7298,tcp,iso_tsap,DoS
7299,tcp,http,Normal
7300,tcp,private,DoS
7301,udp,private,Probe
7302,tcp,other,DoS
7303,tcp,smtp,Normal
7304,tcp,http,Normal
7305,tcp,http,Normal
7306,tcp,http,Normal
7307,tcp,private,DoS
7308,icmp,ecr_i,DoS
7309,tcp,private,DoS
7310,tcp,http,Normal
7311,tcp,http,Normal
7312,tcp,http,DoS
7313,tcp,ftp,Normal
7314,tcp,http,DoS
7315,tcp,http,Normal
7316,tcp,telnet,Normal
7317,tcp,http,Normal
7318,tcp,smtp,Normal
7319,tcp,http,Normal
7320,tcp,http,DoS
7321,tcp,other,DoS
7322,tcp,telnet,Probe
7323,tcp,http,DoS
7324,udp,domain_u,Normal
7325,icmp,eco_i,Probe
7326,udp,domain_u,Normal
7327,tcp,private,DoS
7328,tcp,ftp,Normal
7329,udp,private,Probe
7330,tcp,http,Normal
7331,tcp,http,DoS
7332,tcp,private,DoS
7333,tcp,private,DoS
7334,tcp,http,Normal
7335,tcp,smtp,Normal
7336,tcp,http,Normal
7337,tcp,telnet,Normal
7338,tcp,private,DoS
7339,tcp,http,DoS
7340,tcp,http,Normal
7341,tcp,private,DoS
7342,tcp,private,DoS
7343,tcp,private,DoS
7344,icmp,eco_i,Probe
7345,tcp,private,DoS
7346,tcp,other,DoS
7347,tcp,http,Normal
7348,tcp,private,DoS
7349,tcp,http,Normal
7350,tcp,http,Normal
7351,tcp,ftp_data,Normal
7352,tcp,http,Normal
7353,tcp,smtp,Normal
7354,tcp,smtp,Normal
7355,tcp,telnet,Normal
7356,tcp,http,Normal
7357,tcp,http,Normal
7358,tcp,ftp,Normal
7359,tcp,telnet,Normal
7360,icmp,eco_i,Probe
7361,udp,private,DoS
7362,tcp,http,DoS
7363,tcp,other,DoS
7364,tcp,http,Normal
7365,tcp,other,DoS
7366,tcp,http,Normal
7367,tcp,http,Normal
7368,tcp,http,DoS
7369,tcp,other,DoS
7370,icmp,eco_i,Probe
7371,tcp,http,Normal
7372,tcp,http,Normal
7373,tcp,smtp,Normal
7374,udp,other,Normal
7375,tcp,http,Normal
7376,tcp,private,DoS
7377,tcp,http,DoS
7378,tcp,private,DoS
7379,udp,domain_u,Normal
7380,tcp,http,Normal
7381,tcp,http,Normal
7382,udp,private,Probe
7383,udp,domain_u,Normal
7384,tcp,telnet,Normal
7385,tcp,http,DoS
7386,tcp,http,Normal
7387,tcp,http,Normal
7388,tcp,telnet,Normal
7389,icmp,ecr_i,DoS
7390,tcp,private,DoS
7391,udp,private,Normal
7392,tcp,private,DoS
7393,tcp,http,Normal
7394,tcp,other,DoS
7395,icmp,ecr_i,DoS
7396,tcp,smtp,Normal
7397,udp,private,DoS
7398,tcp,http,Normal
7399,udp,domain_u,Normal
7400,tcp,http,Normal
7401,tcp,http,DoS
7402,udp,private,Normal
7403,tcp,private,DoS
7404,tcp,telnet,Normal
7405,tcp,private,DoS
7406,tcp,http,Normal
7407,udp,private,Normal
7408,tcp,private,DoS
7409,icmp,eco_i,Probe
7410,tcp,private,DoS
7411,tcp,private,DoS
7412,udp,private,DoS
7413,tcp,smtp,Normal
7414,tcp,private,DoS
7415,tcp,http,Normal
7416,tcp,http,Normal
7417,tcp,http,Normal
7418,tcp,http,Normal
7419,tcp,http,Normal
7420,tcp,http,Normal
7421,tcp,http,Normal
7422,tcp,http,Normal
7423,tcp,ftp_data,Normal
7424,tcp,private,DoS
7425,tcp,other,Normal
7426,tcp,telnet,Normal
7427,udp,private,Normal
7428,tcp,http,DoS
7429,tcp,http,Normal
7430,tcp,telnet,Normal
7431,tcp,private,DoS
7432,tcp,http,Normal
7433,udp,other,Normal
7434,tcp,smtp,DoS
7435,tcp,http,Normal
7436,tcp,smtp,Normal
7437,tcp,private,DoS
7438,tcp,http,Normal
7439,tcp,ftp_data,Normal
7440,tcp,http,Normal
7441,tcp,http,Normal
7442,tcp,http,DoS
7443,tcp,http,Normal
7444,tcp,other,DoS
7445,tcp,http,Normal
7446,udp,private,Normal
7447,tcp,http,Normal
7448,tcp,other,DoS
7449,tcp,telnet,Normal
7450,tcp,http,Normal
7451,icmp,eco_i,Normal
7452,tcp,other,Probe
7453,tcp,http,Normal
7454,tcp,ftp_data,R2L
7455,tcp,other,Probe
7456,tcp,other,Probe
7457,tcp,telnet,Normal
7458,tcp,private,DoS
7459,tcp,private,Probe
7460,udp,private,DoS
7461,tcp,http,Normal
7462,tcp,private,DoS
7463,udp,private,Normal
7464,tcp,ftp,Normal
7465,udp,domain_u,Normal
7466,tcp,smtp,Normal
7467,udp,domain_u,Normal
7468,icmp,eco_i,Probe
7469,tcp,http,Normal
7470,tcp,http,Normal
7471,icmp,ecr_i,DoS
7472,tcp,private,DoS
7473,icmp,eco_i,Probe
7474,tcp,uucp,DoS
7475,tcp,private,DoS
7476,tcp,http,DoS
7477,tcp,http,Normal
7478,tcp,smtp,Normal
7479,tcp,ftp_data,Normal
7480,tcp,http,Normal
7481,tcp,private,DoS
7482,tcp,other,Probe
7483,tcp,uucp,DoS
7484,udp,domain_u,Normal
7485,tcp,private,Probe
7486,tcp,private,DoS
7487,tcp,http,Normal
7488,tcp,smtp,Normal
7489,tcp,private,DoS
7490,tcp,http,Normal
7491,icmp,ecr_i,DoS
7492,tcp,http,Normal
7493,tcp,telnet,Normal
7494,udp,domain_u,Normal
7495,tcp,ftp,Normal
7496,udp,private,Normal
7497,tcp,http,Normal
7498,udp,domain_u,Normal
7499,tcp,http,Normal
7500,tcp,private,DoS
7501,tcp,other,Normal
7502,tcp,telnet,Normal
7503,tcp,http,Normal
7504,tcp,http,Normal
7505,tcp,private,DoS
7506,tcp,smtp,Normal
7507,udp,domain_u,Normal
7508,icmp,eco_i,Probe
7509,tcp,http,Normal
7510,tcp,other,DoS
7511,tcp,private,DoS
7512,tcp,http,DoS
7513,tcp,other,Normal
7514,tcp,http,Normal
7515,tcp,private,DoS
7516,tcp,http,Normal
7517,udp,other,Probe
7518,icmp,ecr_i,DoS
7519,tcp,other,DoS
7520,tcp,http,Normal
7521,tcp,private,DoS
7522,tcp,ftp_data,R2L
7523,tcp,http,Normal
7524,tcp,http,Normal
7525,tcp,http,Normal
7526,icmp,ecr_i,DoS
7527,tcp,http,DoS
7528,udp,private,Normal
7529,tcp,other,Normal
7530,tcp,telnet,Normal
7531,udp,private,DoS
7532,tcp,private,DoS
7533,tcp,other,Probe
7534,udp,private,Probe
7535,tcp,auth,DoS
7536,tcp,other,Probe
7537,udp,private,Normal
7538,tcp,http,Normal
7539,udp,private,DoS
7540,udp,private,Normal
7541,tcp,telnet,Normal
7542,tcp,http,Normal
7543,udp,private,Normal
7544,icmp,ecr_i,DoS
7545,tcp,http,Normal
7546,tcp,http,DoS
7547,tcp,private,DoS
7548,tcp,iso_tsap,DoS
7549,tcp,ftp_data,Normal
7550,tcp,http,Normal
7551,icmp,eco_i,Probe
7552,tcp,http,Normal
7553,tcp,http,Normal
7554,tcp,other,Probe
7555,tcp,telnet,Normal
7556,tcp,telnet,DoS
7557,tcp,other,DoS
7558,tcp,telnet,Normal
7559,tcp,private,Probe
7560,tcp,other,Normal
7561,tcp,http,Normal
7562,tcp,http,Normal
7563,tcp,private,DoS
7564,tcp,http,Normal
7565,tcp,other,DoS
7566,tcp,other,Probe
7567,tcp,private,DoS
7568,udp,private,Probe
7569,tcp,private,DoS
7570,tcp,telnet,Normal
7571,tcp,private,DoS
7572,tcp,private,DoS
7573,tcp,http,Normal
7574,tcp,smtp,Normal
7575,tcp,other,Probe
7576,tcp,http,Normal
7577,udp,domain_u,Normal
7578,udp,private,DoS
7579,tcp,other,Probe
7580,tcp,http,DoS
7581,tcp,other,Normal
7582,tcp,http,Normal
7583,tcp,private,DoS
7584,icmp,eco_i,Probe
7585,tcp,http,Normal
7586,tcp,ftp_data,R2L
7587,tcp,http,Normal
7588,tcp,http,Normal
7589,tcp,http,DoS
7590,tcp,smtp,Normal
7591,tcp,http,Normal
7592,tcp,http,Normal
7593,tcp,http,Normal
7594,tcp,http,Normal
7595,tcp,http,Normal
7596,tcp,private,DoS
7597,tcp,http,Normal
7598,tcp,http,Normal
7599,tcp,telnet,Normal
7600,tcp,http,Normal
7601,udp,private,Normal
7602,tcp,http,Normal
7603,tcp,http,Normal
7604,tcp,uucp_path,DoS
7605,udp,private,DoS
7606,udp,private,Probe
7607,tcp,http,Normal
7608,tcp,private,DoS
7609,tcp,private,DoS
7610,tcp,http,Normal
7611,tcp,other,Probe
7612,tcp,http,Normal
7613,tcp,http,Normal
7614,tcp,telnet,Normal
7615,tcp,telnet,DoS
7616,tcp,other,Normal
7617,tcp,http,Normal
7618,tcp,private,DoS
7619,icmp,ecr_i,DoS
7620,tcp,http,Normal
7621,tcp,ftp_data,Normal
7622,tcp,http,Normal
7623,tcp,private,DoS
7624,tcp,other,Normal
7625,tcp,ftp,DoS
7626,tcp,finger,Normal
7627,tcp,http,Normal
7628,tcp,http,Normal
7629,tcp,http,DoS
7630,tcp,other,Normal
7631,tcp,other,Normal
7632,tcp,http,DoS
7633,tcp,other,Probe
7634,tcp,telnet,Normal
7635,udp,private,Normal
7636,tcp,http,Normal
7637,tcp,private,DoS
7638,udp,other,Normal
7639,tcp,http,Normal
7640,tcp,private,DoS
7641,udp,private,Normal
7642,icmp,ecr_i,DoS
7643,tcp,http,Normal
7644,udp,domain_u,Normal
7645,tcp,other,DoS
7646,tcp,http,DoS
7647,udp,private,Normal
7648,tcp,other,DoS
7649,tcp,private,DoS
7650,tcp,http,Normal
7651,tcp,private,DoS
7652,tcp,private,Probe
7653,tcp,other,Probe
7654,udp,private,Normal
7655,tcp,http,Normal
7656,icmp,ecr_i,DoS
7657,tcp,private,DoS
7658,icmp,eco_i,Probe
7659,icmp,ecr_i,DoS
7660,tcp,other,DoS
7661,tcp,smtp,Normal
7662,tcp,other,DoS
7663,tcp,http,Normal
7664,tcp,private,DoS
7665,udp,private,Normal
7666,tcp,http,DoS
7667,tcp,http,Normal
7668,icmp,ecr_i,DoS
7669,tcp,other,DoS
7670,tcp,http,Normal
7671,tcp,http,Normal
7672,tcp,http,Normal
7673,tcp,http,DoS
7674,tcp,telnet,Normal
7675,tcp,http,Normal
7676,tcp,smtp,Normal
7677,icmp,ecr_i,DoS
7678,tcp,other,Normal
7679,tcp,http,Normal
7680,tcp,http,Normal
7681,tcp,courier,DoS
7682,udp,domain_u,Normal
7683,tcp,telnet,Normal
7684,tcp,ftp_data,Normal
7685,tcp,http,Normal
7686,tcp,http,Normal
7687,tcp,http,Normal
7688,tcp,http,Normal
7689,tcp,other,Normal
7690,tcp,other,DoS
7691,tcp,other,DoS
7692,tcp,http,Normal
7693,tcp,http,Normal
7694,tcp,http,DoS
7695,tcp,telnet,Normal
7696,tcp,other,DoS
7697,tcp,private,DoS
7698,tcp,http,Normal
7699,tcp,private,DoS
7700,tcp,http,Normal
7701,tcp,http,Normal
7702,tcp,private,DoS
7703,tcp,private,DoS
7704,tcp,http,Normal
7705,udp,private,Probe
7706,tcp,ftp_data,Normal
7707,tcp,private,DoS
7708,udp,domain_u,Normal
7709,udp,private,Normal
7710,tcp,smtp,Normal
7711,tcp,other,Normal
7712,udp,domain_u,Normal
7713,tcp,http,Normal
7714,tcp,telnet,Normal
7715,tcp,private,DoS
7716,tcp,other,Probe
7717,tcp,http,Normal
7718,tcp,http,DoS
7719,tcp,http,Normal
7720,tcp,smtp,Normal
7721,tcp,ftp_data,R2L
7722,tcp,private,DoS
7723,tcp,http,Normal
7724,tcp,http,Normal
7725,tcp,smtp,Normal
7726,tcp,smtp,Normal
7727,tcp,private,DoS
7728,udp,domain_u,Normal
7729,tcp,private,Probe
7730,udp,private,DoS
7731,udp,private,Normal
7732,tcp,private,DoS
7733,tcp,http,Normal
7734,tcp,private,DoS
7735,tcp,telnet,Normal
7736,tcp,smtp,Normal
7737,tcp,other,Probe
7738,tcp,private,DoS
7739,tcp,http,Normal
7740,tcp,http,Normal
7741,udp,private,Normal
7742,tcp,smtp,Normal
7743,tcp,http,Normal
7744,tcp,http,Normal
7745,tcp,http,Normal
7746,tcp,private,DoS
7747,tcp,http,DoS
7748,tcp,ftp,Normal
7749,tcp,http,Normal
7750,icmp,ecr_i,DoS
7751,tcp,private,DoS
7752,tcp,http,Normal
7753,tcp,http,Normal
7754,tcp,http,DoS
7755,tcp,http,Normal
7756,tcp,telnet,Normal
7757,tcp,other,DoS
7758,tcp,http,Normal
7759,udp,private,Probe
7760,tcp,private,DoS
7761,udp,other,Normal
7762,tcp,auth,DoS
7763,tcp,private,DoS
7764,tcp,http,Normal
7765,tcp,http,Normal
7766,tcp,http,Normal
7767,tcp,other,Normal
7768,tcp,http,Normal
7769,tcp,http,Normal
7770,tcp,ftp_data,R2L
7771,tcp,finger,DoS
7772,tcp,private,DoS
7773,udp,private,DoS
7774,tcp,http,Normal
7775,tcp,other,DoS
7776,tcp,http,Normal
7777,tcp,http,Normal
7778,tcp,http,Normal
7779,tcp,other,Probe
7780,tcp,telnet,Normal
7781,tcp,telnet,Normal
7782,tcp,private,DoS
7783,tcp,telnet,Normal
7784,tcp,other,DoS
7785,tcp,telnet,DoS
7786,tcp,smtp,Normal
7787,tcp,private,DoS
7788,tcp,telnet,Normal
7789,udp,domain_u,Normal
7790,tcp,private,DoS
7791,tcp,http,Normal
7792,tcp,http,Normal
7793,tcp,private,Probe
7794,tcp,http,DoS
7795,tcp,http,Normal
7796,tcp,http,Normal
7797,tcp,http,Normal
7798,tcp,http,Normal
7799,tcp,other,Normal
7800,tcp,ftp_data,R2L
7801,tcp,http,Normal
7802,tcp,telnet,Normal
7803,tcp,http,Normal
7804,tcp,http,Normal
7805,tcp,http,DoS
7806,tcp,http,Normal
7807,udp,domain_u,Normal
7808,tcp,private,Probe
7809,tcp,private,DoS
7810,tcp,http,DoS
7811,tcp,ftp_data,Normal
7812,tcp,private,DoS
7813,tcp,http,Normal
7814,udp,private,Probe
7815,tcp,ftp_data,Normal
7816,tcp,http,Normal
7817,tcp,ftp_data,R2L
7818,udp,domain_u,Normal
7819,icmp,ecr_i,DoS
7820,udp,domain_u,Normal
7821,tcp,telnet,Normal
7822,tcp,http,Normal
7823,tcp,other,DoS
7824,tcp,http,Normal
7825,tcp,other,Normal
7826,tcp,private,DoS
7827,tcp,http,Normal
7828,tcp,private,DoS
7829,tcp,ftp,Normal
7830,icmp,eco_i,Probe
7831,udp,other,Normal
7832,udp,private,Normal
7833,tcp,http,Normal
7834,tcp,private,Probe
7835,tcp,http,Normal
7836,icmp,ecr_i,Normal
7837,tcp,private,Probe
7838,tcp,other,Probe
7839,udp,private,Normal
7840,tcp,http,Normal
7841,icmp,ecr_i,DoS
7842,icmp,ecr_i,DoS
7843,tcp,other,DoS
7844,tcp,other,Normal
7845,tcp,http,Normal
7846,tcp,other,Normal
7847,tcp,http,Normal
7848,tcp,other,Probe
7849,tcp,http,Normal
7850,tcp,private,DoS
7851,tcp,other,Normal
7852,udp,private,Probe
7853,tcp,ftp,Normal
7854,tcp,ftp_data,R2L
7855,tcp,ftp,Normal
7856,udp,domain_u,Normal
7857,tcp,private,DoS
7858,tcp,http,Normal
7859,tcp,http,Normal
7860,tcp,other,Probe
7861,tcp,other,Probe
7862,tcp,http,Normal
7863,tcp,http,Normal
7864,icmp,ecr_i,Normal
7865,tcp,smtp,Normal
7866,udp,private,DoS
7867,tcp,http,Normal
7868,tcp,other,Normal
7869,tcp,private,DoS
7870,tcp,http,Normal
7871,tcp,smtp,Normal
7872,tcp,other,Probe
7873,tcp,http,Normal
7874,tcp,http,Normal
7875,tcp,http,Normal
7876,tcp,http,Normal
7877,tcp,private,DoS
7878,tcp,other,DoS
7879,tcp,other,DoS
7880,tcp,http,Normal
7881,tcp,telnet,Normal
7882,tcp,http,Normal
7883,tcp,smtp,Normal
7884,tcp,ftp_data,Normal
7885,tcp,telnet,Normal
7886,icmp,eco_i,Probe
7887,tcp,ftp_data,Normal
7888,tcp,telnet,Normal
7889,tcp,http,Normal
7890,tcp,http,Normal
7891,tcp,private,DoS
7892,tcp,http,Normal
7893,tcp,other,Normal
7894,tcp,smtp,Normal
7895,tcp,http,Normal
7896,tcp,private,Probe
7897,udp,domain_u,Normal
7898,udp,domain_u,Normal
7899,tcp,http,DoS
7900,tcp,private,DoS
7901,tcp,ftp_data,Normal
7902,tcp,http,Normal
7903,udp,private,DoS
7904,tcp,http,Normal
7905,tcp,smtp,Normal
7906,tcp,ftp_data,Normal
7907,tcp,private,Probe
7908,tcp,http,Normal
7909,tcp,private,DoS
7910,tcp,private,DoS
7911,tcp,telnet,Normal
7912,udp,private,Normal
7913,tcp,http,Normal
7914,tcp,http,Normal
7915,tcp,http,DoS
7916,tcp,http,Normal
7917,tcp,other,Probe
7918,tcp,private,DoS
7919,tcp,http,Normal
7920,tcp,http,Normal
7921,udp,private,Probe
7922,tcp,http,Normal
7923,tcp,other,Normal
7924,tcp,smtp,Normal
7925,tcp,other,Probe
7926,tcp,smtp,Normal
7927,tcp,private,DoS
7928,tcp,http,DoS
7929,tcp,private,DoS
7930,tcp,private,Probe
7931,icmp,eco_i,Probe
7932,tcp,http,Normal
7933,icmp,ecr_i,DoS
7934,tcp,ftp_data,Normal
7935,tcp,telnet,Normal
7936,tcp,http,Normal
7937,tcp,private,DoS
7938,tcp,http,Normal
7939,tcp,other,DoS
7940,tcp,other,DoS
7941,icmp,ecr_i,DoS
7942,tcp,http,Normal
7943,tcp,other,Probe
7944,tcp,telnet,Normal
7945,tcp,ftp,Normal
7946,tcp,private,DoS
7947,tcp,http,Normal
7948,tcp,other,Normal
7949,tcp,http,Normal
7950,tcp,http,Normal
7951,tcp,http,Normal
7952,tcp,http,Normal
7953,icmp,ecr_i,DoS
7954,tcp,private,Probe
7955,tcp,smtp,Normal
7956,tcp,http,Normal
7957,tcp,http,Normal
7958,tcp,http,DoS
7959,tcp,uucp_path,DoS
7960,tcp,http,Normal
7961,tcp,telnet,Normal
7962,tcp,http,Normal
7963,tcp,private,DoS
7964,tcp,private,DoS
7965,udp,private,Normal
7966,tcp,http,Normal
7967,tcp,private,DoS
7968,tcp,http,Normal
7969,udp,private,DoS
7970,tcp,private,DoS
7971,udp,other,Normal
7972,tcp,uucp_path,DoS
7973,tcp,private,DoS
7974,tcp,http,Normal
7975,icmp,ecr_i,DoS
7976,tcp,ftp_data,R2L
7977,tcp,other,Probe
7978,tcp,http,Normal
7979,tcp,http,Normal
7980,tcp,http,Normal
7981,tcp,private,Probe
7982,tcp,auth,Normal
7983,tcp,http,Normal
7984,tcp,telnet,Normal
7985,tcp,private,DoS
7986,udp,private,Probe
7987,tcp,ftp_data,Normal
7988,udp,domain_u,Normal
7989,tcp,other,DoS
7990,tcp,ftp,Normal
7991,tcp,http,Normal
7992,udp,private,Normal
7993,tcp,private,DoS
7994,tcp,http,Normal
7995,tcp,http,Normal
7996,udp,private,Probe
7997,tcp,other,Probe
7998,tcp,private,DoS
7999,tcp,telnet,Normal
8000,udp,domain_u,Normal
8001,tcp,other,Normal
8002,tcp,private,DoS
8003,tcp,http,Normal
8004,tcp,http,Normal
8005,tcp,smtp,Normal
8006,udp,private,DoS
8007,icmp,ecr_i,DoS
8008,tcp,ftp,Normal
8009,udp,private,Probe
8010,tcp,other,Normal
8011,tcp,http,DoS
8012,tcp,private,DoS
8013,udp,private,Probe
8014,tcp,private,DoS
8015,tcp,http,Normal
8016,tcp,private,DoS
8017,tcp,private,DoS
8018,tcp,http,Normal
8019,tcp,http,Normal
8020,tcp,http,Normal
8021,tcp,other,DoS
8022,tcp,telnet,Normal
8023,tcp,ftp_data,DoS
8024,tcp,ftp_data,Normal
8025,tcp,telnet,DoS
8026,udp,private,Probe
8027,tcp,telnet,Normal
8028,tcp,telnet,Normal
8029,udp,domain_u,Normal
8030,tcp,http,Normal
8031,tcp,private,DoS
8032,tcp,private,DoS
8033,tcp,http,Normal
8034,tcp,ftp_data,Normal
8035,tcp,http,Normal
8036,tcp,http,DoS
8037,icmp,ecr_i,DoS
8038,tcp,other,DoS
8039,tcp,http,DoS
8040,tcp,telnet,Normal
8041,tcp,other,Normal
8042,tcp,other,Normal
8043,tcp,http,Normal
8044,tcp,other,Probe
8045,tcp,private,DoS
8046,tcp,http,Normal
8047,tcp,ftp,Normal
8048,tcp,ftp,Normal
8049,udp,private,Normal
8050,tcp,http,Normal
8051,tcp,other,Normal
8052,udp,private,Normal
8053,tcp,http,Normal
8054,tcp,ftp_data,R2L
8055,tcp,private,DoS
8056,tcp,http,DoS
8057,tcp,http,Normal
8058,tcp,other,DoS
8059,udp,private,Normal
8060,tcp,private,DoS
8061,tcp,ftp_data,Normal
8062,udp,private,Normal
8063,tcp,telnet,Normal
8064,tcp,private,DoS
8065,tcp,http,Normal
8066,tcp,http,Normal
8067,tcp,http,DoS
8068,tcp,other,Normal
8069,udp,private,Normal
8070,tcp,other,Normal
8071,tcp,http,Normal
8072,tcp,http,DoS
8073,tcp,other,DoS
8074,tcp,telnet,Normal
8075,tcp,telnet,Normal
8076,tcp,private,DoS
8077,tcp,private,DoS
8078,tcp,http,Normal
8079,udp,private,Probe
8080,udp,domain_u,Normal
8081,udp,private,Normal
8082,tcp,http,Normal
8083,tcp,http,Normal
8084,tcp,http,Normal
8085,tcp,ftp,DoS
8086,tcp,http,Normal
8087,tcp,http,Normal
8088,tcp,private,DoS
8089,tcp,ftp_data,R2L
8090,tcp,private,DoS
8091,tcp,private,DoS
8092,tcp,http,Normal
8093,tcp,private,DoS
8094,tcp,telnet,DoS
8095,tcp,http,Normal
8096,udp,private,Normal
8097,tcp,http,Normal
8098,tcp,private,DoS
8099,tcp,other,DoS
8100,udp,domain_u,Normal
8101,tcp,http,Normal
8102,tcp,private,DoS
8103,tcp,smtp,Normal
8104,tcp,ftp,Normal
8105,tcp,http,Normal
8106,tcp,other,Normal
8107,tcp,http,Normal
8108,udp,domain_u,Normal
8109,tcp,telnet,Normal
8110,udp,private,Normal
8111,tcp,private,DoS
8112,udp,domain_u,Normal
8113,tcp,http,DoS
8114,tcp,other,Normal
8115,tcp,http,DoS
8116,tcp,other,Probe
8117,tcp,http,Normal
8118,tcp,ftp_data,DoS
8119,udp,private,Normal
8120,tcp,other,Normal
8121,tcp,other,DoS
8122,tcp,http,Normal
8123,udp,domain_u,Normal
8124,tcp,ftp_data,R2L
8125,tcp,telnet,U2R
8126,tcp,private,DoS
8127,tcp,private,DoS
8128,tcp,telnet,Normal
8129,tcp,ftp_data,Normal
8130,udp,private,Normal
8131,udp,private,Normal
8132,tcp,private,DoS
8133,tcp,http,Normal
8134,tcp,private,DoS
8135,udp,private,Normal
8136,tcp,http,Normal
8137,udp,private,Normal
8138,tcp,http,Normal
8139,tcp,ftp_data,R2L
8140,udp,domain_u,Normal
8141,tcp,other,Probe
8142,tcp,http,DoS
8143,udp,private,Normal
8144,udp,private,Probe
8145,tcp,http,Normal
8146,tcp,ftp_data,R2L
8147,tcp,http,Normal
8148,tcp,http,Normal
8149,tcp,other,Normal
8150,tcp,http,Normal
8151,udp,private,Probe
8152,tcp,ftp,Normal
8153,tcp,ftp,Normal
8154,tcp,other,Probe
8155,tcp,http,DoS
8156,tcp,private,DoS
8157,tcp,other,DoS
8158,tcp,http,Normal
8159,tcp,http,Normal
8160,tcp,http,Normal
8161,udp,other,Normal
8162,tcp,ftp_data,Normal
8163,udp,private,Normal
8164,udp,private,DoS
8165,tcp,http,Normal
8166,udp,domain_u,Normal
8167,tcp,private,DoS
8168,tcp,telnet,Normal
8169,tcp,http,Normal
8170,udp,other,Probe
8171,icmp,eco_i,Probe
8172,tcp,http,Normal
8173,udp,domain_u,Normal
8174,tcp,http,Normal
8175,tcp,http,Normal
8176,tcp,private,Probe
8177,tcp,http,Normal
8178,tcp,other,Normal
8179,tcp,other,Probe
8180,udp,private,Probe
8181,tcp,http,Normal
8182,tcp,http,DoS
8183,tcp,http,Normal
8184,tcp,ftp_data,R2L
8185,udp,private,Normal
8186,tcp,http,Normal
8187,tcp,http,Normal
8188,udp,private,Probe
8189,tcp,other,Normal
8190,tcp,http,Normal
8191,tcp,ftp,Normal
8192,tcp,private,DoS
8193,tcp,http,Normal
8194,udp,private,Normal
8195,icmp,ecr_i,DoS
8196,tcp,http,Normal
8197,tcp,smtp,Normal
8198,tcp,other,DoS
8199,tcp,http,Normal
8200,udp,private,DoS
8201,tcp,other,DoS
8202,udp,private,DoS
8203,tcp,private,DoS
8204,tcp,other,Normal
8205,udp,private,DoS
8206,tcp,http,Normal
8207,udp,domain_u,Normal
8208,tcp,http,Normal
8209,udp,domain_u,Normal
8210,tcp,http,Normal
8211,tcp,http,Normal
8212,tcp,uucp_path,DoS
8213,tcp,telnet,Normal
8214,tcp,other,Normal
8215,tcp,other,Normal
8216,tcp,http,Normal
8217,tcp,whois,DoS
8218,tcp,http,Normal
8219,tcp,http,Normal
8220,tcp,telnet,Normal
8221,tcp,private,DoS
8222,udp,private,Probe
8223,udp,private,DoS
8224,tcp,private,DoS
8225,tcp,private,DoS
8226,tcp,telnet,Normal
8227,tcp,telnet,Normal
8228,tcp,private,DoS
8229,tcp,private,DoS
8230,tcp,http,Normal
8231,tcp,ftp,Normal
8232,tcp,ftp_data,Normal
8233,tcp,ftp_data,Normal
8234,tcp,private,DoS
8235,udp,private,Probe
8236,tcp,other,DoS
8237,tcp,http,Normal
8238,tcp,http,Normal
8239,tcp,private,DoS
8240,tcp,other,Normal
8241,tcp,telnet,Normal
8242,tcp,http,Normal
8243,tcp,http,Normal
8244,tcp,private,DoS
8245,tcp,ftp_data,R2L
8246,tcp,http,Normal
8247,tcp,other,Normal
8248,tcp,other,Normal
8249,tcp,http,Normal
8250,tcp,http,DoS
8251,tcp,http,Normal
8252,tcp,http,Normal
8253,tcp,finger,Normal
8254,udp,private,Normal
8255,tcp,http,Normal
8256,tcp,other,DoS
8257,tcp,telnet,Normal
8258,tcp,http,Normal
8259,tcp,http,DoS
8260,tcp,private,DoS
8261,tcp,http,Normal
8262,tcp,other,Probe
8263,tcp,http,Normal
8264,tcp,ftp,Normal
8265,tcp,http,Normal
8266,tcp,http,Normal
8267,tcp,ftp_data,Normal
8268,tcp,http,Normal
8269,tcp,iso_tsap,DoS
8270,tcp,http,Normal
8271,tcp,private,DoS
8272,tcp,http,Normal
8273,tcp,ftp,Normal
8274,tcp,http,Normal
8275,tcp,private,DoS
8276,tcp,telnet,Normal
8277,tcp,telnet,Normal
8278,tcp,http,Normal
8279,tcp,other,DoS
8280,tcp,http,Normal
8281,tcp,other,Normal
8282,tcp,http,Normal
8283,tcp,ftp,Normal
8284,udp,domain_u,Normal
8285,tcp,http,Normal
8286,tcp,http,Normal
8287,tcp,http,Normal
8288,tcp,smtp,Normal
8289,tcp,other,Probe
8290,tcp,private,DoS
8291,tcp,http,Normal
8292,udp,private,Probe
8293,tcp,http,Normal
8294,tcp,private,DoS
8295,tcp,ftp,Normal
8296,tcp,smtp,Normal
8297,tcp,http,Normal
8298,udp,domain_u,Normal
8299,icmp,ecr_i,Normal
8300,tcp,http,Normal
8301,icmp,ecr_i,DoS
8302,tcp,smtp,Normal
8303,tcp,private,Probe
8304,tcp,ftp_data,Normal
8305,tcp,ftp_data,Normal
8306,tcp,http,Normal
8307,tcp,other,Normal
8308,tcp,http,Normal
8309,tcp,http,Normal
8310,tcp,private,DoS
8311,tcp,smtp,Normal
8312,tcp,other,Probe
8313,tcp,http,Normal
8314,tcp,ftp,Normal
8315,tcp,other,Normal
8316,tcp,private,Probe
8317,udp,private,DoS
8318,icmp,ecr_i,DoS
8319,tcp,http,Normal
8320,tcp,ftp,Normal
8321,tcp,auth,DoS
8322,udp,domain_u,Normal
8323,tcp,other,Normal
8324,udp,private,DoS
8325,tcp,http,Normal
8326,udp,private,Normal
8327,tcp,smtp,Normal
8328,tcp,telnet,Normal
8329,tcp,http,Normal
8330,tcp,other,Normal
8331,tcp,other,DoS
8332,tcp,other,Normal
8333,tcp,telnet,Normal
8334,tcp,http,Normal
8335,tcp,http,DoS
8336,tcp,ftp,Normal
8337,tcp,telnet,Normal
8338,tcp,http,DoS
8339,tcp,http,Normal
8340,tcp,private,DoS
8341,udp,private,Normal
8342,tcp,other,Normal
8343,tcp,telnet,Normal
8344,tcp,other,DoS
8345,tcp,other,Normal
8346,tcp,other,Normal
8347,tcp,telnet,Normal
8348,tcp,private,DoS
8349,udp,private,Normal
8350,icmp,ecr_i,DoS
8351,tcp,http,Normal
8352,tcp,http,Normal
8353,icmp,ecr_i,DoS
8354,tcp,http,Normal
8355,tcp,other,Normal
8356,tcp,http,Normal
8357,icmp,ecr_i,DoS
8358,tcp,http,Normal
8359,tcp,http,Normal
8360,tcp,other,Probe
8361,tcp,telnet,Normal
8362,tcp,other,Normal
8363,tcp,private,Probe
8364,tcp,http,Normal
8365,tcp,private,Probe
8366,tcp,http,Normal
8367,tcp,ftp_data,Normal
8368,tcp,http,Normal
8369,tcp,http,DoS
8370,tcp,other,Probe
8371,tcp,http,Normal
8372,tcp,other,Normal
8373,tcp,private,DoS
8374,tcp,other,DoS
8375,tcp,http,Normal
8376,udp,other,Probe
8377,tcp,private,DoS
8378,udp,private,DoS
8379,tcp,private,DoS
8380,tcp,smtp,Normal
8381,tcp,smtp,Normal
8382,tcp,http,Normal
8383,tcp,http,Normal
8384,udp,private,Probe
8385,tcp,other,DoS
8386,tcp,http,Normal
8387,tcp,finger,DoS
8388,tcp,other,DoS
8389,udp,private,Normal
8390,tcp,http,Normal
8391,tcp,ftp,Normal
8392,tcp,telnet,DoS
8393,tcp,other,DoS
8394,tcp,private,DoS
8395,tcp,http,Normal
8396,udp,private,Normal
8397,tcp,http,Normal
8398,tcp,telnet,Normal
8399,tcp,private,DoS
8400,tcp,telnet,Normal
8401,udp,other,Normal
8402,tcp,http,Normal
8403,tcp,http,Normal
8404,tcp,other,Probe
8405,tcp,ftp_data,Normal
8406,tcp,http,Normal
8407,tcp,private,DoS
8408,udp,private,DoS
8409,tcp,private,DoS
8410,tcp,http,Normal
8411,tcp,smtp,Normal
8412,tcp,private,DoS
8413,tcp,private,DoS
8414,tcp,private,DoS
8415,tcp,telnet,Normal
8416,tcp,http,Normal
8417,tcp,telnet,Normal
8418,tcp,http,Normal
8419,tcp,http,Normal
8420,tcp,http,Normal
8421,tcp,private,DoS
8422,tcp,private,DoS
8423,tcp,http,Normal
8424,tcp,private,Probe
8425,tcp,ftp,Normal
8426,tcp,telnet,Normal
8427,udp,domain_u,Normal
8428,udp,other,Normal
8429,icmp,ecr_i,DoS
8430,icmp,ecr_i,DoS
8431,tcp,http,Normal
8432,tcp,other,DoS
8433,tcp,http,DoS
8434,udp,private,Normal
8435,tcp,http,Normal
8436,tcp,other,Probe
8437,tcp,http,DoS
8438,tcp,ftp_data,Normal
8439,tcp,ftp_data,R2L
8440,udp,domain_u,Normal
8441,tcp,other,DoS
8442,tcp,http,Normal
8443,tcp,telnet,Normal
8444,tcp,private,DoS
8445,tcp,other,Normal
8446,tcp,ftp,Normal
8447,tcp,courier,DoS
8448,tcp,http,DoS
8449,tcp,http,Normal
8450,tcp,private,DoS
8451,tcp,private,DoS
8452,tcp,http,Normal
8453,icmp,ecr_i,DoS
8454,tcp,http,Normal
8455,tcp,http,Normal
8456,tcp,other,Probe
8457,tcp,other,Probe
8458,tcp,telnet,Normal
8459,tcp,other,Probe
8460,tcp,telnet,Normal
8461,tcp,http,Normal
8462,tcp,other,Normal
8463,tcp,other,Probe
8464,tcp,smtp,Normal
8465,tcp,telnet,Normal
8466,tcp,smtp,Normal
8467,tcp,finger,DoS
8468,icmp,ecr_i,DoS
8469,tcp,other,Probe
8470,tcp,http,Normal
8471,tcp,http,DoS
8472,udp,private,Probe
8473,udp,domain_u,Normal
8474,tcp,telnet,DoS
8475,tcp,other,DoS
8476,tcp,http,Normal
8477,tcp,ftp,Normal
8478,tcp,smtp,Normal
8479,tcp,http,Normal
8480,icmp,ecr_i,DoS
8481,tcp,telnet,Normal
8482,tcp,other,Probe
8483,tcp,telnet,Normal
8484,tcp,private,DoS
8485,tcp,telnet,Normal
8486,tcp,telnet,Normal
8487,tcp,other,Normal
8488,tcp,http,Normal
8489,tcp,http,Normal
8490,tcp,http,Normal
8491,tcp,other,DoS
8492,icmp,eco_i,Probe
8493,udp,private,DoS
8494,tcp,other,Normal
8495,tcp,telnet,Normal
8496,tcp,http,Normal
8497,tcp,ftp,Normal
8498,tcp,http,Normal
8499,tcp,http,Normal
8500,tcp,private,DoS
8501,tcp,http,Normal
8502,tcp,other,DoS
8503,tcp,ftp_data,Normal
8504,tcp,private,DoS
8505,udp,other,Normal
8506,tcp,telnet,Normal
8507,tcp,ftp,Normal
8508,tcp,other,Probe
8509,tcp,telnet,Normal
8510,tcp,http,Normal
8511,tcp,http,Normal
8512,udp,private,DoS
8513,tcp,http,Normal
8514,tcp,other,Probe
8515,tcp,other,DoS
8516,icmp,ecr_i,DoS
8517,tcp,private,DoS
8518,udp,private,Normal
8519,tcp,http,Normal
8520,tcp,http,Normal
8521,tcp,iso_tsap,DoS
8522,tcp,smtp,Normal
8523,tcp,http,Normal
8524,tcp,telnet,Normal
8525,tcp,ftp,Normal
8526,tcp,http,Normal
8527,tcp,ftp_data,Normal
8528,tcp,smtp,Normal
8529,tcp,private,DoS
8530,tcp,http,Normal
8531,tcp,ftp_data,Normal
8532,tcp,http,Normal
8533,udp,other,Normal
8534,tcp,ftp,Normal
8535,tcp,ftp_data,R2L
8536,tcp,private,DoS
8537,tcp,http,Normal
8538,tcp,http,Normal
8539,tcp,http,Normal
8540,tcp,other,Normal
8541,tcp,courier,DoS
8542,tcp,private,Probe
8543,udp,private,DoS
8544,tcp,private,DoS
8545,tcp,ftp,Normal
8546,tcp,http,Normal
8547,icmp,ecr_i,DoS
8548,tcp,http,Normal
8549,tcp,private,DoS
8550,tcp,ftp_data,Normal
8551,tcp,other,Normal
8552,tcp,ftp_data,Normal
8553,tcp,http,Normal
8554,tcp,http,Normal
8555,udp,private,Normal
8556,tcp,other,DoS
8557,tcp,private,DoS
8558,udp,private,Normal
8559,tcp,ftp,Normal
8560,tcp,private,DoS
8561,tcp,http,Normal
8562,tcp,ftp_data,R2L
8563,tcp,telnet,Normal
8564,tcp,smtp,Normal
8565,tcp,http,Normal
8566,tcp,other,DoS
8567,tcp,http,Normal
8568,tcp,private,DoS
8569,tcp,http,DoS
8570,tcp,private,DoS
8571,tcp,smtp,Normal
8572,tcp,http,Normal
8573,icmp,ecr_i,DoS
8574,udp,domain_u,Normal
8575,tcp,private,DoS
8576,udp,domain_u,Normal
8577,tcp,http,Normal
8578,tcp,Z39_50,DoS
8579,tcp,private,DoS
8580,icmp,ecr_i,Normal
8581,tcp,private,Probe
8582,tcp,telnet,Normal
8583,tcp,http,Normal
8584,tcp,http,DoS
8585,tcp,other,Probe
8586,udp,domain_u,Normal
8587,tcp,telnet,Normal
8588,tcp,http,Normal
8589,tcp,http,Normal
8590,icmp,ecr_i,DoS
8591,tcp,http,DoS
8592,tcp,http,Normal
8593,tcp,private,DoS
8594,tcp,other,Probe
8595,icmp,eco_i,Probe
8596,tcp,http,Normal
8597,tcp,telnet,Normal
8598,tcp,http,Normal
8599,tcp,telnet,Normal
8600,icmp,ecr_i,DoS
8601,tcp,http,Normal
8602,tcp,smtp,Normal
8603,tcp,private,DoS
8604,tcp,http,Normal
8605,tcp,ftp_data,Normal
8606,tcp,private,DoS
8607,tcp,http,Normal
8608,tcp,http,Normal
8609,udp,domain_u,Normal
8610,udp,private,Normal
8611,icmp,eco_i,Probe
8612,tcp,telnet,Normal
8613,tcp,telnet,Normal
8614,tcp,http,Normal
8615,icmp,eco_i,Probe
8616,tcp,http,Normal
8617,tcp,http,Normal
8618,tcp,http,Normal
8619,tcp,http,DoS
8620,tcp,http,DoS
8621,tcp,http,Normal
8622,tcp,private,DoS
8623,tcp,http,Normal
8624,udp,private,Normal
8625,tcp,other,Probe
8626,udp,private,Normal
8627,tcp,http,DoS
8628,tcp,other,DoS
8629,udp,private,DoS
8630,tcp,other,Normal
8631,tcp,http,Normal
8632,tcp,private,DoS
8633,tcp,http,Normal
8634,tcp,http,Normal
8635,tcp,other,DoS
8636,tcp,private,DoS
8637,tcp,other,Probe
8638,tcp,http,Normal
8639,tcp,http,Normal
8640,tcp,ftp,Normal
8641,tcp,http,Normal
8642,tcp,http,Normal
8643,tcp,smtp,Normal
8644,udp,domain_u,Normal
8645,udp,private,DoS
8646,tcp,private,Probe
8647,tcp,telnet,U2R
8648,udp,domain_u,Normal
8649,tcp,other,Normal
8650,tcp,smtp,Normal
8651,tcp,other,DoS
8652,tcp,private,Probe
8653,icmp,ecr_i,DoS
8654,tcp,ftp,Normal
8655,tcp,other,Normal
8656,tcp,http,Normal
8657,tcp,http,Normal
8658,udp,domain_u,Normal
8659,udp,private,Probe
8660,tcp,http,DoS
8661,tcp,smtp,Normal
8662,tcp,smtp,Normal
8663,tcp,http,Normal
8664,tcp,other,DoS
8665,tcp,http,DoS
8666,udp,private,Normal
8667,tcp,http,Normal
8668,tcp,other,Probe
8669,tcp,other,Probe
8670,tcp,other,Probe
8671,tcp,http,Normal
8672,icmp,ecr_i,DoS
8673,tcp,http,DoS
8674,tcp,http,Normal
8675,tcp,ftp_data,Normal
8676,tcp,private,DoS
8677,udp,private,Normal
8678,tcp,http,Normal
8679,tcp,private,DoS
8680,tcp,private,DoS
8681,tcp,http,Normal
8682,tcp,http,Normal
8683,tcp,private,DoS
8684,icmp,eco_i,Probe
8685,tcp,http,Normal
8686,tcp,telnet,DoS
8687,tcp,http,Normal
8688,udp,private,Normal
8689,udp,private,Normal
8690,tcp,ftp_data,Normal
8691,tcp,ftp,Normal
8692,tcp,private,Probe
8693,tcp,http,Normal
8694,tcp,http,Normal
8695,tcp,telnet,R2L
8696,icmp,ecr_i,DoS
8697,tcp,http,Normal
8698,tcp,http,Normal
8699,tcp,http,Normal
8700,udp,private,Normal
8701,tcp,ftp_data,Normal
8702,tcp,http,Normal
8703,tcp,http,Normal
8704,tcp,http,Normal
8705,tcp,http,Normal
8706,tcp,telnet,Normal
8707,tcp,http,Normal
8708,tcp,other,Probe
8709,tcp,http,Normal
8710,tcp,other,DoS
8711,icmp,eco_i,Probe
8712,tcp,telnet,Normal
8713,tcp,http,Normal
8714,udp,private,Normal
8715,tcp,telnet,Normal
8716,tcp,http,Normal
8717,tcp,smtp,Normal
8718,tcp,http,Normal
8719,tcp,ftp,Normal
8720,tcp,smtp,Normal
8721,tcp,http,Probe
8722,tcp,other,Probe
8723,tcp,http,Normal
8724,icmp,ecr_i,DoS
8725,tcp,ftp,Normal
8726,tcp,http,Normal
8727,tcp,finger,Normal
8728,tcp,http,Normal
8729,tcp,other,Normal
8730,tcp,http,Normal
8731,tcp,http,Normal
8732,tcp,other,Probe
8733,tcp,telnet,Normal
8734,tcp,ftp_data,Normal
8735,icmp,eco_i,Probe
8736,tcp,private,DoS
8737,tcp,http,Normal
8738,tcp,private,DoS
8739,tcp,http,Normal
8740,tcp,other,DoS
8741,tcp,private,DoS
8742,tcp,telnet,Normal
8743,icmp,ecr_i,DoS
8744,tcp,http,Normal
8745,udp,private,Probe
8746,tcp,http,Normal
8747,tcp,ftp,DoS
8748,tcp,http,Normal
8749,tcp,http,Normal
8750,tcp,private,Probe
8751,tcp,http,Normal
8752,udp,domain_u,Normal
8753,tcp,http,Normal
8754,tcp,ftp_data,Normal
8755,tcp,ftp_data,Normal
8756,tcp,http,Normal
8757,tcp,http,DoS
8758,tcp,other,DoS
8759,tcp,private,Probe
8760,tcp,other,DoS
8761,tcp,private,DoS
8762,tcp,telnet,Normal
8763,tcp,http,Normal
8764,udp,private,DoS
8765,tcp,http,Normal
8766,tcp,telnet,Normal
8767,udp,domain_u,Normal
8768,tcp,private,DoS
8769,tcp,http,Normal
8770,udp,domain_u,Normal
8771,udp,private,Probe
8772,tcp,http,Normal
8773,tcp,http,Normal
8774,udp,private,DoS
8775,tcp,http,Normal
8776,tcp,private,DoS
8777,tcp,http,Probe
8778,udp,domain_u,Normal
8779,tcp,private,Probe
8780,tcp,private,Probe
8781,tcp,ftp_data,R2L
8782,tcp,http,Normal
8783,tcp,smtp,Normal
8784,tcp,bgp,DoS
8785,tcp,http,Normal
8786,tcp,http,Normal
8787,tcp,private,DoS
8788,tcp,other,Probe
8789,tcp,http,Normal
8790,tcp,http,Normal
8791,tcp,private,DoS
8792,tcp,http,Normal
8793,tcp,http,Normal
8794,udp,private,Probe
8795,tcp,http,Normal
8796,tcp,other,Probe
8797,tcp,private,DoS
8798,tcp,http,Normal
8799,tcp,telnet,DoS
8800,tcp,http,Normal
8801,tcp,telnet,Normal
8802,tcp,http,Normal
8803,tcp,other,Probe
8804,icmp,ecr_i,DoS
8805,udp,private,Normal
8806,tcp,other,DoS
8807,tcp,ftp,Normal
8808,tcp,ftp,Normal
8809,tcp,private,DoS
8810,tcp,other,DoS
8811,tcp,other,Probe
8812,tcp,ftp,Normal
8813,udp,private,Normal
8814,tcp,http,Normal
8815,tcp,http,Normal
8816,tcp,telnet,Normal
8817,tcp,private,DoS
8818,icmp,ecr_i,DoS
8819,tcp,telnet,Normal
8820,tcp,private,DoS
8821,tcp,http,Normal
8822,tcp,http,Normal
8823,icmp,ecr_i,DoS
8824,tcp,private,DoS
8825,tcp,other,DoS
8826,tcp,ftp_data,Normal
8827,tcp,http,Normal
8828,tcp,telnet,Normal
8829,tcp,telnet,Normal
8830,tcp,http,Normal
8831,tcp,http,Normal
8832,tcp,http,Normal
8833,tcp,http,Normal
8834,tcp,ftp_data,DoS
8835,tcp,other,DoS
8836,tcp,whois,DoS
8837,tcp,http,DoS
8838,tcp,private,Probe
8839,tcp,http,Normal
8840,udp,private,Probe
8841,tcp,private,DoS
8842,tcp,telnet,Normal
8843,tcp,http,Normal
8844,tcp,private,DoS
8845,tcp,ftp,Normal
8846,tcp,other,DoS
8847,udp,domain_u,Normal
8848,tcp,smtp,Normal
8849,tcp,http,Normal
8850,tcp,ftp_data,R2L
8851,tcp,http,Normal
8852,tcp,http,Normal
8853,icmp,ecr_i,DoS
8854,udp,private,DoS
8855,tcp,http,DoS
8856,tcp,http,Normal
8857,tcp,other,DoS
8858,tcp,private,DoS
8859,tcp,other,DoS
8860,tcp,smtp,Normal
8861,tcp,private,Probe
8862,icmp,ecr_i,DoS
8863,tcp,time,Normal
8864,tcp,telnet,Normal
8865,tcp,http,DoS
8866,tcp,http,DoS
8867,tcp,other,DoS
8868,udp,private,Probe
8869,tcp,http,Normal
8870,tcp,other,Normal
8871,udp,other,Normal
8872,tcp,other,DoS
8873,tcp,http,Normal
8874,udp,private,DoS
8875,tcp,telnet,DoS
8876,tcp,smtp,Normal
8877,tcp,http,Normal
8878,tcp,private,DoS
8879,tcp,smtp,Normal
8880,tcp,private,DoS
8881,tcp,http,Normal
8882,tcp,other,DoS
8883,tcp,http,Normal
8884,tcp,telnet,Normal
8885,udp,private,Normal
8886,tcp,private,DoS
8887,udp,private,Normal
8888,udp,private,Normal
8889,tcp,private,DoS
8890,tcp,other,Probe
8891,tcp,other,DoS
8892,udp,private,Normal
8893,tcp,other,DoS
8894,tcp,http,Normal
8895,tcp,telnet,Normal
8896,tcp,private,Probe
8897,tcp,http,DoS
8898,tcp,http,Normal
8899,tcp,other,DoS
8900,tcp,telnet,DoS
8901,tcp,finger,DoS
8902,icmp,ecr_i,Normal
8903,tcp,http,Normal
8904,tcp,http,Normal
8905,udp,domain_u,Normal
8906,udp,private,Normal
8907,tcp,http,DoS
8908,tcp,private,DoS
8909,tcp,http,Normal
8910,tcp,http,Normal
8911,tcp,telnet,Normal
8912,tcp,http,Normal
8913,udp,domain_u,Normal
8914,tcp,ftp_data,Normal
8915,icmp,eco_i,Probe
8916,tcp,http,Normal
8917,udp,private,Probe
8918,tcp,http,Normal
8919,tcp,http,Normal
8920,tcp,private,DoS
8921,tcp,http,Normal
8922,tcp,smtp,Normal
8923,tcp,other,Normal
8924,tcp,telnet,Normal
8925,tcp,http,Normal
8926,udp,domain_u,Normal
8927,tcp,private,DoS
8928,tcp,smtp,Normal
8929,tcp,http,Normal
8930,tcp,private,DoS
8931,udp,private,Normal
8932,tcp,other,DoS
8933,tcp,telnet,Normal
8934,tcp,http,Normal
8935,tcp,private,DoS
8936,tcp,http,Normal
8937,udp,other,Normal
8938,udp,domain_u,Normal
8939,tcp,other,Normal
8940,tcp,http,Normal
8941,tcp,telnet,Normal
8942,tcp,http,Normal
8943,udp,domain_u,Normal
8944,icmp,ecr_i,Normal
8945,tcp,http,Normal
8946,tcp,whois,DoS
8947,tcp,other,Probe
8948,tcp,other,Probe
8949,tcp,smtp,Normal
8950,icmp,ecr_i,DoS
8951,tcp,private,DoS
8952,tcp,http,DoS
8953,tcp,smtp,Normal
8954,udp,private,DoS
8955,tcp,ftp_data,Normal
8956,tcp,http,Normal
8957,tcp,other,Probe
8958,tcp,http,Normal
8959,tcp,http,Normal
8960,tcp,telnet,Normal
8961,tcp,http,Normal
8962,tcp,other,Probe
8963,tcp,http,Normal
8964,tcp,http,Normal
8965,tcp,other,Probe
8966,tcp,http,Normal
8967,tcp,other,Normal
8968,tcp,private,DoS
8969,tcp,other,DoS
8970,tcp,smtp,Normal
8971,udp,private,Normal
8972,tcp,private,DoS
8973,tcp,http,Normal
8974,udp,private,Probe
8975,tcp,http,Normal
8976,tcp,http,Normal
8977,tcp,private,DoS
8978,tcp,other,Probe
8979,tcp,other,DoS
8980,tcp,other,Probe
8981,tcp,other,Probe
8982,tcp,ftp,Normal
8983,tcp,http,Normal
8984,icmp,eco_i,Probe
8985,tcp,http,Normal
8986,tcp,other,DoS
8987,tcp,http,Normal
8988,tcp,private,DoS
8989,tcp,ftp,Normal
8990,tcp,other,Probe
8991,tcp,other,Normal
8992,tcp,telnet,Normal
8993,tcp,ftp,Normal
8994,tcp,telnet,Normal
8995,tcp,finger,DoS
8996,tcp,private,Probe
8997,tcp,http,Normal
8998,tcp,http,Normal
8999,tcp,other,Normal
9000,tcp,http,Normal
9001,tcp,http,Normal
9002,udp,other,Probe
9003,icmp,ecr_i,DoS
9004,udp,domain_u,Normal
9005,tcp,http,Normal
9006,udp,private,Normal
9007,tcp,uucp,DoS
9008,tcp,private,DoS
9009,udp,private,DoS
9010,tcp,ftp,Normal
9011,tcp,telnet,Normal
9012,tcp,other,Normal
9013,tcp,http,Normal
9014,tcp,http,DoS
9015,tcp,http,Normal
9016,tcp,smtp,Normal
9017,tcp,private,DoS
9018,tcp,http,Normal
9019,tcp,private,DoS
9020,tcp,http,Normal
9021,tcp,other,DoS
9022,tcp,http,Normal
9023,tcp,http,Normal
9024,tcp,other,DoS
9025,tcp,http,Normal
9026,tcp,http,DoS
9027,tcp,http,Normal
9028,udp,domain_u,Normal
9029,tcp,private,DoS
9030,tcp,smtp,Normal
9031,tcp,other,DoS
9032,tcp,http,Normal
9033,tcp,http,Normal
9034,udp,domain_u,Normal
9035,tcp,http,Normal
9036,tcp,http,DoS
9037,tcp,ftp,Normal
9038,tcp,private,DoS
9039,tcp,http,Normal
9040,udp,domain_u,Normal
9041,udp,private,Normal
9042,tcp,http,DoS
9043,tcp,private,Probe
9044,tcp,smtp,Normal
9045,tcp,http,Normal
9046,tcp,private,Probe
9047,tcp,smtp,Normal
9048,tcp,telnet,Normal
9049,tcp,http,Normal
9050,tcp,smtp,Normal
9051,icmp,ecr_i,DoS
9052,tcp,http,Normal
9053,tcp,http,DoS
9054,tcp,http,DoS
9055,tcp,courier,Probe
9056,tcp,private,DoS
9057,icmp,ecr_i,DoS
9058,tcp,http,Normal
9059,tcp,private,DoS
9060,tcp,ftp_data,Normal
9061,tcp,courier,DoS
9062,tcp,http,DoS
9063,tcp,http,Normal
9064,tcp,telnet,U2R
9065,tcp,http,DoS
9066,tcp,http,DoS
9067,udp,private,Normal
9068,tcp,iso_tsap,DoS
9069,tcp,private,DoS
9070,tcp,telnet,DoS
9071,tcp,other,Probe
9072,tcp,other,Normal
9073,udp,other,Normal
9074,tcp,http,Normal
9075,udp,private,Probe
9076,tcp,smtp,Normal
9077,tcp,telnet,Normal
9078,tcp,other,DoS
9079,udp,domain_u,Normal
9080,tcp,http,Normal
9081,tcp,other,DoS
9082,tcp,telnet,Normal
9083,tcp,uucp,DoS
9084,tcp,private,DoS
9085,tcp,http,Normal
9086,tcp,http,Normal
9087,tcp,ftp_data,R2L
9088,tcp,http,Normal
9089,tcp,private,DoS
9090,tcp,private,DoS
9091,tcp,other,Normal
9092,tcp,http,Normal
9093,tcp,http,Normal
9094,udp,domain_u,Normal
9095,udp,private,DoS
9096,tcp,ftp_data,Normal
9097,tcp,ftp_data,Normal
9098,tcp,other,Probe
9099,tcp,http,Normal
9100,tcp,http,Normal
9101,tcp,http,Normal
9102,tcp,http,Normal
9103,tcp,http,DoS
9104,tcp,smtp,Normal
9105,tcp,http,Normal
9106,tcp,telnet,Normal
9107,udp,private,DoS
9108,tcp,http,Normal
9109,tcp,http,Normal
9110,tcp,ftp,Normal
9111,tcp,smtp,Normal
9112,tcp,http,Normal
9113,tcp,http,Normal
9114,tcp,http,DoS
9115,tcp,other,Probe
9116,tcp,http,Normal
9117,tcp,private,DoS
9118,tcp,telnet,Normal
9119,udp,private,Normal
9120,tcp,http,Normal
9121,tcp,http,Normal
9122,udp,domain_u,Normal
9123,tcp,smtp,Normal
9124,tcp,smtp,Normal
9125,tcp,http,DoS
9126,tcp,http,Normal
9127,tcp,http,Normal
9128,tcp,ftp_data,Normal
9129,tcp,http,DoS
9130,tcp,other,Probe
9131,tcp,http,Normal
9132,tcp,other,Normal
9133,icmp,ecr_i,DoS
9134,tcp,http,Normal
9135,tcp,http,Normal
9136,tcp,http,Normal
9137,udp,private,Normal
9138,tcp,http,DoS
9139,tcp,http,Normal
9140,tcp,finger,Probe
9141,tcp,private,DoS
9142,tcp,private,DoS
9143,tcp,http,Normal
9144,tcp,private,Probe
9145,tcp,http,Normal
9146,tcp,http,DoS
9147,udp,domain_u,Normal
9148,tcp,http,DoS
9149,tcp,bgp,DoS
9150,tcp,telnet,Normal
9151,tcp,other,Normal
9152,tcp,http,Normal
9153,tcp,telnet,Normal
9154,tcp,http,Normal
9155,tcp,other,Normal
9156,tcp,telnet,Normal
9157,icmp,eco_i,Probe
9158,tcp,ftp_data,R2L
9159,tcp,http,DoS
9160,tcp,http,Normal
9161,tcp,other,Probe
9162,udp,private,Probe
9163,tcp,private,Probe
9164,tcp,http,Normal
9165,tcp,other,DoS
9166,tcp,http,Normal
9167,tcp,http,Normal
9168,tcp,private,Probe
9169,udp,private,Normal
9170,tcp,auth,DoS
9171,tcp,http,DoS
9172,icmp,ecr_i,DoS
9173,tcp,http,Normal
9174,tcp,http,DoS
9175,tcp,other,DoS
9176,tcp,http,Normal
9177,tcp,private,Probe
9178,tcp,http,Normal
9179,udp,domain_u,Normal
9180,tcp,http,Normal
9181,icmp,eco_i,Probe
9182,tcp,private,DoS
9183,tcp,other,DoS
9184,tcp,smtp,Normal
9185,tcp,other,Probe
9186,tcp,private,DoS
9187,tcp,other,Normal
9188,tcp,http,Normal
9189,tcp,private,DoS
9190,tcp,telnet,Normal
9191,udp,domain_u,Normal
9192,tcp,smtp,Normal
9193,tcp,http,Normal
9194,tcp,smtp,Normal
9195,tcp,ftp_data,Normal
9196,udp,other,Probe
9197,tcp,other,Probe
9198,tcp,http,DoS
9199,tcp,private,Probe
9200,tcp,private,Probe
9201,tcp,smtp,Normal
9202,tcp,http,Normal
9203,tcp,http,Normal
9204,tcp,http,Normal
9205,icmp,ecr_i,DoS
9206,tcp,telnet,Normal
9207,tcp,http,Normal
9208,tcp,telnet,DoS
9209,tcp,http,Normal
9210,tcp,private,DoS
9211,tcp,telnet,Normal
9212,tcp,smtp,Normal
9213,tcp,private,DoS
9214,tcp,http,Normal
9215,tcp,telnet,Normal
9216,tcp,smtp,Normal
9217,tcp,private,DoS
9218,tcp,other,Normal
9219,tcp,http,Normal
9220,tcp,private,DoS
9221,tcp,other,Normal
9222,tcp,other,Normal
9223,udp,domain_u,Normal
9224,tcp,ftp,Normal
9225,tcp,http,Normal
9226,tcp,http,Normal
9227,tcp,other,DoS
9228,tcp,http,Normal
9229,tcp,telnet,Normal
9230,tcp,smtp,Normal
9231,icmp,eco_i,Probe
9232,tcp,ftp_data,Normal
9233,tcp,ftp,Normal
9234,tcp,http,DoS
9235,tcp,http,Normal
9236,tcp,http,DoS
9237,tcp,http,Normal
9238,udp,domain_u,Normal
9239,tcp,other,Probe
9240,tcp,http,DoS
9241,udp,private,Normal
9242,tcp,ftp_data,Normal
9243,tcp,private,DoS
9244,tcp,other,Normal
9245,tcp,telnet,Normal
9246,tcp,private,DoS
9247,tcp,ftp_data,Normal
9248,tcp,http,DoS
9249,tcp,http,DoS
9250,tcp,other,DoS
9251,tcp,ftp,Normal
9252,udp,private,Probe
9253,tcp,private,DoS
9254,tcp,http,Normal
9255,tcp,http,DoS
9256,tcp,private,DoS
9257,tcp,http,Normal
9258,udp,domain_u,Normal
9259,tcp,other,Probe
9260,tcp,other,Probe
9261,udp,domain_u,Normal
9262,tcp,http,Normal
9263,tcp,http,Normal
9264,tcp,private,DoS
9265,tcp,http,Normal
9266,tcp,http,Normal
9267,tcp,ftp_data,DoS
9268,tcp,http,Normal
9269,tcp,http,Normal
9270,tcp,http,Normal
9271,tcp,http,Normal
9272,tcp,telnet,Normal
9273,tcp,smtp,Normal
9274,tcp,other,Normal
9275,tcp,http,Normal
9276,tcp,http,Normal
9277,icmp,ecr_i,DoS
9278,tcp,smtp,Normal
9279,tcp,http,Normal
9280,tcp,other,Normal
9281,tcp,other,DoS
9282,tcp,private,DoS
9283,tcp,private,DoS
9284,tcp,telnet,Normal
9285,icmp,ecr_i,DoS
9286,tcp,telnet,Normal
9287,tcp,telnet,Normal
9288,tcp,private,DoS
9289,udp,domain_u,Normal
9290,tcp,http,Normal
9291,tcp,http,Normal
9292,icmp,ecr_i,DoS
9293,tcp,private,DoS
9294,tcp,ftp,Normal
9295,tcp,http,Normal
9296,tcp,other,Normal
9297,tcp,telnet,Normal
9298,tcp,http,Normal
9299,tcp,ftp_data,Normal
9300,udp,private,Normal
9301,tcp,telnet,Normal
9302,tcp,http,Normal
9303,udp,private,Normal
9304,icmp,ecr_i,DoS
9305,tcp,courier,DoS
9306,tcp,uucp_path,DoS
9307,tcp,telnet,Normal
9308,tcp,http,Normal
9309,tcp,auth,Normal
9310,tcp,http,Normal
9311,tcp,other,Probe
9312,tcp,telnet,Normal
9313,tcp,private,DoS
9314,tcp,Z39_50,DoS
9315,tcp,http,Normal
9316,tcp,smtp,Normal
9317,tcp,http,Normal
9318,tcp,private,DoS
9319,udp,private,Normal
9320,tcp,other,Probe
9321,tcp,other,DoS
9322,tcp,http,Normal
9323,tcp,http,Normal
9324,tcp,private,DoS
9325,tcp,ftp,Normal
9326,tcp,ftp_data,Normal
9327,tcp,smtp,Normal
9328,udp,private,DoS
9329,tcp,private,DoS
9330,tcp,other,DoS
9331,tcp,telnet,Normal
9332,udp,domain_u,Normal
9333,tcp,other,DoS
9334,tcp,ftp,Normal
9335,tcp,http,Normal
9336,tcp,http,Normal
9337,tcp,ftp,Probe
9338,tcp,other,DoS
9339,tcp,other,Normal
9340,tcp,uucp,DoS
9341,tcp,private,DoS
9342,tcp,http,Normal
9343,tcp,auth,DoS
9344,icmp,ecr_i,DoS
9345,tcp,ftp,Normal
9346,tcp,private,DoS
9347,tcp,http,Normal
9348,tcp,private,DoS
9349,tcp,other,DoS
9350,tcp,http,Normal
9351,tcp,finger,DoS
9352,tcp,http,Normal
9353,tcp,private,DoS
9354,udp,private,DoS
9355,tcp,other,DoS
9356,tcp,ftp_data,Normal
9357,tcp,http,Normal
9358,tcp,http,Normal
9359,icmp,ecr_i,DoS
9360,tcp,http,Normal
9361,tcp,telnet,DoS
9362,tcp,private,Probe
9363,tcp,private,Probe
9364,tcp,smtp,Normal
9365,tcp,http,Normal
9366,tcp,http,Normal
9367,tcp,smtp,Normal
9368,tcp,http,Normal
9369,tcp,http,Probe
9370,tcp,http,Normal
9371,tcp,http,Normal
9372,tcp,telnet,Normal
9373,udp,private,DoS
9374,tcp,http,Normal
9375,tcp,http,Normal
9376,tcp,http,Normal
9377,tcp,other,Probe
9378,tcp,ftp,Normal
9379,tcp,other,Probe
9380,tcp,ftp_data,Normal
9381,tcp,http,Normal
9382,tcp,other,Probe
9383,tcp,other,Probe
9384,tcp,ftp,Normal
9385,tcp,other,DoS
9386,tcp,http,Normal
9387,tcp,http,Normal
9388,tcp,http,Normal
9389,udp,private,Normal
9390,tcp,http,Normal
9391,tcp,other,DoS
9392,tcp,http,Normal
9393,tcp,http,Normal
9394,tcp,http,Normal
9395,tcp,other,DoS
9396,tcp,other,Normal
9397,tcp,telnet,Normal
9398,tcp,http,Normal
9399,tcp,http,DoS
9400,tcp,http,Normal
9401,tcp,uucp_path,DoS
9402,tcp,other,DoS
9403,tcp,http,Normal
9404,tcp,http,Normal
9405,tcp,other,Normal
9406,tcp,http,Normal
9407,tcp,http,Normal
9408,tcp,http,Normal
9409,udp,domain_u,Normal
9410,tcp,http,Normal
9411,tcp,http,Normal
9412,tcp,private,DoS
9413,tcp,http,Normal
9414,udp,domain_u,Normal
9415,tcp,http,Normal
9416,icmp,ecr_i,DoS
9417,tcp,other,DoS
9418,tcp,smtp,Normal
9419,tcp,ftp,Normal
9420,tcp,http,Normal
9421,tcp,http,DoS
9422,tcp,ftp,Normal
9423,tcp,telnet,Normal
9424,tcp,private,DoS
9425,udp,private,DoS
9426,udp,private,DoS
9427,tcp,private,DoS
9428,tcp,http,Normal
9429,tcp,private,DoS
9430,tcp,http,Normal
9431,tcp,ftp_data,Normal
9432,tcp,http,DoS
9433,tcp,http,Normal
9434,tcp,ftp_data,R2L
9435,tcp,http,Normal
9436,tcp,private,DoS
9437,tcp,smtp,Normal
9438,icmp,ecr_i,DoS
9439,tcp,ftp,Normal
9440,tcp,http,Normal
9441,tcp,bgp,DoS
9442,tcp,other,Probe
9443,tcp,other,DoS
9444,tcp,http,Normal
9445,tcp,other,DoS
9446,tcp,private,Probe
9447,tcp,telnet,DoS
9448,icmp,ecr_i,DoS
9449,tcp,other,Normal
9450,udp,other,Normal
9451,tcp,http,DoS
9452,udp,domain_u,Normal
9453,tcp,http,Normal
9454,tcp,http,Normal
9455,tcp,private,DoS
9456,tcp,http,Normal
9457,udp,private,Normal
9458,udp,private,Normal
9459,tcp,http,Normal
9460,tcp,smtp,Normal
9461,icmp,eco_i,Probe
9462,tcp,private,DoS
9463,tcp,ftp_data,R2L
9464,tcp,http,Normal
9465,tcp,other,Normal
9466,tcp,other,Normal
9467,tcp,http,Normal
9468,tcp,other,Normal
9469,icmp,ecr_i,DoS
9470,tcp,ftp_data,Normal
9471,tcp,finger,DoS
9472,udp,domain_u,Normal
9473,tcp,smtp,Normal
9474,tcp,http,Normal
9475,tcp,http,Normal
9476,tcp,private,DoS
9477,tcp,http,Normal
9478,tcp,http,DoS
9479,tcp,ftp_data,Normal
9480,tcp,private,DoS
9481,tcp,http,Normal
9482,tcp,other,Probe
9483,tcp,http,Normal
9484,tcp,http,Normal
9485,tcp,http,DoS
9486,tcp,http,Normal
9487,tcp,http,DoS
9488,tcp,private,DoS
9489,icmp,ecr_i,DoS
9490,tcp,http,Normal
9491,tcp,smtp,Normal
9492,tcp,finger,Normal
9493,tcp,other,Normal
9494,tcp,private,DoS
9495,tcp,private,DoS
9496,tcp,telnet,Normal
9497,tcp,http,Normal
9498,udp,private,DoS
9499,tcp,http,Normal
9500,tcp,other,Probe
9501,icmp,ecr_i,DoS
9502,tcp,finger,Normal
9503,tcp,http,DoS
9504,tcp,ftp_data,Normal
9505,tcp,http,Normal
9506,tcp,other,Normal
9507,tcp,http,Normal
9508,tcp,http,DoS
9509,tcp,http,Normal
9510,tcp,ftp,Normal
9511,tcp,ftp,Normal
9512,tcp,other,Probe
9513,tcp,private,DoS
9514,tcp,ftp,Normal
9515,tcp,http,Normal
9516,tcp,http,DoS
9517,tcp,ftp_data,Normal
9518,tcp,http,Normal
9519,tcp,other,DoS
9520,tcp,private,DoS
9521,tcp,smtp,Normal
9522,tcp,http,Normal
9523,tcp,http,Normal
9524,tcp,http,Normal
9525,icmp,eco_i,Probe
9526,tcp,private,DoS
9527,tcp,other,DoS
9528,tcp,ftp_data,Normal
9529,tcp,smtp,Normal
9530,tcp,http,Normal
9531,tcp,http,Normal
9532,udp,domain_u,Normal
9533,tcp,http,Normal
9534,tcp,http,Normal
9535,tcp,http,Normal
9536,tcp,http,Normal
9537,tcp,time,DoS
9538,tcp,private,DoS
9539,tcp,http,Normal
9540,tcp,ftp_data,Normal
9541,tcp,http,Normal
9542,tcp,http,Normal
9543,tcp,http,Normal
9544,icmp,ecr_i,DoS
9545,tcp,private,DoS
9546,tcp,private,DoS
9547,tcp,other,Probe
9548,tcp,ftp_data,Normal
9549,tcp,bgp,DoS
9550,tcp,private,DoS
9551,tcp,http,Normal
9552,tcp,http,Normal
9553,tcp,telnet,Normal
9554,udp,private,Normal
9555,tcp,http,Normal
9556,tcp,private,DoS
9557,tcp,ftp,Normal
9558,tcp,other,DoS
9559,tcp,http,Normal
9560,tcp,http,Normal
9561,tcp,other,Normal
9562,tcp,other,DoS
9563,tcp,private,DoS
9564,tcp,private,DoS
9565,tcp,smtp,Normal
9566,tcp,private,DoS
9567,tcp,telnet,Normal
9568,tcp,other,Probe
9569,tcp,private,DoS
9570,tcp,http,Normal
9571,tcp,http,Normal
9572,tcp,http,Normal
9573,tcp,http,Normal
9574,tcp,http,Normal
9575,tcp,auth,DoS
9576,tcp,ftp,Normal
9577,tcp,http,Normal
9578,udp,private,Normal
9579,tcp,http,Normal
9580,tcp,other,Probe
9581,tcp,other,Normal
9582,tcp,http,Normal
9583,tcp,http,Normal
9584,tcp,uucp,DoS
9585,udp,domain_u,Normal
9586,tcp,http,Normal
9587,tcp,http,Normal
9588,tcp,http,Normal
9589,tcp,private,DoS
9590,icmp,ecr_i,DoS
9591,tcp,http,Normal
9592,tcp,http,Normal
9593,udp,private,Normal
9594,tcp,http,Normal
9595,tcp,http,DoS
9596,tcp,telnet,Normal
9597,tcp,other,DoS
9598,udp,private,DoS
9599,tcp,ftp_data,Normal
9600,tcp,private,Probe
9601,tcp,http,Normal
9602,tcp,http,Normal
9603,tcp,other,Normal
9604,tcp,telnet,DoS
9605,tcp,ftp,Normal
9606,tcp,http,Normal
9607,tcp,other,Normal
9608,udp,domain_u,Normal
9609,tcp,private,DoS
9610,tcp,other,DoS
9611,udp,domain_u,Normal
9612,icmp,ecr_i,DoS
9613,tcp,other,Normal
9614,tcp,ftp,Normal
9615,tcp,private,DoS
9616,udp,private,DoS
9617,tcp,http,DoS
9618,tcp,telnet,DoS
9619,tcp,http,Normal
9620,tcp,http,Normal
9621,icmp,eco_i,Probe
9622,tcp,telnet,Normal
9623,tcp,http,DoS
9624,tcp,http,Normal
9625,tcp,private,DoS
9626,udp,other,Normal
9627,udp,private,DoS
9628,tcp,ftp_data,Normal
9629,tcp,http,DoS
9630,tcp,ftp_data,Normal
9631,udp,domain_u,Normal
9632,tcp,ftp_data,R2L
9633,tcp,http,Normal
9634,tcp,telnet,Normal
9635,tcp,http,Normal
9636,tcp,other,Probe
9637,tcp,http,Normal
9638,tcp,smtp,Normal
9639,tcp,http,Normal
9640,tcp,http,Normal
9641,udp,private,Normal
9642,tcp,smtp,Normal
9643,tcp,private,DoS
9644,tcp,http,Normal
9645,tcp,private,DoS
9646,tcp,http,Normal
9647,udp,private,Normal
9648,tcp,ftp_data,R2L
9649,tcp,smtp,Normal
9650,udp,private,DoS
9651,tcp,http,Normal
9652,udp,private,Normal
9653,tcp,http,DoS
9654,tcp,private,DoS
9655,tcp,http,Normal
9656,tcp,private,DoS
9657,tcp,http,Normal
9658,icmp,ecr_i,DoS
9659,udp,private,DoS
9660,tcp,private,DoS
9661,icmp,ecr_i,DoS
9662,tcp,http,Normal
9663,tcp,telnet,Normal
9664,udp,other,Normal
9665,tcp,http,Normal
9666,tcp,other,Normal
9667,tcp,other,Probe
9668,tcp,http,DoS
9669,tcp,private,DoS
9670,tcp,http,Normal
9671,udp,private,DoS
9672,tcp,http,Normal
9673,tcp,private,DoS
9674,udp,private,Normal
9675,tcp,other,Normal
9676,icmp,ecr_i,DoS
9677,tcp,other,Normal
9678,tcp,other,DoS
9679,tcp,http,Normal
9680,udp,private,Probe
9681,tcp,http,Normal
9682,tcp,private,DoS
9683,tcp,http,Normal
9684,tcp,http,Normal
9685,tcp,http,Normal
9686,udp,domain_u,Normal
9687,udp,private,Normal
9688,tcp,http,Normal
9689,udp,domain_u,Normal
9690,tcp,other,Normal
9691,tcp,private,DoS
9692,tcp,http,Normal
9693,tcp,http,Normal
9694,tcp,http,Normal
9695,tcp,http,Normal
9696,tcp,private,DoS
9697,tcp,telnet,Normal
9698,udp,private,Normal
9699,tcp,http,Normal
9700,udp,domain_u,Normal
9701,tcp,http,Normal
9702,tcp,private,DoS
9703,tcp,private,DoS
9704,tcp,telnet,Normal
9705,udp,domain_u,Normal
9706,tcp,http,DoS
9707,tcp,http,DoS
9708,tcp,smtp,Normal
9709,tcp,private,DoS
9710,tcp,private,Probe
9711,tcp,private,DoS
9712,tcp,smtp,Normal
9713,tcp,other,DoS
9714,tcp,http,DoS
9715,tcp,private,DoS
9716,tcp,other,Normal
9717,tcp,other,Probe
9718,tcp,http,DoS
9719,tcp,private,DoS
9720,tcp,telnet,Normal
9721,tcp,http,Normal
9722,tcp,finger,Normal
9723,tcp,http,Normal
9724,tcp,smtp,Normal
9725,tcp,http,Normal
9726,tcp,other,Normal
9727,tcp,http,Normal
9728,udp,private,Normal
9729,icmp,ecr_i,DoS
9730,tcp,other,Normal
9731,tcp,smtp,Normal
9732,tcp,private,DoS
9733,tcp,private,DoS
9734,tcp,private,DoS
9735,tcp,other,Normal
9736,tcp,telnet,Normal
9737,tcp,http,Normal
9738,tcp,private,DoS
9739,tcp,smtp,Normal
9740,tcp,telnet,Normal
9741,tcp,http,Normal
9742,tcp,private,Probe
9743,tcp,other,Normal
9744,tcp,smtp,Normal
9745,tcp,http,Normal
9746,tcp,other,Normal
9747,udp,domain_u,Normal
9748,tcp,other,Probe
9749,tcp,private,DoS
9750,udp,private,Probe
9751,tcp,http,DoS
9752,tcp,telnet,Normal
9753,tcp,http,Normal
9754,udp,private,Normal
9755,tcp,other,Probe
9756,tcp,ftp,Normal
9757,tcp,other,DoS
9758,tcp,http,DoS
9759,tcp,other,Normal
9760,tcp,private,DoS
9761,tcp,http,Normal
9762,tcp,private,DoS
9763,tcp,other,DoS
9764,tcp,private,DoS
9765,tcp,other,Probe
9766,tcp,ftp,Normal
9767,tcp,http,Normal
9768,tcp,http,Normal
9769,tcp,smtp,Normal
9770,tcp,http,Normal
9771,tcp,private,DoS
9772,tcp,other,Probe
9773,tcp,other,Probe
9774,tcp,http,Normal
9775,udp,private,Normal
9776,tcp,http,DoS
9777,icmp,other,Normal
9778,udp,private,Normal
9779,tcp,private,DoS
9780,tcp,other,Probe
9781,tcp,ftp_data,Normal
9782,tcp,http,Normal
9783,tcp,http,Normal
9784,icmp,eco_i,Probe
9785,tcp,ftp_data,R2L
9786,icmp,ecr_i,DoS
9787,tcp,private,DoS
9788,icmp,ecr_i,DoS
9789,tcp,http,Normal
9790,tcp,http,Normal
9791,tcp,http,DoS
9792,tcp,http,Normal
9793,tcp,private,Probe
9794,tcp,private,DoS
9795,icmp,ecr_i,DoS
9796,udp,private,Normal
9797,tcp,courier,DoS
9798,udp,domain_u,Normal
9799,tcp,http,Normal
9800,tcp,telnet,Normal
9801,tcp,uucp_path,DoS
9802,tcp,telnet,Normal
9803,udp,private,Normal
9804,tcp,telnet,Normal
9805,icmp,ecr_i,DoS
9806,tcp,http,Normal
9807,tcp,other,Probe
9808,tcp,other,DoS
9809,udp,private,Normal
9810,tcp,http,Normal
9811,udp,domain_u,Normal
9812,tcp,http,Normal
9813,udp,private,DoS
9814,tcp,telnet,Normal
9815,udp,domain_u,Normal
9816,tcp,http,Normal
9817,tcp,http,Normal
9818,tcp,http,Normal
9819,tcp,http,Normal
9820,udp,private,Probe
9821,icmp,ecr_i,DoS
9822,tcp,telnet,Normal
9823,tcp,http,Normal
9824,tcp,http,Normal
9825,tcp,http,DoS
9826,tcp,http,Normal
9827,tcp,other,Probe
9828,udp,domain_u,Normal
9829,tcp,other,DoS
9830,tcp,ftp_data,Normal
9831,tcp,private,DoS
9832,tcp,smtp,Normal
9833,tcp,private,DoS
9834,tcp,http,Normal
9835,tcp,private,DoS
9836,tcp,http,Normal
9837,tcp,other,DoS
9838,tcp,http,Normal
9839,tcp,private,DoS
9840,tcp,smtp,Normal
9841,tcp,http,Normal
9842,tcp,http,Normal
9843,tcp,telnet,DoS
9844,icmp,ecr_i,DoS
9845,tcp,http,Normal
9846,udp,domain_u,Normal
9847,tcp,http,Normal
9848,tcp,private,DoS
9849,tcp,telnet,Normal
9850,udp,domain_u,Normal
9851,tcp,other,DoS
9852,tcp,http,Normal
9853,tcp,http,Normal
9854,tcp,http,Normal
9855,udp,domain_u,Normal
9856,tcp,private,DoS
9857,icmp,ecr_i,DoS
9858,tcp,other,DoS
9859,tcp,http,Normal
9860,udp,private,Probe
9861,tcp,http,Normal
9862,udp,private,DoS
9863,udp,domain_u,Normal
9864,tcp,private,DoS
9865,tcp,bgp,DoS
9866,tcp,private,DoS
9867,tcp,http,Normal
9868,udp,domain_u,Normal
9869,tcp,telnet,Normal
9870,tcp,http,Normal
9871,tcp,smtp,Normal
9872,tcp,telnet,Normal
9873,tcp,private,DoS
9874,tcp,smtp,Normal
9875,tcp,http,Normal
9876,tcp,ftp_data,R2L
9877,tcp,http,Normal
9878,tcp,smtp,Normal
9879,tcp,http,Normal
9880,tcp,private,DoS
9881,tcp,other,DoS
9882,tcp,smtp,Normal
9883,tcp,ftp,Normal
9884,tcp,http,DoS
9885,udp,private,Normal
9886,tcp,http,Normal
9887,tcp,private,DoS
9888,tcp,http,Normal
9889,tcp,http,Normal
9890,tcp,http,Normal
9891,tcp,http,Normal
9892,tcp,http,Normal
9893,tcp,private,DoS
9894,tcp,http,Normal
9895,tcp,ftp,Normal
9896,udp,private,Normal
9897,tcp,smtp,Normal
9898,tcp,http,Normal
9899,tcp,http,Normal
9900,tcp,smtp,Normal
9901,tcp,http,Normal
9902,icmp,ecr_i,DoS
9903,udp,private,Probe
9904,icmp,ecr_i,DoS
9905,udp,domain_u,Normal
9906,tcp,private,DoS
9907,tcp,private,DoS
9908,tcp,private,DoS
9909,tcp,http,Normal
9910,tcp,private,DoS
9911,tcp,ftp_data,Normal
9912,tcp,http,DoS
9913,tcp,private,DoS
9914,tcp,private,DoS
9915,tcp,telnet,Normal
9916,tcp,http,DoS
9917,tcp,smtp,Normal
9918,tcp,private,DoS
9919,tcp,private,DoS
9920,tcp,http,Normal
9921,udp,domain_u,Normal
9922,tcp,telnet,Normal
9923,tcp,http,Normal
9924,udp,private,DoS
9925,tcp,finger,Normal
9926,tcp,other,Normal
9927,tcp,other,DoS
9928,tcp,http,Normal
9929,tcp,http,Normal
9930,tcp,ftp,Normal
9931,tcp,telnet,Normal
9932,tcp,http,Normal
9933,tcp,private,DoS
9934,tcp,other,Normal
9935,tcp,http,Normal
9936,tcp,telnet,Normal
9937,tcp,other,DoS
9938,tcp,http,DoS
9939,tcp,http,Normal
9940,tcp,private,DoS
9941,tcp,ftp_data,Normal
9942,tcp,ftp,Normal
9943,tcp,http,Normal
9944,tcp,http,Normal
9945,icmp,ecr_i,DoS
9946,icmp,eco_i,Probe
9947,tcp,other,DoS
9948,udp,private,Normal
9949,udp,private,Normal
9950,udp,private,Normal
9951,tcp,http,DoS
9952,tcp,http,Normal
9953,icmp,eco_i,Probe
9954,icmp,ecr_i,DoS
9955,tcp,other,DoS
9956,tcp,http,Normal
9957,udp,private,Normal
9958,tcp,http,Normal
9959,tcp,private,DoS
9960,tcp,other,Normal
9961,tcp,smtp,Normal
9962,udp,private,Normal
9963,tcp,smtp,Probe
9964,tcp,http,Normal
9965,tcp,http,Normal
9966,tcp,telnet,Normal
9967,tcp,private,DoS
9968,tcp,smtp,Normal
9969,tcp,private,DoS
9970,tcp,http,Normal
9971,tcp,private,DoS
9972,udp,domain_u,Normal
9973,tcp,http,Normal
9974,tcp,http,Normal
9975,tcp,http,Normal
9976,tcp,http,Normal
9977,tcp,other,Probe
9978,tcp,http,Normal
9979,tcp,http,Normal
9980,tcp,private,DoS
9981,tcp,telnet,Normal
9982,tcp,http,Normal
9983,udp,domain_u,Normal
9984,tcp,http,Normal
9985,tcp,other,Normal
9986,tcp,http,Normal
9987,tcp,other,Normal
9988,tcp,telnet,DoS
9989,tcp,private,DoS
9990,tcp,ftp,Normal
9991,udp,other,Probe
9992,udp,private,Normal
9993,tcp,http,DoS
9994,tcp,http,Normal
9995,tcp,http,Normal
9996,tcp,private,DoS
9997,tcp,http,Normal
9998,tcp,ftp,Normal
9999,udp,private,Probe
10000,tcp,http,Normal
10001,udp,private,DoS
10002,tcp,http,Normal
10003,tcp,http,DoS
10004,tcp,other,DoS
10005,tcp,telnet,Normal
10006,tcp,private,DoS
10007,tcp,ftp_data,Normal
10008,tcp,other,DoS
10009,icmp,eco_i,Probe
10010,tcp,ftp_data,Normal
10011,tcp,other,Probe
10012,tcp,auth,DoS
10013,tcp,private,DoS
10014,tcp,other,Probe
10015,tcp,private,DoS
10016,tcp,other,DoS
10017,udp,domain_u,Normal
10018,tcp,http,DoS
10019,tcp,other,Normal
10020,tcp,private,DoS
10021,tcp,http,Normal
10022,tcp,http,Normal
10023,tcp,smtp,Normal
10024,tcp,telnet,Normal
10025,icmp,ecr_i,DoS
10026,udp,private,DoS
10027,udp,domain_u,Normal
10028,tcp,other,DoS
10029,tcp,smtp,Normal
10030,tcp,private,DoS
10031,tcp,other,Normal
10032,tcp,http,DoS
10033,udp,private,Normal
10034,icmp,ecr_i,DoS
10035,tcp,http,Normal
10036,tcp,http,Normal
10037,tcp,http,Normal
10038,tcp,telnet,Normal
10039,icmp,ecr_i,DoS
10040,tcp,http,Normal
10041,tcp,auth,DoS
10042,tcp,private,DoS
10043,tcp,private,DoS
10044,tcp,finger,Normal
10045,tcp,private,DoS
10046,tcp,http,Normal
10047,tcp,private,DoS
10048,tcp,other,DoS
10049,tcp,http,Normal
10050,tcp,other,Probe
10051,tcp,http,Normal
10052,udp,private,Normal
10053,tcp,private,DoS
10054,tcp,http,Normal
10055,tcp,http,DoS
10056,tcp,http,Normal
10057,tcp,ftp,Normal
10058,tcp,private,DoS
10059,tcp,private,DoS
10060,tcp,other,Normal
10061,tcp,smtp,Normal
10062,tcp,http,Normal
10063,tcp,http,Normal
10064,tcp,http,Normal
10065,tcp,http,Normal
10066,tcp,http,Normal
10067,tcp,http,Normal
10068,tcp,ftp_data,Normal
10069,tcp,private,DoS
10070,tcp,http,Normal
10071,tcp,private,DoS
10072,tcp,http,Normal
10073,udp,domain_u,Normal
10074,tcp,http,Normal
10075,tcp,private,DoS
10076,tcp,ftp_data,Normal
10077,tcp,http,Normal
10078,tcp,finger,DoS
10079,tcp,http,Normal
10080,udp,private,Normal
10081,tcp,private,DoS
10082,tcp,other,Normal
10083,tcp,private,DoS
10084,tcp,http,Normal
10085,tcp,http,Normal
10086,udp,domain_u,Normal
10087,tcp,private,DoS
10088,tcp,ftp_data,Normal
10089,tcp,ftp_data,Normal
10090,tcp,http,Normal
10091,tcp,http,Normal
10092,tcp,http,Normal
10093,tcp,http,Normal
10094,tcp,iso_tsap,DoS
10095,tcp,http,Normal
10096,tcp,http,DoS
10097,tcp,http,Normal
10098,tcp,private,DoS
10099,tcp,other,DoS
10100,tcp,http,Normal
10101,tcp,http,Normal
10102,tcp,http,Normal
10103,tcp,telnet,Normal
10104,icmp,ecr_i,DoS
10105,tcp,ftp,Normal
10106,tcp,ftp,Normal
10107,tcp,telnet,Normal
10108,tcp,other,Normal
10109,tcp,http,Normal
10110,tcp,private,DoS
10111,tcp,http,Normal
10112,tcp,http,Normal
10113,tcp,http,Normal
10114,tcp,other,Probe
10115,tcp,http,Normal
10116,udp,domain_u,Normal
10117,tcp,private,DoS
10118,tcp,smtp,Normal
10119,tcp,other,Normal
10120,tcp,private,DoS
10121,tcp,private,DoS
10122,udp,private,Probe
10123,tcp,other,DoS
10124,tcp,other,DoS
10125,tcp,private,DoS
10126,tcp,private,DoS
10127,tcp,other,Probe
10128,tcp,http,Normal
10129,tcp,http,Normal
10130,icmp,ecr_i,DoS
10131,tcp,other,Probe
10132,tcp,http,Normal
10133,tcp,http,Normal
10134,tcp,ftp_data,Normal
10135,udp,private,Probe
10136,tcp,http,Normal
10137,tcp,other,Normal
10138,udp,private,DoS
10139,tcp,http,Normal
10140,tcp,http,Normal
10141,tcp,http,Normal
10142,tcp,other,DoS
10143,tcp,smtp,Normal
10144,tcp,http,Normal
10145,udp,private,Normal
10146,tcp,http,Normal
10147,icmp,eco_i,Probe
10148,tcp,ftp,Normal
10149,tcp,ftp_data,Normal
10150,tcp,ftp,Normal
10151,tcp,http,Normal
10152,tcp,http,Normal
10153,tcp,http,Normal
10154,icmp,ecr_i,DoS
10155,tcp,smtp,Normal
10156,tcp,http,Normal
10157,tcp,ftp,Normal
10158,udp,domain_u,Normal
10159,tcp,http,Normal
10160,tcp,telnet,Normal
10161,tcp,telnet,Normal
10162,tcp,http,Normal
10163,tcp,http,DoS
10164,tcp,private,DoS
10165,tcp,http,Normal
10166,tcp,telnet,Normal
10167,tcp,telnet,Normal
10168,tcp,private,DoS
10169,tcp,private,DoS
10170,tcp,http,Normal
10171,tcp,private,DoS
10172,tcp,http,Normal
10173,icmp,other,DoS
10174,udp,domain_u,Normal
10175,tcp,http,Normal
10176,tcp,other,Normal
10177,udp,private,Normal
10178,tcp,other,Normal
10179,tcp,ftp,Normal
10180,udp,domain_u,Normal
10181,tcp,http,DoS
10182,tcp,http,DoS
10183,tcp,http,Normal
10184,tcp,http,Normal
10185,tcp,telnet,Normal
10186,tcp,http,Normal
10187,tcp,http,DoS
10188,tcp,http,Normal
10189,tcp,private,DoS
10190,tcp,http,Normal
10191,tcp,private,DoS
10192,tcp,http,Normal
10193,tcp,ftp,Normal
10194,tcp,private,DoS
10195,tcp,other,DoS
10196,icmp,ecr_i,DoS
10197,tcp,http,Normal
10198,tcp,other,DoS
10199,tcp,ftp,Normal
10200,tcp,ftp_data,Normal
10201,tcp,ftp_data,Normal
10202,tcp,private,DoS
10203,tcp,http,Normal
10204,tcp,other,Normal
10205,tcp,other,DoS
10206,tcp,http,Normal
10207,tcp,other,Normal
10208,udp,domain_u,Normal
10209,tcp,http,Normal
10210,tcp,other,DoS
10211,tcp,http,Normal
10212,icmp,ecr_i,DoS
10213,tcp,other,Normal
10214,tcp,http,Normal
10215,tcp,telnet,DoS
10216,tcp,private,DoS
10217,tcp,private,DoS
10218,tcp,http,Normal
10219,tcp,smtp,Normal
10220,tcp,http,Normal
10221,tcp,private,DoS
10222,tcp,http,Normal
10223,tcp,other,DoS
10224,tcp,telnet,Normal
10225,tcp,http,Normal
10226,udp,private,Normal
10227,tcp,ftp_data,Normal
10228,tcp,telnet,Normal
10229,tcp,smtp,Normal
10230,tcp,other,DoS
10231,tcp,http,DoS
10232,tcp,http,Normal
10233,tcp,http,Normal
10234,tcp,http,Normal
10235,udp,private,Normal
10236,tcp,other,DoS
10237,tcp,http,Normal
10238,tcp,telnet,Normal
10239,tcp,http,Normal
10240,udp,private,DoS
10241,tcp,other,Normal
10242,tcp,http,Normal
10243,tcp,other,Probe
10244,tcp,other,Probe
10245,udp,private,Normal
10246,tcp,http,Normal
10247,tcp,http,Normal
10248,udp,private,Probe
10249,tcp,http,Normal
10250,tcp,other,Probe
10251,tcp,telnet,Normal
10252,tcp,http,Normal
10253,tcp,private,DoS
10254,tcp,private,DoS
10255,icmp,ecr_i,DoS
10256,tcp,other,Probe
10257,tcp,telnet,Normal
10258,tcp,http,Normal
10259,tcp,http,Normal
10260,tcp,http,Normal
10261,tcp,ftp_data,Normal
10262,tcp,http,Normal
10263,tcp,http,Normal
10264,icmp,eco_i,Probe
10265,tcp,finger,Normal
10266,tcp,other,Normal
10267,tcp,other,Normal
10268,tcp,http,Normal
10269,tcp,other,DoS
10270,tcp,http,Normal
10271,tcp,http,Normal
10272,tcp,other,Probe
10273,udp,private,DoS
10274,udp,other,Normal
10275,icmp,ecr_i,DoS
10276,udp,domain_u,Normal
10277,tcp,other,Probe
10278,tcp,http,Normal
10279,tcp,private,DoS
10280,icmp,eco_i,Probe
10281,tcp,ftp,Normal
10282,tcp,http,Normal
10283,tcp,other,DoS
10284,tcp,other,DoS
10285,tcp,other,Probe
10286,tcp,telnet,Normal
10287,tcp,http,Normal
10288,tcp,private,DoS
10289,tcp,private,DoS
10290,tcp,smtp,Normal
10291,tcp,other,Probe
10292,tcp,http,DoS
10293,udp,private,Normal
10294,tcp,private,DoS
10295,tcp,other,Normal
10296,tcp,smtp,Normal
10297,tcp,http,Normal
10298,tcp,http,Normal
10299,tcp,ftp_data,Normal
10300,tcp,http,Normal
10301,tcp,smtp,Normal
10302,udp,private,Normal
10303,tcp,telnet,Normal
10304,udp,private,DoS
10305,tcp,private,DoS
10306,tcp,http,DoS
10307,tcp,http,Normal
10308,tcp,telnet,Probe
10309,tcp,http,Normal
10310,tcp,http,Normal
10311,tcp,smtp,Normal
10312,tcp,http,DoS
10313,tcp,http,Normal
10314,icmp,ecr_i,DoS
10315,tcp,auth,Normal
10316,udp,domain_u,Normal
10317,tcp,http,DoS
10318,tcp,http,Normal
10319,tcp,ftp_data,Normal
10320,tcp,http,Normal
10321,tcp,ftp_data,Normal
10322,tcp,finger,DoS
10323,tcp,http,DoS
10324,tcp,other,Probe
10325,tcp,telnet,Normal
10326,tcp,smtp,Normal
10327,tcp,other,Normal
10328,tcp,http,Normal
10329,tcp,telnet,Normal
10330,udp,private,Normal
10331,tcp,http,Normal
10332,udp,private,Normal
10333,tcp,http,Normal
10334,tcp,private,Probe
10335,udp,private,Probe
10336,tcp,http,Normal
10337,tcp,http,DoS
10338,udp,domain_u,Normal
10339,tcp,http,Normal
10340,udp,private,DoS
10341,tcp,http,Normal
10342,tcp,http,DoS
10343,tcp,telnet,DoS
10344,tcp,other,DoS
10345,tcp,private,DoS
10346,tcp,http,Normal
10347,tcp,http,Normal
10348,tcp,private,DoS
10349,tcp,http,Normal
10350,udp,domain_u,Normal
10351,tcp,telnet,DoS
10352,tcp,telnet,Normal
10353,tcp,other,Normal
10354,udp,private,Normal
10355,tcp,private,DoS
10356,tcp,http,Normal
10357,tcp,telnet,DoS
10358,udp,domain_u,Normal
10359,udp,private,Normal
10360,tcp,http,Normal
10361,tcp,smtp,Normal
10362,tcp,private,Probe
10363,tcp,other,Normal
10364,tcp,other,Normal
10365,tcp,http,Normal
10366,tcp,http,Normal
10367,tcp,http,Normal
10368,tcp,other,Probe
10369,tcp,http,Normal
10370,icmp,ecr_i,DoS
10371,tcp,http,Normal
10372,tcp,telnet,Normal
10373,tcp,private,DoS
10374,udp,private,DoS
10375,tcp,http,Normal
10376,tcp,http,Normal
10377,tcp,private,DoS
10378,udp,private,Normal
10379,tcp,other,Probe
10380,icmp,ecr_i,DoS
10381,tcp,telnet,Normal
10382,tcp,http,Normal
10383,tcp,private,DoS
10384,icmp,eco_i,Normal
10385,tcp,telnet,DoS
10386,tcp,other,Probe
10387,udp,private,Normal
10388,tcp,http,DoS
10389,tcp,other,Normal
10390,tcp,http,Normal
10391,tcp,http,Normal
10392,tcp,telnet,Normal
10393,tcp,telnet,Normal
10394,tcp,other,DoS
10395,tcp,http,Normal
10396,tcp,http,Normal
10397,tcp,smtp,Normal
10398,tcp,http,Normal
10399,tcp,other,DoS
10400,tcp,private,DoS
10401,tcp,http,Normal
10402,icmp,ecr_i,DoS
10403,tcp,smtp,Normal
10404,tcp,http,Normal
10405,icmp,eco_i,Probe
10406,udp,private,Normal
10407,udp,private,Normal
10408,tcp,smtp,Normal
10409,tcp,uucp_path,DoS
10410,tcp,http,Normal
10411,tcp,ftp,Normal
10412,tcp,http,Normal
10413,tcp,other,Normal
10414,tcp,http,Normal
10415,tcp,http,Normal
10416,tcp,http,Normal
10417,tcp,private,DoS
10418,tcp,http,Normal
10419,tcp,private,DoS
10420,tcp,ftp_data,Normal
10421,udp,private,Probe
10422,tcp,http,Normal
10423,udp,private,Normal
10424,tcp,http,Normal
10425,tcp,other,Normal
10426,tcp,other,DoS
10427,tcp,smtp,Normal
10428,tcp,http,Normal
10429,tcp,http,DoS
10430,tcp,http,Normal
10431,tcp,other,Normal
10432,tcp,ftp_data,Normal
10433,udp,private,DoS
10434,tcp,http,Normal
10435,tcp,private,DoS
10436,tcp,private,DoS
10437,tcp,http,Normal
10438,icmp,eco_i,Probe
10439,tcp,ftp,Normal
10440,udp,private,Normal
10441,tcp,http,Normal
10442,tcp,http,Normal
10443,tcp,telnet,Normal
10444,tcp,http,Normal
10445,tcp,http,Normal
10446,tcp,other,Probe
10447,tcp,telnet,Normal
10448,tcp,http,Normal
10449,tcp,other,Normal
10450,tcp,telnet,Normal
10451,tcp,private,DoS
10452,tcp,http,Normal
10453,tcp,http,Normal
10454,tcp,http,Normal
10455,tcp,http,Normal
10456,tcp,other,Probe
10457,tcp,http,Normal
10458,udp,domain_u,Normal
10459,tcp,http,Normal
10460,udp,domain_u,Normal
10461,tcp,private,DoS
10462,tcp,http,Normal
10463,tcp,http,Normal
10464,tcp,smtp,Normal
10465,tcp,http,Normal
10466,tcp,ftp,Normal
10467,tcp,ftp,Normal
10468,tcp,other,Probe
10469,tcp,private,DoS
10470,tcp,other,DoS
10471,tcp,other,Normal
10472,tcp,telnet,Normal
10473,tcp,other,Probe
10474,tcp,private,DoS
10475,tcp,http,DoS
10476,tcp,http,Normal
10477,icmp,ecr_i,DoS
10478,tcp,private,DoS
10479,tcp,http,Normal
10480,tcp,http,Normal
10481,tcp,other,Probe
10482,tcp,ftp,Normal
10483,tcp,http,Normal
10484,udp,other,Normal
10485,tcp,telnet,Normal
10486,tcp,http,Normal
10487,tcp,http,Normal
10488,tcp,other,Probe
10489,tcp,http,Normal
10490,tcp,http,Normal
10491,tcp,other,Probe
10492,tcp,ftp_data,Normal
10493,tcp,other,Probe
10494,tcp,ftp_data,Normal
10495,icmp,eco_i,Probe
10496,udp,domain_u,Normal
10497,tcp,other,DoS
10498,tcp,whois,DoS
10499,udp,domain_u,Normal
10500,tcp,private,Probe
10501,tcp,private,DoS
10502,tcp,http,Normal
10503,tcp,private,DoS
10504,udp,domain_u,Normal
10505,tcp,http,Normal
10506,udp,domain_u,Normal
10507,tcp,private,DoS
10508,tcp,http,Normal
10509,tcp,other,Probe
10510,tcp,http,Normal
10511,tcp,http,DoS
10512,tcp,private,DoS
10513,tcp,other,Normal
10514,tcp,private,DoS
10515,udp,domain_u,Normal
10516,tcp,smtp,Normal
10517,tcp,http,Normal
10518,tcp,smtp,Normal
10519,tcp,other,Probe
10520,tcp,http,Normal
10521,tcp,private,DoS
10522,tcp,http,Normal
10523,tcp,http,Normal
10524,tcp,other,DoS
10525,tcp,http,Normal
10526,tcp,http,Normal
10527,tcp,other,Normal
10528,udp,private,Normal
10529,tcp,http,Normal
10530,tcp,http,DoS
10531,tcp,private,DoS
10532,tcp,http,Normal
10533,tcp,private,DoS
10534,tcp,http,Normal
10535,tcp,smtp,Normal
10536,tcp,http,Normal
10537,tcp,http,Normal
10538,tcp,private,Probe
10539,tcp,http,Normal
10540,tcp,http,Normal
10541,tcp,private,DoS
10542,tcp,http,Normal
10543,tcp,http,Normal
10544,udp,private,Normal
10545,tcp,iso_tsap,DoS
10546,tcp,http,Normal
10547,tcp,http,Normal
10548,udp,private,DoS
10549,tcp,http,DoS
10550,tcp,auth,DoS
10551,tcp,ftp_data,Normal
10552,tcp,http,Normal
10553,tcp,http,Normal
10554,tcp,telnet,Normal
10555,tcp,other,Normal
10556,tcp,Z39_50,DoS
10557,tcp,http,Normal
10558,tcp,http,Normal
10559,tcp,http,DoS
10560,tcp,http,Normal
10561,tcp,private,DoS
10562,tcp,http,Normal
10563,tcp,other,DoS
10564,tcp,smtp,Normal
10565,tcp,http,Normal
10566,icmp,other,Normal
10567,tcp,http,Normal
10568,tcp,other,Normal
10569,tcp,other,Probe
10570,tcp,smtp,Normal
10571,tcp,other,Normal
10572,udp,domain_u,Normal
10573,tcp,private,Probe
10574,tcp,other,Probe
10575,tcp,other,Normal
10576,tcp,http,Normal
10577,udp,private,Normal
10578,tcp,telnet,Normal
10579,tcp,http,Normal
10580,tcp,http,Normal
10581,tcp,private,DoS
10582,tcp,other,DoS
10583,tcp,http,Normal
10584,tcp,other,DoS
10585,tcp,http,DoS
10586,tcp,http,DoS
10587,tcp,smtp,Normal
10588,tcp,smtp,Normal
10589,tcp,http,Normal
10590,tcp,private,DoS
10591,tcp,telnet,Normal
10592,tcp,smtp,Normal
10593,tcp,private,DoS
10594,tcp,http,Normal
10595,udp,domain_u,Normal
10596,tcp,http,Normal
10597,tcp,http,Normal
10598,tcp,private,DoS
10599,tcp,private,DoS
10600,tcp,Z39_50,DoS
10601,tcp,telnet,Normal
10602,tcp,http,Normal
10603,tcp,http,Normal
10604,tcp,telnet,Normal
10605,tcp,http,Normal
10606,tcp,other,Probe
10607,tcp,telnet,Normal
10608,tcp,http,Normal
10609,tcp,other,Normal
10610,tcp,telnet,Normal
10611,icmp,ecr_i,Normal
10612,tcp,http,Normal
10613,tcp,http,Normal
10614,tcp,http,DoS
10615,tcp,private,DoS
10616,tcp,smtp,Normal
10617,tcp,smtp,Normal
10618,tcp,whois,DoS
10619,tcp,other,Probe
10620,tcp,ftp,Normal
10621,tcp,telnet,Normal
10622,tcp,other,DoS
10623,tcp,other,Probe
10624,tcp,telnet,Normal
10625,tcp,other,Normal
10626,tcp,http,Normal
10627,udp,other,Probe
10628,tcp,other,Probe
10629,tcp,ftp_data,Normal
10630,tcp,http,DoS
10631,icmp,ecr_i,DoS
10632,udp,domain_u,Normal
10633,tcp,http,Normal
10634,udp,domain_u,Normal
10635,tcp,private,DoS
10636,tcp,other,DoS
10637,tcp,private,DoS
10638,tcp,ftp_data,Normal
10639,tcp,smtp,Normal
10640,tcp,other,Probe
10641,tcp,other,DoS
10642,tcp,http,Normal
10643,tcp,ftp_data,Normal
10644,tcp,private,DoS
10645,tcp,http,DoS
10646,tcp,http,Normal
10647,tcp,private,DoS
10648,tcp,private,DoS
10649,tcp,other,Normal
10650,tcp,private,DoS
10651,tcp,http,Normal
10652,tcp,other,Normal
10653,tcp,http,Normal
10654,udp,private,Normal
10655,tcp,http,Normal
10656,tcp,http,DoS
10657,udp,private,Probe
10658,tcp,http,Normal
10659,tcp,http,Normal
10660,tcp,http,Normal
10661,tcp,private,DoS
10662,tcp,other,Probe
10663,icmp,eco_i,Probe
10664,tcp,http,Normal
10665,tcp,telnet,DoS
10666,tcp,http,Normal
10667,udp,private,Normal
10668,tcp,http,Normal
10669,tcp,http,Normal
10670,udp,private,Normal
10671,tcp,http,DoS
10672,tcp,http,Normal
10673,udp,domain_u,Normal
10674,tcp,telnet,Normal
10675,tcp,http,Normal
10676,tcp,http,Normal
10677,tcp,http,Normal
10678,tcp,ftp,Normal
10679,tcp,private,Probe
10680,tcp,other,DoS
10681,tcp,bgp,DoS
10682,tcp,http,Normal
10683,tcp,private,DoS
10684,tcp,other,DoS
10685,tcp,finger,DoS
10686,tcp,telnet,U2R
10687,tcp,http,DoS
10688,tcp,http,Normal
10689,tcp,other,Normal
10690,tcp,http,Normal
10691,udp,private,Normal
10692,tcp,http,Normal
10693,tcp,other,Probe
10694,tcp,http,Normal
10695,tcp,ftp_data,R2L
10696,tcp,http,Normal
10697,tcp,private,DoS
10698,tcp,http,Normal
10699,icmp,ecr_i,DoS
10700,tcp,http,Normal
10701,tcp,other,DoS
10702,tcp,http,Normal
10703,tcp,private,DoS
10704,tcp,private,DoS
10705,tcp,http,Normal
10706,tcp,private,DoS
10707,tcp,courier,DoS
10708,tcp,http,Normal
10709,tcp,private,DoS
10710,tcp,private,DoS
10711,icmp,eco_i,Probe
10712,tcp,http,Normal
10713,udp,private,DoS
10714,udp,private,Probe
10715,tcp,other,DoS
10716,tcp,other,Probe
10717,icmp,ecr_i,DoS
10718,tcp,private,DoS
10719,tcp,http,Normal
10720,tcp,private,DoS
10721,tcp,http,Normal
10722,udp,private,Normal
10723,tcp,http,Normal
10724,tcp,private,DoS
10725,tcp,other,Normal
10726,tcp,other,DoS
10727,tcp,http,Normal
10728,tcp,ftp_data,Normal
10729,udp,domain_u,Normal
10730,tcp,private,DoS
10731,tcp,private,DoS
10732,tcp,ftp_data,Normal
10733,tcp,http,Normal
10734,tcp,http,Normal
10735,tcp,telnet,Normal
10736,tcp,other,Normal
10737,tcp,smtp,Normal
10738,tcp,other,DoS
10739,udp,private,Probe
10740,tcp,ftp_data,Normal
10741,udp,private,Normal
10742,tcp,http,Normal
10743,tcp,telnet,Normal
10744,tcp,ftp_data,Normal
10745,tcp,telnet,Normal
10746,tcp,private,DoS
10747,tcp,private,DoS
10748,tcp,http,Normal
10749,tcp,private,DoS
10750,tcp,ftp,Normal
10751,tcp,http,Normal
10752,tcp,telnet,Normal
10753,icmp,eco_i,Probe
10754,tcp,http,Normal
10755,icmp,ecr_i,Normal
10756,tcp,telnet,Normal
10757,tcp,other,DoS
10758,tcp,http,Normal
10759,tcp,other,Normal
10760,tcp,http,Normal
10761,tcp,telnet,Normal
10762,tcp,http,Normal
10763,tcp,ftp_data,R2L
10764,tcp,finger,Normal
10765,tcp,telnet,Normal
10766,tcp,http,Normal
10767,tcp,ftp,Normal
10768,tcp,http,Normal
10769,tcp,smtp,Normal
10770,tcp,http,Normal
10771,udp,other,Normal
10772,tcp,private,DoS
10773,tcp,other,Normal
10774,udp,domain_u,Normal
10775,tcp,other,DoS
10776,tcp,http,Normal
10777,tcp,http,Normal
10778,udp,private,Normal
10779,tcp,http,Normal
10780,tcp,http,Normal
10781,tcp,http,Normal
10782,tcp,http,Normal
10783,tcp,http,Normal
10784,icmp,ecr_i,DoS
10785,tcp,ftp_data,Normal
10786,tcp,http,Normal
10787,tcp,other,Probe
10788,tcp,other,DoS
10789,tcp,private,DoS
10790,tcp,http,Normal
10791,tcp,telnet,Probe
10792,tcp,http,Normal
10793,tcp,http,Normal
10794,tcp,ftp,Normal
10795,tcp,http,Normal
10796,udp,domain_u,Normal
10797,tcp,private,DoS
10798,tcp,private,Probe
10799,tcp,private,DoS
10800,tcp,http,DoS
10801,tcp,other,DoS
10802,tcp,http,Normal
10803,tcp,ftp_data,DoS
10804,tcp,http,Normal
10805,tcp,http,DoS
10806,tcp,ftp,Normal
10807,udp,domain_u,Normal
10808,tcp,other,Probe
10809,tcp,http,Normal
10810,tcp,other,Normal
10811,tcp,smtp,Normal
10812,tcp,other,Normal
10813,tcp,http,Normal
10814,tcp,http,Normal
10815,tcp,http,Normal
10816,tcp,http,Normal
10817,tcp,private,DoS
10818,tcp,http,Normal
10819,tcp,other,Probe
10820,icmp,eco_i,Probe
10821,tcp,smtp,Probe
10822,tcp,other,DoS
10823,udp,other,Normal
10824,tcp,http,DoS
10825,tcp,private,DoS
10826,udp,private,Normal
10827,tcp,smtp,Normal
10828,tcp,other,DoS
10829,tcp,http,Normal
10830,tcp,http,Normal
10831,tcp,http,DoS
10832,tcp,http,DoS
10833,tcp,other,Normal
10834,tcp,http,Normal
10835,tcp,other,DoS
10836,tcp,http,Normal
10837,tcp,other,DoS
10838,tcp,http,Normal
10839,tcp,other,Probe
10840,tcp,http,Normal
10841,tcp,telnet,Normal
10842,tcp,other,Normal
10843,tcp,http,Normal
10844,tcp,private,DoS
10845,tcp,uucp,DoS
10846,tcp,other,Normal
10847,tcp,telnet,Normal
10848,tcp,http,Normal
10849,tcp,private,DoS
10850,udp,domain_u,Normal
10851,tcp,private,DoS
10852,tcp,smtp,Normal
10853,tcp,http,Normal
10854,tcp,http,Normal
10855,udp,private,Normal
10856,tcp,http,Normal
10857,tcp,private,DoS
10858,tcp,http,Normal
10859,tcp,other,Normal
10860,tcp,telnet,Normal
10861,tcp,http,Normal
10862,tcp,http,Normal
10863,tcp,http,DoS
10864,tcp,http,Normal
10865,tcp,other,Normal
10866,tcp,http,Normal
10867,udp,private,Normal
10868,tcp,http,Normal
10869,tcp,smtp,Normal
10870,tcp,ftp,Normal
10871,tcp,private,DoS
10872,udp,private,Probe
10873,tcp,http,Normal
10874,tcp,http,Normal
10875,tcp,ftp_data,Normal
10876,tcp,private,DoS
10877,tcp,ftp,Normal
10878,tcp,smtp,Normal
10879,tcp,http,Normal
10880,tcp,ftp,Normal
10881,tcp,http,Normal
10882,tcp,http,Normal
10883,tcp,other,DoS
10884,tcp,ftp_data,R2L
10885,icmp,ecr_i,DoS
10886,tcp,other,Normal
10887,tcp,private,DoS
10888,tcp,http,Normal
10889,tcp,ftp_data,Normal
10890,tcp,other,Normal
10891,tcp,telnet,Normal
10892,tcp,other,Normal
10893,tcp,http,DoS
10894,tcp,private,DoS
10895,tcp,http,Normal
10896,tcp,iso_tsap,DoS
10897,tcp,http,Normal
10898,udp,private,Probe
10899,tcp,http,DoS
10900,tcp,http,DoS
10901,tcp,http,Normal
10902,tcp,other,DoS
10903,tcp,http,Normal
10904,udp,private,Probe
10905,tcp,http,DoS
10906,tcp,http,Normal
10907,tcp,other,Normal
10908,tcp,private,DoS
10909,tcp,http,Normal
10910,tcp,http,Normal
10911,tcp,private,Probe
10912,tcp,other,DoS
10913,tcp,http,Normal
10914,tcp,private,DoS
10915,tcp,smtp,Normal
10916,tcp,http,Normal
10917,tcp,other,Normal
10918,tcp,private,Probe
10919,tcp,http,Normal
10920,tcp,other,DoS
10921,tcp,http,Normal
10922,tcp,finger,Normal
10923,tcp,private,DoS
10924,udp,private,Probe
10925,tcp,http,Normal
10926,udp,private,DoS
10927,tcp,http,Normal
10928,tcp,http,Normal
10929,tcp,ftp,Normal
10930,tcp,http,Normal
10931,tcp,private,DoS
10932,udp,other,Normal
10933,tcp,ftp_data,Normal
10934,tcp,http,Normal
10935,tcp,telnet,Normal
10936,tcp,private,DoS
10937,udp,domain_u,Normal
10938,icmp,ecr_i,DoS
10939,tcp,http,Normal
10940,tcp,private,DoS
10941,udp,domain_u,Normal
10942,tcp,http,Normal
10943,tcp,other,Normal
10944,tcp,smtp,Normal
10945,tcp,http,Normal
10946,tcp,http,Normal
10947,tcp,http,DoS
10948,tcp,other,DoS
10949,tcp,private,DoS
10950,tcp,http,Normal
10951,tcp,other,DoS
10952,tcp,http,Normal
10953,tcp,telnet,Normal
10954,tcp,finger,DoS
10955,tcp,other,Normal
10956,tcp,http,Normal
10957,tcp,other,Probe
10958,tcp,telnet,Normal
10959,tcp,other,Probe
10960,tcp,other,Probe
10961,tcp,http,Normal
10962,tcp,telnet,Normal
10963,tcp,ftp_data,R2L
10964,icmp,ecr_i,DoS
10965,udp,domain_u,Normal
10966,tcp,other,DoS
10967,tcp,smtp,Normal
10968,tcp,private,DoS
10969,tcp,ftp,Normal
10970,tcp,http,Normal
10971,tcp,http,Normal
10972,tcp,private,DoS
10973,tcp,other,Probe
10974,tcp,http,Normal
10975,tcp,ftp_data,R2L
10976,udp,private,Normal
10977,tcp,http,Normal
10978,udp,domain_u,Normal
10979,udp,domain_u,Normal
10980,tcp,Z39_50,DoS
10981,tcp,http,Normal
10982,tcp,telnet,Normal
10983,udp,private,Normal
10984,tcp,http,Normal
10985,tcp,http,DoS
10986,tcp,http,Normal
10987,icmp,ecr_i,DoS
10988,tcp,private,DoS
10989,tcp,ftp_data,Normal
10990,tcp,http,Normal
10991,tcp,other,Probe
10992,tcp,smtp,Normal
10993,tcp,other,DoS
10994,tcp,private,DoS
10995,tcp,telnet,Normal
10996,tcp,private,DoS
10997,tcp,ftp_data,Normal
10998,tcp,telnet,Normal
10999,icmp,eco_i,Probe
11000,tcp,ftp_data,Normal
11001,tcp,other,Probe
11002,tcp,http,Normal
11003,tcp,other,Normal
11004,icmp,eco_i,Probe
11005,tcp,http,Normal
11006,tcp,ftp_data,R2L
11007,tcp,smtp,Normal
11008,udp,private,Probe
11009,tcp,ftp,Normal
11010,tcp,http,DoS
11011,tcp,http,Normal
11012,tcp,other,Normal
11013,tcp,http,Normal
11014,tcp,http,Normal
11015,udp,private,DoS
11016,tcp,http,Normal
11017,tcp,private,DoS
11018,tcp,telnet,Normal
11019,tcp,http,Normal
11020,tcp,other,Probe
11021,tcp,other,Normal
11022,tcp,ftp_data,Normal
11023,tcp,http,Normal
11024,tcp,http,Normal
11025,udp,private,DoS
11026,tcp,other,Probe
11027,tcp,private,DoS
11028,tcp,http,Normal
11029,udp,private,Normal
11030,tcp,http,Normal
11031,udp,private,DoS
11032,icmp,ecr_i,DoS
11033,tcp,private,DoS
11034,tcp,http,Normal
11035,tcp,telnet,Normal
11036,tcp,http,Normal
11037,tcp,http,Normal
11038,tcp,ftp,Normal
11039,tcp,http,Normal
11040,tcp,telnet,Normal
11041,tcp,private,DoS
11042,tcp,private,DoS
11043,tcp,http,Normal
11044,tcp,other,Normal
11045,tcp,http,DoS
11046,tcp,courier,DoS
11047,tcp,http,Normal
11048,tcp,http,Normal
11049,tcp,finger,DoS
11050,tcp,http,DoS
11051,tcp,http,Normal
11052,tcp,telnet,Normal
11053,tcp,http,Normal
11054,tcp,telnet,Normal
11055,icmp,ecr_i,DoS
11056,tcp,private,DoS
11057,tcp,telnet,DoS
11058,icmp,ecr_i,DoS
11059,icmp,eco_i,Probe
11060,icmp,ecr_i,DoS
11061,icmp,ecr_i,DoS
11062,tcp,smtp,Normal
11063,tcp,other,DoS
11064,tcp,http,Normal
11065,tcp,private,DoS
11066,tcp,ftp,Normal
11067,tcp,http,Normal
11068,tcp,http,DoS
11069,tcp,ftp_data,Normal
11070,tcp,http,Normal
11071,tcp,private,DoS
11072,tcp,http,Normal
11073,tcp,http,Normal
11074,tcp,http,Normal
11075,tcp,ftp,Normal
11076,udp,private,Normal
11077,tcp,ftp_data,Normal
11078,tcp,ftp,Normal
11079,tcp,telnet,Normal
11080,tcp,http,DoS
11081,tcp,http,Normal
11082,tcp,telnet,Normal
11083,tcp,other,DoS
11084,tcp,private,DoS
11085,tcp,telnet,Normal
11086,tcp,other,Normal
11087,tcp,telnet,Normal
11088,tcp,http,Normal
11089,tcp,http,Normal
11090,tcp,http,Normal
11091,udp,private,Normal
11092,tcp,http,Normal
11093,tcp,private,Probe
11094,tcp,http,Normal
11095,tcp,http,Normal
11096,tcp,private,DoS
11097,tcp,ftp,Normal
11098,tcp,telnet,Normal
11099,tcp,http,Normal
11100,tcp,telnet,Normal
11101,tcp,http,Normal
11102,tcp,other,DoS
11103,tcp,http,DoS
11104,tcp,private,DoS
11105,tcp,other,Normal
11106,tcp,http,Normal
11107,tcp,other,Normal
11108,tcp,http,DoS
11109,tcp,http,Normal
11110,tcp,other,DoS
11111,tcp,http,Normal
11112,icmp,ecr_i,DoS
11113,tcp,private,DoS
11114,tcp,time,Normal
11115,tcp,http,Normal
11116,tcp,http,Normal
11117,tcp,http,Normal
11118,tcp,private,Probe
11119,tcp,http,Normal
11120,tcp,other,Normal
11121,tcp,http,Normal
11122,tcp,ftp_data,Normal
11123,tcp,other,Probe
11124,tcp,private,DoS
11125,tcp,other,Normal
11126,tcp,http,Normal
11127,tcp,http,Normal
11128,udp,domain_u,Normal
11129,udp,private,Normal
11130,tcp,http,DoS
11131,tcp,uucp_path,DoS
11132,tcp,ftp_data,Normal
11133,udp,domain_u,Normal
11134,tcp,other,Normal
11135,tcp,whois,DoS
11136,tcp,private,DoS
11137,tcp,http,Normal
11138,tcp,ftp,Normal
11139,tcp,smtp,Normal
11140,tcp,http,Normal
11141,tcp,telnet,Normal
11142,udp,private,Normal
11143,icmp,ecr_i,DoS
11144,udp,private,Normal
11145,tcp,http,Normal
11146,tcp,private,DoS
11147,tcp,telnet,Normal
11148,tcp,http,Normal
11149,udp,private,Normal
11150,tcp,other,DoS
11151,tcp,ftp_data,Normal
11152,tcp,http,Normal
11153,tcp,smtp,Normal
11154,icmp,ecr_i,Normal
11155,tcp,http,Normal
11156,tcp,private,DoS
11157,tcp,telnet,Normal
11158,tcp,other,DoS
11159,tcp,ftp_data,Normal
11160,tcp,http,Normal
11161,tcp,telnet,Normal
11162,tcp,private,DoS
11163,tcp,http,DoS
11164,tcp,http,Normal
11165,tcp,http,Normal
11166,tcp,private,DoS
11167,udp,private,Normal
11168,tcp,http,Normal
11169,tcp,private,DoS
11170,tcp,private,DoS
11171,udp,domain_u,Normal
11172,tcp,http,DoS
11173,tcp,http,Normal
11174,tcp,other,Normal
11175,tcp,http,Normal
11176,tcp,telnet,Normal
11177,tcp,smtp,Normal
11178,tcp,private,DoS
11179,tcp,http,DoS
11180,tcp,time,DoS
11181,tcp,http,Normal
11182,tcp,http,Normal
11183,tcp,other,DoS
11184,tcp,private,DoS
11185,tcp,http,Probe
11186,tcp,other,Normal
11187,udp,domain_u,Normal
11188,tcp,http,Normal
11189,udp,private,Probe
11190,tcp,http,DoS
11191,tcp,http,Normal
11192,udp,private,Normal
11193,icmp,ecr_i,DoS
11194,tcp,http,Normal
11195,tcp,http,Normal
11196,tcp,http,Normal
11197,tcp,other,Probe
11198,tcp,http,Normal
11199,tcp,other,Normal
11200,icmp,ecr_i,DoS
11201,tcp,ftp,Normal
11202,tcp,private,Probe
11203,tcp,other,Normal
11204,tcp,private,DoS
11205,tcp,http,Normal
11206,tcp,http,Normal
11207,tcp,private,DoS
11208,tcp,private,DoS
11209,tcp,http,Normal
11210,tcp,http,Normal
11211,tcp,ftp_data,Normal
11212,tcp,telnet,Normal
11213,tcp,telnet,Normal
11214,tcp,http,Normal
11215,udp,private,Normal
11216,tcp,http,Normal
11217,tcp,telnet,Normal
11218,tcp,http,DoS
11219,tcp,ftp,Normal
11220,tcp,private,DoS
11221,icmp,ecr_i,DoS
11222,tcp,ftp,Normal
11223,tcp,http,Normal
11224,tcp,telnet,Normal
11225,tcp,http,Normal
11226,tcp,http,Normal
11227,tcp,private,DoS
11228,icmp,eco_i,Probe
11229,tcp,ftp,DoS
11230,udp,private,DoS
11231,tcp,ftp,Normal
11232,tcp,http,Normal
11233,tcp,http,DoS
11234,tcp,private,DoS
11235,tcp,private,Probe
11236,tcp,http,Normal
11237,tcp,http,Normal
11238,tcp,http,Normal
11239,tcp,telnet,Normal
11240,tcp,telnet,Normal
11241,tcp,http,Normal
11242,tcp,private,DoS
11243,tcp,http,Normal
11244,udp,other,Normal
11245,tcp,other,Normal
11246,tcp,http,DoS
11247,tcp,other,Normal
11248,tcp,http,Normal
11249,tcp,other,DoS
11250,tcp,ftp,Normal
11251,tcp,telnet,Normal
11252,icmp,ecr_i,DoS
11253,tcp,uucp,DoS
11254,tcp,other,DoS
11255,tcp,telnet,Normal
11256,udp,private,DoS
11257,tcp,http,Normal
11258,tcp,http,Normal
11259,tcp,http,Normal
11260,tcp,other,DoS
11261,tcp,smtp,Normal
11262,tcp,iso_tsap,DoS
11263,tcp,http,Normal
11264,tcp,http,Normal
11265,tcp,http,DoS
11266,tcp,private,DoS
11267,tcp,telnet,DoS
11268,tcp,telnet,R2L
11269,tcp,http,Normal
11270,tcp,iso_tsap,DoS
11271,tcp,http,Normal
11272,tcp,private,DoS
11273,tcp,http,Normal
11274,udp,private,Normal
11275,tcp,http,Normal
11276,tcp,http,Normal
11277,tcp,private,DoS
11278,tcp,private,DoS
11279,tcp,telnet,Normal
11280,tcp,other,Probe
11281,tcp,other,DoS
11282,tcp,http,Normal
11283,tcp,private,DoS
11284,tcp,private,DoS
11285,udp,private,DoS
11286,tcp,other,DoS
11287,tcp,http,Normal
11288,tcp,http,Normal
11289,tcp,iso_tsap,DoS
11290,udp,other,Normal
11291,udp,private,Probe
11292,tcp,private,DoS
11293,udp,private,Normal
11294,udp,private,Normal
11295,udp,domain_u,Normal
11296,tcp,http,Normal
11297,tcp,finger,Normal
11298,tcp,http,Normal
11299,tcp,http,Normal
11300,tcp,other,Normal
11301,tcp,other,Normal
11302,icmp,ecr_i,DoS
11303,tcp,private,DoS
11304,tcp,ftp_data,R2L
11305,tcp,ftp,Normal
11306,tcp,ftp_data,DoS
11307,tcp,other,DoS
11308,tcp,http,Normal
11309,tcp,other,Probe
11310,udp,domain_u,Normal
11311,tcp,http,Normal
11312,tcp,private,DoS
11313,tcp,other,DoS
11314,tcp,telnet,Normal
11315,tcp,http,Normal
11316,udp,private,DoS
11317,tcp,http,Normal
11318,tcp,ftp,Normal
11319,tcp,smtp,Normal
11320,tcp,private,DoS
11321,icmp,ecr_i,DoS
11322,tcp,http,Normal
11323,icmp,ecr_i,DoS
11324,tcp,http,DoS
11325,tcp,ftp_data,Normal
11326,tcp,http,Normal
11327,tcp,other,DoS
11328,tcp,private,DoS
11329,tcp,other,DoS
11330,tcp,http,Normal
11331,tcp,private,DoS
11332,tcp,telnet,DoS
11333,tcp,http,Normal
11334,tcp,private,DoS
11335,tcp,ftp_data,Normal
11336,tcp,private,DoS
11337,tcp,http,DoS
11338,tcp,http,Normal
11339,tcp,http,Normal
11340,tcp,other,Probe
11341,tcp,http,DoS
11342,tcp,private,DoS
11343,tcp,http,Normal
11344,tcp,http,Normal
11345,udp,private,Normal
11346,icmp,ecr_i,DoS
11347,tcp,smtp,Normal
11348,tcp,http,Normal
11349,tcp,http,DoS
11350,udp,domain_u,Normal
11351,tcp,http,Normal
11352,udp,domain_u,Normal
11353,tcp,other,DoS
11354,icmp,ecr_i,DoS
11355,icmp,ecr_i,DoS
11356,tcp,http,Normal
11357,tcp,other,DoS
11358,tcp,http,Normal
11359,tcp,http,Normal
11360,tcp,http,Normal
11361,tcp,other,DoS
11362,tcp,ftp,Normal
11363,tcp,bgp,DoS
11364,tcp,smtp,Normal
11365,udp,private,Normal
11366,tcp,http,Normal
11367,tcp,http,Normal
11368,tcp,telnet,Normal
11369,tcp,http,DoS
11370,tcp,http,Normal
11371,udp,private,Normal
11372,tcp,http,Normal
11373,tcp,smtp,Normal
11374,tcp,other,Probe
11375,udp,private,Normal
11376,icmp,ecr_i,DoS
11377,udp,private,Normal
11378,tcp,other,Normal
11379,udp,private,Normal
11380,tcp,private,DoS
11381,tcp,http,Normal
11382,tcp,other,Probe
11383,tcp,private,DoS
11384,tcp,telnet,Normal
11385,tcp,smtp,Normal
11386,tcp,other,Normal
11387,tcp,http,Normal
11388,tcp,ftp,Normal
11389,icmp,eco_i,Probe
11390,udp,other,Probe
11391,tcp,http,Normal
11392,udp,private,DoS
11393,tcp,private,Probe
11394,tcp,smtp,Normal
11395,tcp,other,DoS
11396,tcp,smtp,Normal
11397,tcp,other,DoS
11398,tcp,http,Normal
11399,udp,domain_u,Normal
11400,tcp,http,Normal
11401,tcp,http,Normal
11402,udp,domain_u,Normal
11403,tcp,http,Normal
11404,tcp,telnet,Normal
11405,tcp,http,Normal
11406,tcp,ftp,Normal
11407,tcp,http,Normal
11408,tcp,telnet,Normal
11409,tcp,ftp_data,R2L
11410,tcp,http,Normal
11411,udp,domain_u,Normal
11412,tcp,http,Normal
11413,tcp,http,DoS
11414,tcp,uucp,DoS
11415,tcp,other,DoS
11416,tcp,http,Normal
11417,tcp,http,Normal
11418,udp,private,Probe
11419,tcp,http,Normal
11420,tcp,telnet,Normal
11421,tcp,http,Normal
11422,tcp,smtp,Normal
11423,tcp,http,Normal
11424,tcp,private,DoS
11425,tcp,private,DoS
11426,tcp,uucp_path,DoS
11427,tcp,ftp,Normal
11428,tcp,smtp,Normal
11429,tcp,other,Probe
11430,udp,domain_u,Normal
11431,tcp,http,Normal
11432,tcp,http,Normal
11433,udp,domain_u,Normal
11434,tcp,private,DoS
11435,tcp,other,Probe
11436,tcp,smtp,Normal
11437,tcp,ftp_data,Normal
11438,tcp,other,Normal
11439,icmp,ecr_i,DoS
11440,tcp,other,Probe
11441,icmp,ecr_i,DoS
11442,tcp,other,Normal
11443,tcp,ftp_data,DoS
11444,tcp,other,DoS
11445,tcp,private,DoS
11446,udp,private,DoS
11447,udp,private,Probe
11448,tcp,smtp,Normal
11449,tcp,http,Normal
11450,tcp,telnet,Normal
11451,udp,private,Normal
11452,tcp,http,Normal
11453,tcp,private,DoS
11454,tcp,http,Normal
11455,tcp,other,DoS
11456,tcp,private,Probe
11457,tcp,telnet,Normal
11458,tcp,http,Normal
11459,tcp,http,Normal
11460,tcp,http,Normal
11461,tcp,http,Normal
11462,tcp,telnet,Normal
11463,tcp,telnet,Normal
11464,tcp,private,DoS
11465,tcp,private,DoS
11466,tcp,http,Normal
11467,tcp,smtp,Normal
11468,tcp,ftp_data,DoS
11469,tcp,http,Normal
11470,tcp,http,Normal
11471,udp,private,Normal
11472,icmp,ecr_i,DoS
11473,tcp,private,DoS
11474,udp,private,DoS
11475,tcp,private,Probe
11476,tcp,http,Normal
11477,tcp,http,Normal
11478,udp,private,Normal
11479,tcp,http,Normal
11480,tcp,http,Normal
11481,tcp,smtp,Normal
11482,tcp,telnet,Normal
11483,tcp,http,Normal
11484,tcp,http,DoS
11485,tcp,http,Normal
11486,tcp,other,DoS
11487,icmp,ecr_i,DoS
11488,tcp,private,DoS
11489,udp,private,Normal
11490,tcp,finger,DoS
11491,udp,domain_u,Normal
11492,tcp,telnet,DoS
11493,tcp,other,Probe
11494,tcp,private,Probe
11495,tcp,whois,DoS
11496,tcp,http,Normal
11497,tcp,http,Normal
11498,icmp,ecr_i,DoS
11499,icmp,ecr_i,DoS
11500,tcp,private,DoS
11501,tcp,telnet,Normal
11502,udp,other,Normal
11503,udp,domain_u,Normal
11504,tcp,http,Normal
11505,tcp,http,Normal
11506,udp,private,DoS
11507,tcp,private,DoS
11508,tcp,http,Normal
11509,tcp,private,DoS
11510,tcp,private,DoS
11511,tcp,http,Normal
11512,icmp,ecr_i,DoS
11513,tcp,other,Normal
11514,tcp,telnet,Normal
11515,tcp,private,DoS
11516,tcp,other,Probe
11517,tcp,http,Normal
11518,tcp,http,Normal
11519,tcp,private,DoS
11520,tcp,private,DoS
11521,tcp,private,DoS
11522,tcp,http,Normal
11523,tcp,ftp_data,R2L
11524,tcp,http,Normal
11525,udp,domain_u,Normal
11526,udp,private,DoS
11527,tcp,other,Probe
11528,udp,other,Normal
11529,tcp,ftp_data,Normal
11530,tcp,ftp_data,Normal
11531,tcp,other,Normal
11532,tcp,http,Normal
11533,tcp,smtp,Normal
11534,tcp,http,Normal
11535,tcp,finger,Normal
11536,udp,other,Normal
11537,tcp,http,Normal
11538,tcp,http,Normal
11539,tcp,http,DoS
11540,tcp,http,Normal
11541,udp,other,Normal
11542,tcp,private,DoS
11543,tcp,ftp_data,R2L
11544,icmp,ecr_i,DoS
11545,tcp,other,Probe
11546,udp,private,Normal
11547,tcp,telnet,Normal
11548,tcp,http,Normal
11549,icmp,ecr_i,DoS
11550,tcp,http,Normal
11551,tcp,http,Normal
11552,udp,domain_u,Normal
11553,tcp,http,Normal
11554,tcp,http,Normal
11555,icmp,ecr_i,DoS
11556,tcp,private,DoS
11557,tcp,http,Normal
11558,icmp,eco_i,Normal
11559,tcp,http,Normal
11560,tcp,private,DoS
11561,tcp,ftp,Normal
11562,tcp,http,Normal
11563,tcp,http,Normal
11564,tcp,telnet,Normal
11565,tcp,private,DoS
11566,tcp,http,Normal
11567,tcp,ftp_data,R2L
11568,tcp,http,Normal
11569,tcp,telnet,Probe
11570,tcp,private,DoS
11571,tcp,http,Normal
11572,tcp,http,Normal
11573,tcp,ftp_data,Normal
11574,tcp,telnet,Normal
11575,tcp,http,DoS
11576,tcp,other,DoS
11577,tcp,private,DoS
11578,tcp,private,DoS
11579,tcp,other,Normal
11580,udp,other,Normal
11581,tcp,ftp_data,Normal
11582,tcp,http,Normal
11583,tcp,ftp_data,Normal
11584,tcp,http,DoS
11585,tcp,http,DoS
11586,tcp,ftp,Normal
11587,tcp,telnet,Normal
11588,udp,other,Normal
11589,tcp,http,Normal
11590,tcp,http,DoS
11591,tcp,other,DoS
11592,tcp,private,DoS
11593,udp,domain_u,Normal
11594,udp,private,Probe
11595,udp,private,Normal
11596,tcp,http,Normal
11597,tcp,http,Normal
11598,tcp,private,DoS
11599,tcp,http,Normal
11600,tcp,http,Normal
11601,tcp,http,Normal
11602,tcp,http,Normal
11603,tcp,http,Normal
11604,tcp,smtp,Normal
11605,tcp,smtp,Normal
11606,tcp,private,Probe
11607,tcp,http,Normal
11608,tcp,other,DoS
11609,tcp,http,Normal
11610,tcp,smtp,Normal
11611,udp,domain_u,Normal
11612,icmp,ecr_i,DoS
11613,tcp,ftp_data,R2L
11614,tcp,private,DoS
11615,tcp,private,DoS
11616,tcp,http,Normal
11617,tcp,http,Normal
11618,tcp,smtp,Normal
11619,tcp,http,Normal
11620,tcp,telnet,Normal
11621,tcp,private,DoS
11622,tcp,private,DoS
11623,tcp,http,Normal
11624,tcp,ftp,Normal
11625,udp,private,Probe
11626,tcp,http,Normal
11627,tcp,private,DoS
11628,tcp,other,DoS
11629,tcp,ftp_data,Normal
11630,tcp,http,Normal
11631,tcp,http,Normal
11632,tcp,other,DoS
11633,tcp,bgp,DoS
11634,tcp,http,Normal
11635,tcp,http,Normal
11636,udp,private,Normal
11637,tcp,http,Normal
11638,tcp,private,DoS
11639,tcp,ftp_data,Normal
11640,udp,domain_u,Normal
11641,tcp,other,DoS
11642,tcp,ftp,Normal
11643,tcp,other,Normal
11644,tcp,auth,Normal
11645,tcp,ftp,Normal
11646,tcp,other,DoS
11647,udp,private,Normal
11648,udp,private,DoS
11649,tcp,smtp,Normal
11650,tcp,other,DoS
11651,tcp,private,DoS
11652,tcp,private,DoS
11653,tcp,other,DoS
11654,udp,private,Normal
11655,tcp,http,DoS
11656,tcp,private,DoS
11657,tcp,telnet,Normal
11658,tcp,ftp,Normal
11659,tcp,other,DoS
11660,tcp,other,DoS
11661,tcp,auth,DoS
11662,tcp,http,Normal
11663,tcp,smtp,Normal
11664,tcp,other,Normal
11665,tcp,http,Normal
11666,tcp,private,DoS
11667,tcp,http,Normal
11668,tcp,http,Normal
11669,tcp,http,Normal
11670,udp,private,Normal
11671,tcp,other,DoS
11672,udp,private,DoS
11673,tcp,telnet,Normal
11674,tcp,telnet,Normal
11675,tcp,http,Normal
11676,tcp,private,DoS
11677,tcp,http,Normal
11678,tcp,telnet,DoS
11679,tcp,http,Normal
11680,tcp,ftp_data,Normal
11681,tcp,smtp,Normal
11682,udp,other,Normal
11683,tcp,http,Normal
11684,tcp,private,DoS
11685,tcp,ftp_data,Normal
11686,tcp,http,Normal
11687,tcp,ftp,Normal
11688,tcp,other,Probe
11689,udp,domain_u,Normal
11690,tcp,other,Probe
11691,tcp,http,DoS
11692,icmp,ecr_i,DoS
11693,tcp,telnet,Normal
11694,udp,private,Normal
11695,tcp,private,DoS
11696,tcp,http,Normal
11697,tcp,private,DoS
11698,tcp,http,Normal
11699,udp,domain_u,Normal
11700,tcp,http,DoS
11701,tcp,private,DoS
11702,tcp,http,Normal
11703,tcp,http,Normal
11704,tcp,ftp,Normal
11705,udp,private,Normal
11706,tcp,private,Probe
11707,udp,private,Probe
11708,tcp,private,DoS
11709,tcp,http,Normal
11710,tcp,http,Normal
11711,tcp,http,Normal
11712,tcp,http,Normal
11713,udp,domain_u,Normal
11714,tcp,other,Normal
11715,tcp,http,Normal
11716,tcp,private,DoS
11717,tcp,other,DoS
11718,tcp,http,Normal
11719,tcp,http,Normal
11720,tcp,telnet,U2R
11721,tcp,telnet,Normal
11722,tcp,ftp_data,Normal
11723,tcp,http,DoS
11724,tcp,auth,DoS
11725,icmp,ecr_i,DoS
11726,tcp,http,Normal
11727,udp,domain_u,Normal
11728,icmp,eco_i,Probe
11729,udp,private,Normal
11730,udp,domain_u,Normal
11731,tcp,http,DoS
11732,tcp,http,Normal
11733,tcp,http,Normal
11734,tcp,finger,Normal
11735,tcp,private,DoS
11736,tcp,http,Normal
11737,tcp,other,DoS
11738,udp,domain_u,Normal
11739,tcp,private,DoS
11740,icmp,eco_i,Normal
11741,tcp,telnet,Normal
11742,udp,domain_u,Normal
11743,tcp,private,DoS
11744,tcp,http,Normal
11745,tcp,ftp_data,Normal
11746,tcp,smtp,Normal
11747,tcp,other,Normal
11748,tcp,http,Normal
11749,tcp,private,DoS
11750,tcp,http,Normal
11751,tcp,http,Normal
11752,tcp,private,DoS
11753,tcp,http,Normal
11754,tcp,telnet,Normal
11755,tcp,telnet,Normal
11756,tcp,http,DoS
11757,tcp,ftp_data,DoS
11758,udp,domain_u,Normal
11759,tcp,private,Probe
11760,tcp,http,Normal
11761,icmp,ecr_i,DoS
11762,tcp,ftp_data,Normal
11763,tcp,other,Probe
11764,tcp,other,Probe
11765,tcp,telnet,Normal
11766,tcp,other,DoS
11767,udp,domain_u,Normal
11768,tcp,telnet,Normal
11769,tcp,smtp,Normal
11770,tcp,private,DoS
11771,tcp,http,Normal
11772,tcp,smtp,Normal
11773,tcp,http,Normal
11774,tcp,other,Probe
11775,tcp,http,Normal
11776,tcp,http,Normal
11777,tcp,http,Normal
11778,udp,domain_u,Normal
11779,tcp,private,DoS
11780,udp,private,Probe
11781,udp,private,Normal
11782,udp,other,Probe
11783,tcp,http,Normal
11784,udp,private,Probe
11785,tcp,telnet,Normal
11786,tcp,Z39_50,DoS
11787,tcp,ftp,Normal
11788,tcp,http,Normal
11789,tcp,ftp_data,Normal
11790,tcp,other,DoS
11791,tcp,telnet,Normal
11792,tcp,http,Normal
11793,tcp,private,DoS
11794,tcp,auth,DoS
11795,tcp,private,DoS
11796,tcp,http,Normal
11797,tcp,http,Normal
11798,tcp,smtp,Normal
11799,tcp,private,DoS
11800,tcp,private,DoS
11801,tcp,ftp_data,Normal
11802,tcp,other,DoS
11803,tcp,other,Probe
11804,tcp,http,Normal
11805,tcp,http,Normal
11806,tcp,other,Normal
11807,tcp,http,Normal
11808,tcp,http,Normal
11809,tcp,http,Normal
11810,tcp,http,Normal
11811,tcp,http,Normal
11812,tcp,other,Normal
11813,tcp,http,Normal
11814,tcp,http,Normal
11815,tcp,http,Normal
11816,icmp,ecr_i,DoS
11817,tcp,private,DoS
11818,tcp,http,Normal
11819,icmp,eco_i,Probe
11820,udp,domain_u,Normal
11821,tcp,http,Normal
11822,tcp,http,Normal
11823,tcp,ftp,Normal
11824,udp,private,DoS
11825,tcp,http,Normal
11826,tcp,private,DoS
11827,tcp,http,Normal
11828,tcp,http,Normal
11829,tcp,http,Normal
11830,tcp,other,Normal
11831,icmp,ecr_i,DoS
11832,tcp,other,Normal
11833,tcp,http,Normal
11834,tcp,ftp_data,Normal
11835,tcp,telnet,Normal
11836,tcp,smtp,Normal
11837,udp,private,Normal
11838,tcp,http,Normal
11839,tcp,ftp_data,Normal
11840,tcp,http,Normal
11841,tcp,http,Normal
11842,tcp,private,DoS
11843,tcp,telnet,Normal
11844,tcp,other,Probe
11845,icmp,ecr_i,DoS
11846,tcp,http,Normal
11847,tcp,other,Normal
11848,tcp,private,DoS
11849,icmp,ecr_i,DoS
11850,tcp,smtp,Normal
11851,tcp,ftp,Normal
11852,udp,domain_u,Normal
11853,tcp,bgp,DoS
11854,tcp,http,Normal
11855,tcp,http,Normal
11856,tcp,private,DoS
11857,tcp,http,Normal
11858,icmp,eco_i,Probe
11859,udp,private,DoS
11860,tcp,other,Probe
11861,tcp,http,Normal
11862,tcp,http,Normal
11863,tcp,private,DoS
11864,tcp,smtp,Normal
11865,tcp,http,DoS
11866,tcp,http,Normal
11867,tcp,http,Normal
11868,tcp,http,DoS
11869,tcp,other,DoS
11870,tcp,other,Probe
11871,tcp,iso_tsap,DoS
11872,tcp,other,Probe
11873,tcp,other,Probe
11874,tcp,private,DoS
11875,tcp,other,Normal
11876,tcp,private,DoS
11877,udp,private,Normal
11878,udp,private,Normal
11879,tcp,private,DoS
11880,tcp,http,Normal
11881,tcp,smtp,Normal
11882,icmp,eco_i,Probe
11883,icmp,ecr_i,DoS
11884,tcp,other,Probe
11885,tcp,http,Normal
11886,udp,domain_u,Normal
11887,icmp,ecr_i,DoS
11888,tcp,http,Normal
11889,tcp,private,Probe
11890,tcp,other,Normal
11891,tcp,telnet,Normal
11892,tcp,smtp,Normal
11893,udp,domain_u,Normal
11894,udp,domain_u,Normal
11895,udp,private,Normal
11896,tcp,http,Normal
11897,tcp,http,Normal
11898,tcp,http,Normal
11899,tcp,ftp_data,R2L
11900,tcp,telnet,Normal
11901,tcp,private,DoS
11902,tcp,smtp,Normal
11903,tcp,telnet,Normal
11904,tcp,time,DoS
11905,tcp,ftp,Normal
11906,tcp,http,Normal
11907,tcp,http,Normal
11908,tcp,http,Normal
11909,tcp,ftp,Normal
11910,tcp,http,Normal
11911,tcp,private,DoS
11912,udp,domain_u,Normal
11913,tcp,smtp,Normal
11914,icmp,other,Normal
11915,tcp,smtp,Normal
11916,udp,private,Normal
11917,tcp,private,Probe
11918,tcp,http,Normal
11919,tcp,other,DoS
11920,tcp,ftp,Normal
11921,tcp,http,Normal
11922,tcp,courier,DoS
11923,udp,domain_u,Normal
11924,tcp,private,DoS
11925,tcp,ftp_data,Normal
11926,tcp,private,DoS
11927,udp,other,Normal
11928,tcp,telnet,DoS
11929,tcp,private,DoS
11930,tcp,http,DoS
11931,tcp,http,Normal
11932,tcp,http,Normal
11933,tcp,http,DoS
11934,tcp,ftp_data,Normal
11935,tcp,http,Normal
11936,tcp,ftp_data,Normal
11937,udp,private,Probe
11938,tcp,private,DoS
11939,tcp,http,Normal
11940,tcp,ftp,Normal
11941,tcp,private,DoS
11942,tcp,http,Normal
11943,tcp,http,Normal
11944,tcp,http,Normal
11945,tcp,other,Normal
11946,tcp,telnet,Normal
11947,tcp,http,Normal
11948,tcp,http,Normal
11949,tcp,ftp_data,R2L
11950,tcp,other,Normal
11951,tcp,telnet,Probe
11952,tcp,http,Normal
11953,tcp,private,DoS
11954,udp,private,Normal
11955,udp,private,Normal
11956,tcp,http,Normal
11957,udp,private,DoS
11958,tcp,http,Normal
11959,tcp,smtp,Normal
11960,tcp,other,Normal
11961,tcp,Z39_50,DoS
11962,tcp,http,DoS
11963,tcp,http,DoS
11964,tcp,telnet,DoS
11965,tcp,auth,DoS
11966,tcp,smtp,Normal
11967,udp,private,DoS
11968,tcp,smtp,Normal
11969,tcp,http,Normal
11970,tcp,other,Normal
11971,tcp,other,Probe
11972,tcp,http,DoS
11973,tcp,private,DoS
11974,tcp,private,DoS
11975,tcp,http,Normal
11976,tcp,http,Normal
11977,tcp,http,Normal
11978,tcp,http,DoS
11979,tcp,http,Normal
11980,tcp,telnet,Normal
11981,tcp,other,DoS
11982,tcp,smtp,Normal
11983,tcp,telnet,Normal
11984,tcp,ftp_data,Normal
11985,tcp,http,Normal
11986,tcp,other,Normal
11987,tcp,http,Normal
11988,icmp,eco_i,Normal
11989,tcp,telnet,DoS
11990,tcp,http,Normal
11991,tcp,ftp,Normal
11992,tcp,other,DoS
11993,tcp,http,Normal
11994,udp,private,Normal
11995,tcp,telnet,Normal
11996,tcp,private,DoS
11997,tcp,http,Normal
11998,tcp,http,Normal
11999,tcp,other,Probe
12000,tcp,private,DoS
12001,tcp,ftp,Normal
12002,tcp,other,DoS
12003,tcp,http,Normal
12004,udp,other,Probe
12005,tcp,http,Normal
12006,tcp,smtp,Normal
12007,tcp,http,DoS
12008,tcp,http,Normal
12009,tcp,bgp,DoS
12010,tcp,telnet,Normal
12011,tcp,telnet,Normal
12012,tcp,http,DoS
12013,tcp,private,DoS
12014,tcp,http,DoS
12015,tcp,private,DoS
12016,tcp,private,Probe
12017,tcp,private,DoS
12018,tcp,telnet,DoS
12019,icmp,ecr_i,Normal
12020,tcp,http,Normal
12021,icmp,other,Normal
12022,tcp,other,Probe
12023,tcp,private,DoS
12024,tcp,telnet,Normal
12025,icmp,eco_i,Probe
12026,tcp,other,Probe
12027,tcp,http,Normal
12028,tcp,http,Normal
12029,udp,domain_u,Normal
12030,tcp,private,DoS
12031,tcp,telnet,Normal
12032,tcp,http,Normal
12033,tcp,telnet,Normal
12034,tcp,other,Normal
12035,tcp,http,Normal
12036,udp,private,DoS
12037,tcp,private,DoS
12038,tcp,http,Normal
12039,tcp,auth,Normal
12040,tcp,ftp_data,R2L
12041,tcp,other,DoS
12042,tcp,http,Normal
12043,tcp,private,DoS
12044,tcp,ftp_data,R2L
12045,tcp,private,DoS
12046,tcp,http,Normal
12047,tcp,other,Probe
12048,udp,domain_u,Normal
12049,tcp,http,Normal
12050,tcp,http,Normal
12051,tcp,http,Normal
12052,tcp,http,DoS
12053,tcp,private,DoS
12054,tcp,http,Normal
12055,udp,domain_u,Normal
12056,tcp,telnet,Normal
12057,tcp,http,Normal
12058,tcp,http,Normal
12059,tcp,http,Normal
12060,udp,domain_u,Normal
12061,tcp,other,Probe
12062,tcp,private,Probe
12063,tcp,telnet,Normal
12064,tcp,http,Normal
12065,tcp,http,Normal
12066,tcp,http,Normal
12067,tcp,ftp_data,DoS
12068,tcp,bgp,DoS
12069,tcp,private,DoS
12070,udp,private,Normal
12071,icmp,ecr_i,DoS
12072,tcp,http,Normal
12073,tcp,time,DoS
12074,tcp,http,Normal
12075,tcp,telnet,Normal
12076,tcp,http,DoS
12077,tcp,other,Probe
12078,tcp,http,Normal
12079,tcp,http,Normal
12080,udp,domain_u,Normal
12081,tcp,whois,DoS
12082,tcp,private,DoS
12083,tcp,http,Normal
12084,icmp,ecr_i,DoS
12085,tcp,ftp,Normal
12086,tcp,other,Probe
12087,tcp,http,Normal
12088,tcp,http,Normal
12089,tcp,http,Normal
12090,icmp,ecr_i,DoS
12091,tcp,private,DoS
12092,tcp,ftp,Normal
12093,udp,private,Normal
12094,udp,domain_u,Normal
12095,tcp,ftp_data,Normal
12096,tcp,telnet,Normal
12097,tcp,http,DoS
12098,tcp,other,Normal
12099,tcp,http,Normal
12100,tcp,telnet,Normal
12101,tcp,http,Normal
12102,tcp,telnet,Normal
12103,tcp,http,Normal
12104,tcp,http,Normal
12105,tcp,http,Normal
12106,tcp,ftp_data,R2L
12107,tcp,other,Normal
12108,tcp,http,Normal
12109,tcp,http,Normal
12110,udp,domain_u,Normal
12111,tcp,ftp,Normal
12112,tcp,http,DoS
12113,tcp,http,Normal
12114,tcp,telnet,Normal
12115,tcp,http,Normal
12116,tcp,http,Normal
12117,tcp,private,DoS
12118,tcp,http,DoS
12119,tcp,http,Normal
12120,tcp,http,Normal
12121,tcp,other,Probe
12122,udp,private,Normal
12123,tcp,private,Probe
12124,tcp,whois,DoS
12125,icmp,ecr_i,DoS
12126,tcp,other,DoS
12127,udp,domain_u,Normal
12128,tcp,http,Normal
12129,tcp,telnet,Normal
12130,tcp,ftp_data,Normal
12131,tcp,other,DoS
12132,udp,domain_u,Normal
12133,tcp,http,Normal
12134,tcp,ftp_data,Normal
12135,tcp,ftp_data,R2L
12136,tcp,other,DoS
12137,tcp,http,Normal
12138,tcp,http,Normal
12139,tcp,private,DoS
12140,udp,private,Normal
12141,udp,other,Normal
12142,tcp,other,Probe
12143,tcp,http,Normal
12144,tcp,http,Normal
12145,udp,domain_u,Normal
12146,tcp,http,Normal
12147,tcp,http,Normal
12148,tcp,http,Normal
12149,tcp,http,Normal
12150,tcp,http,Normal
12151,tcp,http,Normal
12152,tcp,http,Normal
12153,tcp,other,DoS
12154,tcp,other,DoS
12155,tcp,other,DoS
12156,tcp,telnet,Normal
12157,tcp,http,DoS
12158,tcp,ftp_data,R2L
12159,tcp,http,Normal
12160,tcp,other,Normal
12161,tcp,other,DoS
12162,tcp,http,Normal
12163,udp,other,Probe
12164,tcp,http,Normal
12165,tcp,http,Normal
12166,tcp,telnet,Normal
12167,tcp,telnet,DoS
12168,tcp,private,DoS
12169,tcp,http,DoS
12170,tcp,telnet,Normal
12171,tcp,other,Normal
12172,tcp,http,Normal
12173,tcp,http,Normal
12174,tcp,telnet,Normal
12175,tcp,private,Probe
12176,tcp,http,Normal
12177,tcp,http,Normal
12178,tcp,http,Normal
12179,udp,domain_u,Normal
12180,icmp,ecr_i,DoS
12181,udp,domain_u,Normal
12182,tcp,private,DoS
12183,tcp,other,Normal
12184,tcp,http,Normal
12185,tcp,http,DoS
12186,tcp,private,DoS
12187,tcp,http,Normal
12188,tcp,private,DoS
12189,udp,private,Normal
12190,tcp,other,DoS
12191,tcp,telnet,Normal
12192,tcp,http,Normal
12193,tcp,http,Normal
12194,tcp,http,Normal
12195,tcp,private,DoS
12196,udp,private,Normal
12197,tcp,telnet,Normal
12198,tcp,other,DoS
12199,tcp,http,Normal
12200,tcp,private,DoS
12201,tcp,http,Normal
12202,icmp,ecr_i,DoS
12203,tcp,telnet,Normal
12204,tcp,http,Normal
12205,tcp,other,Probe
12206,icmp,ecr_i,DoS
12207,tcp,http,Normal
12208,tcp,ftp,Normal
12209,tcp,private,DoS
12210,tcp,telnet,Normal
12211,tcp,ftp_data,Normal
12212,tcp,bgp,DoS
12213,tcp,other,DoS
12214,tcp,other,Probe
12215,udp,private,DoS
12216,tcp,http,Normal
12217,tcp,http,Normal
12218,tcp,other,DoS
12219,tcp,ftp_data,R2L
12220,tcp,private,Probe
12221,tcp,telnet,Normal
12222,tcp,http,DoS
12223,tcp,http,Normal
12224,tcp,http,Normal
12225,tcp,telnet,DoS
12226,tcp,http,DoS
12227,udp,private,Normal
12228,tcp,http,Normal
12229,udp,private,Normal
12230,tcp,http,DoS
12231,tcp,http,Normal
12232,tcp,http,Normal
12233,tcp,ftp_data,R2L
12234,tcp,other,Normal
12235,tcp,private,DoS
12236,tcp,http,Normal
12237,icmp,eco_i,Probe
12238,tcp,other,DoS
12239,tcp,http,Normal
12240,tcp,http,Normal
12241,udp,private,Normal
12242,tcp,ftp_data,Normal
12243,tcp,smtp,Normal
12244,tcp,ftp_data,R2L
12245,tcp,other,Probe
12246,tcp,http,Normal
12247,tcp,private,DoS
12248,tcp,http,Normal
12249,tcp,ftp,Normal
12250,tcp,smtp,Normal
12251,tcp,private,DoS
12252,tcp,http,Normal
12253,tcp,other,DoS
12254,tcp,http,Normal
12255,tcp,ftp_data,Normal
12256,tcp,other,Probe
12257,tcp,smtp,Normal
12258,tcp,http,Normal
12259,tcp,http,DoS
12260,tcp,http,Normal
12261,tcp,telnet,Normal
12262,tcp,private,DoS
12263,tcp,http,Normal
12264,tcp,private,DoS
12265,tcp,ftp_data,R2L
12266,tcp,private,DoS
12267,tcp,other,Normal
12268,tcp,private,DoS
12269,udp,other,Normal
12270,tcp,http,DoS
12271,tcp,telnet,Normal
12272,tcp,other,Probe
12273,tcp,smtp,Normal
12274,udp,domain_u,Normal
12275,tcp,telnet,Normal
12276,icmp,ecr_i,DoS
12277,tcp,other,DoS
12278,udp,private,DoS
12279,icmp,ecr_i,DoS
12280,tcp,ftp,Normal
12281,tcp,http,DoS
12282,tcp,private,DoS
12283,tcp,private,DoS
12284,tcp,private,Probe
12285,tcp,http,Normal
12286,tcp,smtp,Normal
12287,icmp,ecr_i,DoS
12288,tcp,http,Normal
12289,tcp,private,DoS
12290,tcp,telnet,Normal
12291,tcp,http,Normal
12292,tcp,http,Normal
12293,udp,private,Normal
12294,tcp,private,DoS
12295,icmp,eco_i,Probe
12296,tcp,private,DoS
12297,tcp,other,Probe
12298,udp,private,Normal
12299,udp,other,Normal
12300,tcp,other,Normal
12301,tcp,private,DoS
12302,tcp,http,Normal
12303,tcp,private,DoS
12304,icmp,ecr_i,DoS
12305,tcp,http,Normal
12306,tcp,http,Normal
12307,tcp,other,Normal
12308,tcp,other,Probe
12309,tcp,http,DoS
12310,tcp,http,Normal
12311,tcp,ftp_data,Normal
12312,tcp,http,DoS
12313,tcp,ftp,Normal
12314,tcp,http,Normal
12315,tcp,smtp,Normal
12316,tcp,private,DoS
12317,tcp,private,DoS
12318,tcp,private,DoS
12319,udp,domain_u,Normal
12320,tcp,http,Normal
12321,tcp,smtp,Normal
12322,tcp,http,Normal
12323,tcp,other,Normal
12324,tcp,ftp_data,DoS
12325,tcp,private,DoS
12326,tcp,private,Probe
12327,tcp,smtp,Normal
12328,tcp,private,DoS
12329,tcp,http,Normal
12330,tcp,private,DoS
12331,tcp,other,Probe
12332,tcp,ftp,Normal
12333,udp,private,Probe
12334,tcp,http,Normal
12335,tcp,http,Normal
12336,udp,private,Normal
12337,tcp,http,Normal
12338,tcp,ftp_data,Normal
12339,tcp,http,Normal
12340,udp,private,Normal
12341,icmp,ecr_i,DoS
12342,tcp,other,Normal
12343,tcp,private,DoS
12344,tcp,other,Normal
12345,tcp,http,DoS
12346,tcp,http,Normal
12347,tcp,other,Probe
12348,tcp,private,DoS
12349,tcp,http,Normal
12350,tcp,telnet,Normal
12351,tcp,iso_tsap,DoS
12352,tcp,telnet,Normal
12353,tcp,other,Normal
12354,udp,other,Normal
12355,tcp,http,Normal
12356,tcp,http,Normal
12357,udp,private,Normal
12358,tcp,http,DoS
12359,tcp,other,Normal
12360,tcp,smtp,Normal
12361,tcp,private,DoS
12362,tcp,http,Normal
12363,tcp,private,DoS
12364,tcp,smtp,Normal
12365,tcp,telnet,Normal
12366,tcp,private,DoS
12367,tcp,http,Normal
12368,tcp,telnet,Normal
12369,tcp,private,Probe
12370,icmp,ecr_i,DoS
12371,udp,private,DoS
12372,tcp,http,Normal
12373,tcp,ftp_data,DoS
12374,tcp,private,DoS
12375,tcp,ftp,Normal
12376,tcp,other,DoS
12377,tcp,http,Normal
12378,tcp,smtp,Normal
12379,tcp,private,DoS
12380,tcp,http,Normal
12381,tcp,ftp_data,Normal
12382,tcp,http,Normal
12383,tcp,other,Probe
12384,tcp,other,Normal
12385,tcp,http,Normal
12386,tcp,http,Normal
12387,udp,domain_u,Normal
12388,tcp,http,Normal
12389,tcp,telnet,Normal
12390,tcp,http,Normal
12391,tcp,telnet,DoS
12392,tcp,Z39_50,DoS
12393,tcp,http,Normal
12394,icmp,ecr_i,DoS
12395,tcp,private,DoS
12396,tcp,other,DoS
12397,tcp,http,Probe
12398,tcp,http,Normal
12399,tcp,private,DoS
12400,tcp,private,DoS
12401,tcp,private,DoS
12402,tcp,smtp,Normal
12403,tcp,private,DoS
12404,tcp,other,Probe
12405,tcp,other,Normal
12406,tcp,private,DoS
12407,udp,domain_u,Normal
12408,tcp,private,DoS
12409,tcp,http,DoS
12410,tcp,other,Probe
12411,icmp,ecr_i,DoS
12412,tcp,http,Normal
12413,tcp,http,Normal
12414,tcp,telnet,Normal
12415,tcp,other,Probe
12416,tcp,Z39_50,DoS
12417,tcp,http,Normal
12418,udp,private,Normal
12419,tcp,http,DoS
12420,tcp,http,Normal
12421,tcp,smtp,Normal
12422,tcp,http,DoS
12423,tcp,smtp,Normal
12424,icmp,ecr_i,DoS
12425,tcp,private,DoS
12426,tcp,http,Normal
12427,tcp,telnet,Normal
12428,tcp,http,Normal
12429,tcp,http,Normal
12430,tcp,ftp,Normal
12431,udp,domain_u,Normal
12432,tcp,smtp,Normal
12433,tcp,ftp_data,Normal
12434,tcp,private,DoS
12435,udp,domain_u,Normal
12436,tcp,http,Normal
12437,tcp,http,Normal
12438,tcp,smtp,Normal
12439,tcp,private,DoS
12440,udp,private,DoS
12441,udp,private,Normal
12442,udp,domain_u,Normal
12443,tcp,private,DoS
12444,tcp,http,DoS
12445,tcp,smtp,Normal
12446,tcp,http,Normal
12447,tcp,other,DoS
12448,tcp,http,Normal
12449,tcp,http,Normal
12450,tcp,http,Normal
12451,tcp,private,Probe
12452,tcp,whois,DoS
12453,tcp,auth,DoS
12454,tcp,http,Normal
12455,tcp,other,Normal
12456,tcp,other,DoS
12457,tcp,http,Normal
12458,tcp,other,Probe
12459,tcp,private,DoS
12460,tcp,http,DoS
12461,tcp,other,DoS
12462,tcp,other,DoS
12463,tcp,http,DoS
12464,tcp,http,Normal
12465,tcp,ftp_data,Normal
12466,tcp,private,DoS
12467,udp,private,Normal
12468,tcp,other,DoS
12469,tcp,http,Normal
12470,tcp,private,DoS
12471,tcp,telnet,DoS
12472,tcp,private,DoS
12473,tcp,http,Normal
12474,tcp,http,Normal
12475,tcp,other,Normal
12476,tcp,http,Normal
12477,tcp,other,Probe
12478,tcp,http,Normal
12479,tcp,http,Normal
12480,tcp,http,Normal
12481,tcp,private,DoS
12482,tcp,smtp,Normal
12483,icmp,ecr_i,DoS
12484,tcp,other,Normal
12485,tcp,http,Normal
12486,tcp,telnet,Normal
12487,tcp,bgp,DoS
12488,tcp,private,DoS
12489,tcp,private,DoS
12490,tcp,telnet,Normal
12491,tcp,http,Normal
12492,tcp,telnet,DoS
12493,udp,private,DoS
12494,tcp,http,Normal
12495,tcp,other,DoS
12496,icmp,ecr_i,DoS
12497,tcp,http,Normal
12498,udp,private,Normal
12499,tcp,private,DoS
12500,tcp,telnet,Normal
12501,icmp,ecr_i,DoS
12502,tcp,telnet,Normal
12503,icmp,eco_i,Probe
12504,tcp,http,Normal
12505,tcp,http,Normal
12506,tcp,http,Normal
12507,tcp,ftp,Normal
12508,tcp,finger,DoS
12509,udp,domain_u,Normal
12510,tcp,http,Normal
12511,tcp,http,Normal
12512,tcp,private,DoS
12513,tcp,http,Normal
12514,tcp,http,Normal
12515,tcp,http,Normal
12516,tcp,smtp,Normal
12517,udp,domain_u,Normal
12518,udp,other,Normal
12519,udp,private,Normal
12520,tcp,other,DoS
12521,tcp,http,Normal
12522,tcp,http,Normal
12523,tcp,http,Normal
12524,tcp,http,Normal
12525,tcp,telnet,Normal
12526,tcp,http,Normal
12527,tcp,private,Probe
12528,tcp,other,Probe
12529,tcp,other,Probe
12530,tcp,telnet,Normal
12531,tcp,http,Normal
12532,tcp,private,DoS
12533,tcp,telnet,DoS
12534,tcp,ftp,Normal
12535,tcp,other,Probe
12536,tcp,smtp,Normal
12537,tcp,smtp,Normal
12538,icmp,ecr_i,DoS
12539,tcp,other,Normal
12540,tcp,ftp_data,R2L
12541,tcp,private,DoS
12542,tcp,telnet,U2R
12543,tcp,http,Normal
12544,tcp,http,Normal
12545,udp,domain_u,Normal
12546,icmp,ecr_i,DoS
12547,tcp,ftp,Normal
12548,tcp,private,DoS
12549,tcp,http,Normal
12550,udp,private,DoS
12551,udp,other,Normal
12552,tcp,ftp,Normal
12553,tcp,http,DoS
12554,tcp,other,Probe
12555,tcp,http,Normal
12556,tcp,http,Normal
12557,tcp,other,Normal
12558,tcp,smtp,Normal
12559,tcp,ftp,Normal
12560,tcp,private,DoS
12561,tcp,ftp,Normal
12562,tcp,smtp,Normal
12563,tcp,private,DoS
12564,tcp,http,Normal
12565,tcp,other,Probe
12566,tcp,telnet,Normal
12567,tcp,http,DoS
12568,tcp,other,Normal
12569,tcp,other,Probe
12570,tcp,http,Normal
12571,tcp,private,DoS
12572,tcp,telnet,Normal
12573,tcp,http,Normal
12574,udp,private,Normal
12575,tcp,private,Probe
12576,tcp,other,DoS
12577,tcp,http,Normal
12578,tcp,smtp,Normal
12579,tcp,smtp,Normal
12580,udp,domain_u,Normal
12581,tcp,smtp,Normal
12582,icmp,ecr_i,DoS
12583,tcp,other,DoS
12584,tcp,http,DoS
12585,tcp,private,Probe
12586,tcp,http,Normal
12587,tcp,other,Probe
12588,tcp,ftp_data,Normal
12589,tcp,http,Normal
12590,tcp,http,Normal
12591,tcp,ftp,Normal
12592,tcp,other,Normal
12593,tcp,http,Normal
12594,tcp,http,Normal
12595,tcp,other,Probe
12596,tcp,smtp,Normal
12597,tcp,ftp_data,Normal
12598,tcp,private,DoS
12599,tcp,other,Probe
12600,tcp,other,DoS
12601,tcp,http,Normal
12602,tcp,http,Normal
12603,tcp,other,Normal
12604,tcp,http,DoS
12605,tcp,private,DoS
12606,tcp,ftp_data,R2L
12607,tcp,private,DoS
12608,tcp,smtp,Normal
12609,tcp,http,Normal
12610,tcp,http,Normal
12611,tcp,http,Normal
12612,tcp,http,Normal
12613,tcp,http,Normal
12614,udp,domain_u,Normal
12615,tcp,other,Normal
12616,tcp,http,Normal
12617,tcp,other,DoS
12618,tcp,private,DoS
12619,tcp,telnet,Normal
12620,icmp,ecr_i,DoS
12621,udp,domain_u,Normal
12622,tcp,private,Probe
12623,tcp,ftp,Normal
12624,tcp,http,Normal
12625,tcp,telnet,Normal
12626,tcp,http,Normal
12627,tcp,auth,Normal
12628,tcp,private,DoS
12629,icmp,ecr_i,DoS
12630,tcp,courier,DoS
12631,tcp,uucp,DoS
12632,tcp,http,Normal
12633,icmp,ecr_i,DoS
12634,tcp,private,DoS
12635,tcp,http,Normal
12636,tcp,other,Normal
12637,tcp,http,Normal
12638,tcp,http,DoS
12639,tcp,http,Normal
12640,tcp,other,DoS
12641,tcp,http,Normal
12642,tcp,http,Normal
12643,tcp,http,Normal
12644,tcp,http,Normal
12645,icmp,eco_i,Probe
12646,tcp,private,DoS
12647,tcp,http,Normal
12648,tcp,ftp,Normal
12649,tcp,other,DoS
12650,tcp,http,Normal
12651,tcp,ftp_data,Normal
12652,tcp,ftp,Normal
12653,tcp,private,DoS
12654,tcp,http,Normal
12655,tcp,ftp_data,Normal
12656,tcp,private,DoS
12657,tcp,http,DoS
12658,tcp,ftp,Normal
12659,tcp,http,DoS
12660,tcp,http,Normal
12661,tcp,telnet,Normal
12662,udp,private,Normal
12663,tcp,private,DoS
12664,tcp,http,Normal
12665,udp,domain_u,Normal
12666,tcp,other,Normal
12667,tcp,private,DoS
12668,tcp,http,Normal
12669,tcp,telnet,DoS
12670,icmp,ecr_i,DoS
12671,udp,other,Normal
12672,tcp,other,DoS
12673,tcp,ftp,Normal
12674,tcp,http,Normal
12675,tcp,private,DoS
12676,tcp,http,Normal
12677,tcp,private,DoS
12678,icmp,ecr_i,DoS
12679,tcp,smtp,Normal
12680,tcp,private,DoS
12681,tcp,http,Normal
12682,tcp,other,Normal
12683,tcp,private,DoS
12684,tcp,http,Normal
12685,tcp,other,Probe
12686,tcp,http,Normal
12687,udp,private,DoS
12688,tcp,ftp_data,Normal
12689,tcp,smtp,Normal
12690,tcp,http,Normal
12691,icmp,ecr_i,DoS
12692,udp,domain_u,Normal
12693,tcp,http,Normal
12694,udp,private,Normal
12695,udp,domain_u,Normal
12696,tcp,http,DoS
12697,tcp,private,DoS
12698,tcp,http,Normal
12699,tcp,ftp_data,Normal
12700,tcp,http,DoS
12701,tcp,http,Normal
12702,tcp,telnet,Normal
12703,tcp,telnet,Normal
12704,tcp,ftp,Normal
12705,tcp,http,Normal
12706,tcp,ftp,Normal
12707,tcp,private,Probe
12708,icmp,ecr_i,DoS
12709,udp,private,Normal
12710,tcp,ftp,Normal
12711,udp,private,Normal
12712,tcp,other,Probe
12713,tcp,http,Normal
12714,tcp,other,DoS
12715,tcp,smtp,Normal
12716,udp,private,Normal
12717,tcp,http,DoS
12718,tcp,http,Normal
12719,tcp,telnet,Normal
12720,tcp,uucp_path,DoS
12721,tcp,other,Normal
12722,tcp,other,Probe
12723,tcp,http,Normal
12724,tcp,private,DoS
12725,tcp,http,Normal
12726,tcp,http,DoS
12727,tcp,smtp,Normal
12728,tcp,http,Normal
12729,tcp,private,DoS
12730,tcp,other,DoS
12731,tcp,private,Probe
12732,tcp,http,Normal
12733,tcp,private,DoS
12734,tcp,ftp_data,Normal
12735,tcp,other,DoS
12736,tcp,ftp_data,R2L
12737,tcp,telnet,Normal
12738,tcp,http,Normal
12739,icmp,ecr_i,DoS
12740,tcp,other,DoS
12741,udp,domain_u,Normal
12742,tcp,other,Normal
12743,icmp,ecr_i,DoS
12744,tcp,http,DoS
12745,tcp,other,Normal
12746,tcp,private,Probe
12747,tcp,private,DoS
12748,tcp,other,Probe
12749,tcp,private,DoS
12750,tcp,http,Normal
12751,tcp,smtp,Normal
12752,tcp,other,DoS
12753,tcp,private,DoS
12754,tcp,ftp,Normal
12755,tcp,ftp,DoS
12756,tcp,private,DoS
12757,tcp,ftp_data,Normal
12758,tcp,other,DoS
12759,tcp,http,Normal
12760,tcp,http,Normal
12761,tcp,http,Normal
12762,tcp,http,Normal
12763,tcp,telnet,DoS
12764,udp,private,Normal
12765,tcp,telnet,Normal
12766,tcp,other,DoS
12767,tcp,telnet,Normal
12768,tcp,other,DoS
12769,tcp,other,DoS
12770,tcp,http,Normal
12771,tcp,http,Normal
12772,tcp,http,Normal
12773,tcp,ftp_data,R2L
12774,udp,private,Normal
12775,tcp,http,Normal
12776,udp,private,DoS
12777,udp,private,Normal
12778,udp,domain_u,Normal
12779,tcp,http,Normal
12780,tcp,private,DoS
12781,tcp,http,Normal
12782,tcp,private,Probe
12783,tcp,http,Normal
12784,tcp,private,DoS
12785,tcp,http,Normal
12786,tcp,http,Normal
12787,tcp,finger,DoS
12788,tcp,private,DoS
12789,tcp,http,Normal
12790,tcp,http,Normal
12791,icmp,ecr_i,DoS
12792,tcp,private,DoS
12793,tcp,other,Normal
12794,udp,private,Normal
12795,udp,private,Probe
12796,tcp,ftp,Normal
12797,tcp,other,Probe
12798,tcp,http,Normal
12799,tcp,http,DoS
12800,icmp,eco_i,Probe
12801,icmp,ecr_i,DoS
12802,tcp,telnet,Normal
12803,tcp,other,Probe
12804,tcp,other,Probe
12805,tcp,private,DoS
12806,tcp,other,DoS
12807,udp,private,DoS
12808,tcp,http,Normal
12809,tcp,ftp,Normal
12810,udp,other,Normal
12811,tcp,other,Normal
12812,tcp,http,Normal
12813,tcp,private,DoS
12814,tcp,http,Normal
12815,tcp,ftp,Normal
12816,tcp,http,Normal
12817,tcp,other,DoS
12818,tcp,http,Normal
12819,tcp,private,DoS
12820,udp,private,Normal
12821,tcp,http,Normal
12822,tcp,http,Normal
12823,tcp,http,Normal
12824,tcp,private,DoS
12825,tcp,other,Probe
12826,tcp,private,DoS
12827,tcp,ftp_data,Normal
12828,tcp,http,Normal
12829,tcp,ftp,Normal
12830,tcp,http,Normal
12831,tcp,http,DoS
12832,tcp,http,DoS
12833,tcp,http,Normal
12834,tcp,other,DoS
12835,tcp,private,Probe
12836,tcp,smtp,Normal
12837,tcp,other,Probe
12838,tcp,other,Normal
12839,udp,domain_u,Normal
12840,tcp,telnet,DoS
12841,tcp,other,Normal
12842,tcp,telnet,Normal
12843,tcp,http,Normal
12844,tcp,http,DoS
12845,tcp,http,Normal
12846,tcp,http,DoS
12847,tcp,private,Probe
12848,icmp,eco_i,Probe
12849,tcp,private,DoS
12850,tcp,private,Probe
12851,tcp,http,DoS
12852,tcp,private,DoS
12853,tcp,http,DoS
12854,tcp,telnet,Normal
12855,tcp,other,Normal
12856,tcp,http,Normal
12857,udp,private,Normal
12858,icmp,ecr_i,DoS
12859,tcp,private,DoS
12860,tcp,http,Normal
12861,tcp,private,DoS
12862,tcp,other,DoS
12863,tcp,other,Probe
12864,tcp,other,Normal
12865,tcp,http,Normal
12866,tcp,private,Probe
12867,udp,private,Normal
12868,tcp,http,Normal
12869,tcp,other,Normal
12870,tcp,telnet,Normal
12871,tcp,private,DoS
12872,tcp,other,Normal
12873,tcp,http,Normal
12874,tcp,private,Probe
12875,tcp,http,Normal
12876,tcp,bgp,DoS
12877,tcp,ftp_data,R2L
12878,tcp,http,Normal
12879,tcp,http,DoS
12880,udp,domain_u,Normal
12881,tcp,other,DoS
12882,tcp,other,Probe
12883,tcp,ftp,Normal
12884,tcp,http,DoS
12885,tcp,http,DoS
12886,icmp,eco_i,Probe
12887,tcp,private,DoS
12888,tcp,ftp_data,Normal
12889,tcp,http,Normal
12890,tcp,private,Probe
12891,tcp,http,Normal
12892,tcp,private,DoS
12893,tcp,http,Normal
12894,tcp,http,Normal
12895,tcp,private,Probe
12896,tcp,http,DoS
12897,tcp,http,Normal
12898,tcp,http,Normal
12899,tcp,http,Normal
12900,tcp,other,DoS
12901,tcp,http,DoS
12902,tcp,other,Normal
12903,tcp,http,Normal
12904,tcp,telnet,DoS
12905,tcp,http,Normal
12906,tcp,ftp_data,Normal
12907,tcp,http,Normal
12908,tcp,http,Normal
12909,udp,private,Probe
12910,tcp,other,DoS
12911,tcp,other,Normal
12912,tcp,telnet,U2R
12913,tcp,other,Normal
12914,tcp,http,Normal
12915,tcp,private,DoS
12916,tcp,other,DoS
12917,tcp,telnet,DoS
12918,tcp,http,Normal
12919,tcp,http,Normal
12920,tcp,private,DoS
12921,tcp,other,DoS
12922,tcp,http,Normal
12923,tcp,smtp,Normal
12924,tcp,http,Normal
12925,tcp,http,DoS
12926,tcp,http,Normal
12927,tcp,http,Normal
12928,tcp,http,DoS
12929,udp,private,Normal
12930,tcp,http,Normal
12931,tcp,private,Probe
12932,tcp,http,Normal
12933,tcp,http,Normal
12934,tcp,http,Normal
12935,tcp,private,DoS
12936,tcp,private,DoS
12937,tcp,http,Normal
12938,tcp,http,Normal
12939,udp,private,Normal
12940,tcp,private,DoS
12941,tcp,http,DoS
12942,tcp,http,Normal
12943,tcp,private,DoS
12944,udp,other,Probe
12945,udp,domain_u,Normal
12946,tcp,other,Probe
12947,tcp,smtp,Normal
12948,icmp,ecr_i,DoS
12949,tcp,http,Normal
12950,tcp,telnet,Normal
12951,tcp,other,DoS
12952,tcp,http,Normal
12953,tcp,http,DoS
12954,tcp,telnet,Normal
12955,tcp,other,Probe
12956,tcp,ftp_data,R2L
12957,tcp,other,Normal
12958,icmp,eco_i,Probe
12959,tcp,smtp,Normal
12960,tcp,other,DoS
12961,tcp,smtp,Normal
12962,tcp,private,DoS
12963,tcp,private,DoS
12964,tcp,other,Normal
12965,tcp,telnet,DoS
12966,tcp,http,DoS
12967,tcp,http,DoS
12968,udp,private,DoS
12969,icmp,ecr_i,DoS
12970,tcp,other,Probe
12971,tcp,bgp,DoS
12972,tcp,http,Normal
12973,tcp,private,DoS
12974,tcp,http,Normal
12975,tcp,other,DoS
12976,tcp,http,Normal
12977,tcp,telnet,DoS
12978,tcp,http,Normal
12979,tcp,private,DoS
12980,tcp,http,Normal
12981,udp,domain_u,Normal
12982,tcp,ftp_data,DoS
12983,tcp,other,Probe
12984,tcp,http,Normal
12985,tcp,ftp_data,Normal
12986,tcp,ftp_data,R2L
12987,icmp,ecr_i,DoS
12988,tcp,http,Normal
12989,tcp,private,DoS
12990,tcp,http,Normal
12991,tcp,telnet,DoS
12992,tcp,private,DoS
12993,tcp,http,Normal
12994,icmp,ecr_i,DoS
12995,tcp,http,Normal
12996,tcp,ftp_data,Normal
12997,tcp,http,Normal
12998,tcp,telnet,Normal
12999,tcp,private,DoS
13000,tcp,http,Normal
13001,tcp,smtp,Normal
13002,tcp,http,DoS
13003,tcp,telnet,Normal
13004,tcp,http,Normal
13005,tcp,smtp,Normal
13006,udp,other,Probe
13007,udp,private,Normal
13008,tcp,http,Normal
13009,tcp,http,Normal
13010,tcp,http,Normal
13011,tcp,http,DoS
13012,tcp,private,DoS
13013,udp,domain_u,Normal
13014,tcp,other,DoS
13015,tcp,http,DoS
13016,tcp,other,DoS
13017,tcp,private,DoS
13018,icmp,ecr_i,DoS
13019,tcp,other,Normal
13020,tcp,other,Probe
13021,tcp,other,DoS
13022,tcp,other,Normal
13023,tcp,private,DoS
13024,tcp,telnet,Normal
13025,tcp,private,DoS
13026,tcp,time,DoS
13027,tcp,private,DoS
13028,tcp,smtp,Normal
13029,tcp,http,Normal
13030,icmp,ecr_i,DoS
13031,tcp,http,Normal
13032,tcp,smtp,Normal
13033,tcp,telnet,R2L
13034,tcp,ftp_data,R2L
13035,tcp,http,Normal
13036,tcp,smtp,Probe
13037,tcp,ftp_data,Normal
13038,tcp,other,Probe
13039,tcp,telnet,Normal
13040,tcp,other,DoS
13041,tcp,http,Normal
13042,tcp,other,Normal
13043,tcp,private,DoS
13044,tcp,ftp,Normal
13045,icmp,ecr_i,DoS
13046,tcp,telnet,Normal
13047,tcp,private,DoS
13048,tcp,http,Normal
13049,tcp,http,Normal
13050,tcp,http,Normal
13051,tcp,private,DoS
13052,tcp,private,DoS
13053,tcp,other,Normal
13054,tcp,telnet,Normal
13055,tcp,smtp,Normal
13056,tcp,http,Normal
13057,tcp,other,Probe
13058,udp,private,Normal
13059,tcp,http,Normal
13060,tcp,http,Normal
13061,tcp,private,Probe
13062,tcp,ftp_data,Normal
13063,udp,domain_u,Normal
13064,udp,private,DoS
13065,tcp,ftp_data,R2L
13066,tcp,private,DoS
13067,tcp,http,Normal
13068,tcp,http,Normal
13069,tcp,http,Normal
13070,tcp,smtp,Normal
13071,tcp,http,DoS
13072,tcp,private,DoS
13073,tcp,telnet,Normal
13074,tcp,http,Normal
13075,udp,domain_u,Normal
13076,tcp,private,DoS
13077,tcp,http,Normal
13078,tcp,other,Normal
13079,tcp,other,Normal
13080,tcp,http,Normal
13081,tcp,bgp,DoS
13082,tcp,private,DoS
13083,tcp,http,DoS
13084,tcp,http,DoS
13085,tcp,http,Normal
13086,tcp,http,Normal
13087,tcp,http,Normal
13088,tcp,other,Probe
13089,tcp,telnet,Normal
13090,tcp,http,DoS
13091,tcp,http,Normal
13092,tcp,telnet,DoS
13093,tcp,ftp_data,R2L
13094,tcp,http,Normal
13095,tcp,http,Normal
13096,icmp,eco_i,Probe
13097,icmp,ecr_i,DoS
13098,tcp,private,DoS
13099,tcp,http,Normal
13100,tcp,private,DoS
13101,tcp,telnet,Normal
13102,tcp,smtp,Normal
13103,udp,private,Normal
13104,tcp,http,Normal
13105,tcp,http,DoS
13106,tcp,other,DoS
13107,tcp,ftp,Normal
13108,tcp,http,Normal
13109,udp,private,Normal
13110,tcp,other,DoS
13111,tcp,other,Normal
13112,tcp,private,Probe
13113,tcp,ftp_data,Normal
13114,tcp,private,Probe
13115,tcp,other,Probe
13116,tcp,other,DoS
13117,tcp,http,Normal
13118,tcp,ftp,Normal
13119,tcp,http,Normal
13120,tcp,telnet,Normal
13121,tcp,http,Normal
13122,udp,domain_u,Normal
13123,tcp,http,Normal
13124,tcp,http,Normal
13125,tcp,http,Normal
13126,tcp,ftp,Normal
13127,tcp,private,DoS
13128,tcp,private,DoS
13129,tcp,http,DoS
13130,tcp,http,Normal
13131,tcp,other,Normal
13132,tcp,http,DoS
13133,tcp,private,DoS
13134,tcp,ftp,Normal
13135,tcp,http,Normal
13136,tcp,other,Probe
13137,tcp,uucp_path,DoS
13138,tcp,ftp,Normal
13139,tcp,other,Probe
13140,icmp,ecr_i,DoS
13141,tcp,private,DoS
13142,tcp,telnet,Normal
13143,tcp,http,Normal
13144,udp,private,Normal
13145,tcp,private,DoS
13146,tcp,http,Normal
13147,tcp,smtp,Normal
13148,udp,private,DoS
13149,tcp,private,DoS
13150,udp,private,Normal
13151,icmp,ecr_i,DoS
13152,tcp,http,Normal
13153,tcp,http,Normal
13154,tcp,private,DoS
13155,tcp,http,Normal
13156,icmp,ecr_i,DoS
13157,tcp,other,DoS
13158,tcp,http,DoS
13159,tcp,http,Normal
13160,tcp,http,Normal
13161,tcp,http,Normal
13162,tcp,http,Normal
13163,tcp,http,Normal
13164,tcp,http,Normal
13165,icmp,ecr_i,DoS
13166,icmp,ecr_i,DoS
13167,tcp,other,Probe
13168,tcp,private,DoS
13169,udp,domain_u,Normal
13170,tcp,ftp_data,Normal
13171,tcp,http,DoS
13172,tcp,private,DoS
13173,tcp,ftp,Normal
13174,tcp,http,Normal
13175,tcp,http,DoS
13176,tcp,http,Normal
13177,tcp,http,Normal
13178,tcp,private,DoS
13179,udp,private,Normal
13180,tcp,telnet,Normal
13181,tcp,telnet,Normal
13182,tcp,http,Normal
13183,tcp,telnet,Normal
13184,udp,private,Normal
13185,tcp,http,Normal
13186,tcp,http,Normal
13187,udp,private,DoS
13188,tcp,smtp,Normal
13189,tcp,other,Probe
13190,udp,private,Probe
13191,tcp,other,Probe
13192,tcp,telnet,Normal
13193,tcp,http,Normal
13194,udp,private,Probe
13195,tcp,other,Probe
13196,tcp,http,Normal
13197,tcp,http,Normal
13198,tcp,http,Normal
13199,tcp,ftp_data,Normal
13200,tcp,private,DoS
13201,icmp,ecr_i,Probe
13202,tcp,http,Normal
13203,tcp,private,DoS
13204,tcp,http,Normal
13205,tcp,private,DoS
13206,tcp,http,DoS
13207,tcp,http,Normal
13208,icmp,ecr_i,DoS
13209,tcp,http,Normal
13210,tcp,private,DoS
13211,tcp,other,Normal
13212,icmp,eco_i,Probe
13213,tcp,http,Normal
13214,tcp,other,DoS
13215,tcp,other,Probe
13216,tcp,http,Normal
13217,tcp,private,DoS
13218,tcp,http,DoS
13219,tcp,private,DoS
13220,tcp,http,Normal
13221,tcp,private,DoS
13222,tcp,http,Normal
13223,tcp,http,Normal
13224,tcp,smtp,Normal
13225,tcp,http,Normal
13226,tcp,private,DoS
13227,udp,private,Normal
13228,tcp,http,Normal
13229,tcp,ftp,Normal
13230,tcp,http,Normal
13231,tcp,http,Normal
13232,tcp,private,DoS
13233,tcp,http,Normal
13234,tcp,other,Normal
13235,tcp,other,Probe
13236,tcp,other,Probe
13237,tcp,http,DoS
13238,tcp,http,Normal
13239,tcp,http,Normal
13240,tcp,http,Normal
13241,tcp,smtp,Normal
13242,tcp,http,Normal
13243,tcp,telnet,Normal
13244,tcp,http,DoS
13245,tcp,http,Normal
13246,tcp,private,DoS
13247,tcp,http,Normal
13248,tcp,other,Normal
13249,tcp,http,Normal
13250,tcp,http,Normal
13251,tcp,http,Normal
13252,tcp,http,Normal
13253,tcp,private,DoS
13254,tcp,telnet,Normal
13255,tcp,http,Normal
13256,tcp,private,DoS
13257,tcp,http,DoS
13258,tcp,smtp,Normal
13259,tcp,telnet,Normal
13260,tcp,private,DoS
13261,tcp,http,Normal
13262,tcp,private,DoS
13263,tcp,ftp,Normal
13264,tcp,ftp,Normal
13265,tcp,smtp,Normal
13266,tcp,http,Normal
13267,tcp,other,DoS
13268,tcp,http,Normal
13269,udp,private,Normal
13270,tcp,ftp_data,R2L
13271,tcp,other,Probe
13272,icmp,ecr_i,DoS
13273,tcp,http,Normal
13274,tcp,smtp,Normal
13275,udp,private,DoS
13276,tcp,other,DoS
13277,tcp,http,Normal
13278,tcp,other,Probe
13279,tcp,http,Normal
13280,tcp,http,DoS
13281,tcp,http,Normal
13282,udp,private,Normal
13283,tcp,other,Probe
13284,tcp,http,Normal
13285,tcp,smtp,Normal
13286,tcp,http,Normal
13287,tcp,http,Normal
13288,tcp,telnet,Normal
13289,tcp,telnet,Normal
13290,udp,private,Normal
13291,tcp,telnet,Normal
13292,udp,private,DoS
13293,tcp,telnet,Normal
13294,udp,domain_u,Normal
13295,tcp,smtp,Normal
13296,tcp,ftp,Normal
13297,tcp,http,DoS
13298,tcp,http,Normal
13299,udp,private,Normal
13300,tcp,other,DoS
13301,tcp,http,Normal
13302,tcp,ftp_data,Normal
13303,tcp,ftp,Normal
13304,tcp,http,Normal
13305,udp,domain_u,Normal
13306,tcp,other,Probe
13307,tcp,other,Normal
13308,tcp,http,Normal
13309,tcp,other,Probe
13310,udp,private,Normal
13311,tcp,http,DoS
13312,tcp,private,DoS
13313,tcp,http,Normal
13314,tcp,telnet,Normal
13315,tcp,other,DoS
13316,tcp,private,DoS
13317,tcp,telnet,Normal
13318,tcp,Z39_50,DoS
13319,tcp,ftp_data,R2L
13320,tcp,http,Normal
13321,tcp,http,Normal
13322,tcp,http,Normal
13323,tcp,http,DoS
13324,tcp,telnet,Normal
13325,tcp,http,Normal
13326,tcp,telnet,Normal
13327,icmp,ecr_i,DoS
13328,tcp,http,Normal
13329,icmp,ecr_i,DoS
13330,tcp,other,DoS
13331,tcp,http,Normal
13332,tcp,smtp,Normal
13333,tcp,http,Normal
13334,tcp,other,DoS
13335,tcp,telnet,Normal
13336,tcp,other,Probe
13337,tcp,ftp_data,R2L
13338,tcp,telnet,Normal
13339,tcp,http,Normal
13340,tcp,other,Probe
13341,tcp,http,Normal
13342,tcp,telnet,DoS
13343,tcp,other,DoS
13344,icmp,ecr_i,DoS
13345,udp,private,Probe
13346,tcp,private,DoS
13347,tcp,telnet,Normal
13348,udp,private,Normal
13349,tcp,finger,Normal
13350,udp,domain_u,Normal
13351,tcp,private,DoS
13352,tcp,http,Normal
13353,tcp,private,DoS
13354,tcp,http,DoS
13355,tcp,http,Normal
13356,tcp,iso_tsap,DoS
13357,udp,domain_u,Normal
13358,tcp,http,Normal
13359,tcp,http,Normal
13360,udp,domain_u,Normal
13361,tcp,http,Normal
13362,tcp,smtp,Normal
13363,udp,private,Normal
13364,tcp,private,Probe
13365,tcp,http,Normal
13366,tcp,http,Normal
13367,tcp,ftp,Normal
13368,tcp,http,Normal
13369,tcp,private,DoS
13370,udp,domain_u,Normal
13371,icmp,eco_i,Probe
13372,tcp,http,Normal
13373,tcp,http,Normal
13374,tcp,smtp,Normal
13375,udp,domain_u,Probe
13376,tcp,private,DoS
13377,tcp,http,Normal
13378,tcp,http,Normal
13379,tcp,other,DoS
13380,tcp,http,Normal
13381,tcp,other,Probe
13382,icmp,ecr_i,DoS
13383,tcp,http,Normal
13384,tcp,http,Normal
13385,tcp,other,Probe
13386,udp,private,Normal
13387,tcp,ftp_data,R2L
13388,tcp,http,Normal
13389,tcp,other,Probe
13390,tcp,private,DoS
13391,tcp,other,Normal
13392,tcp,smtp,Normal
13393,icmp,ecr_i,DoS
13394,icmp,ecr_i,DoS
13395,tcp,http,Normal
13396,tcp,http,Normal
13397,tcp,http,Normal
13398,tcp,private,DoS
13399,tcp,other,Normal
13400,tcp,http,Normal
13401,udp,private,Probe
13402,icmp,ecr_i,DoS
13403,udp,other,Normal
13404,tcp,other,Probe
13405,tcp,private,DoS
13406,tcp,other,DoS
13407,tcp,ftp,Normal
13408,tcp,http,Normal
13409,tcp,http,Normal
13410,tcp,private,DoS
13411,tcp,other,DoS
13412,tcp,other,Probe
13413,tcp,http,Normal
13414,icmp,eco_i,Probe
13415,tcp,http,Normal
13416,tcp,smtp,Normal
13417,tcp,http,Normal
13418,udp,domain_u,Normal
13419,tcp,other,Probe
13420,tcp,ftp,Normal
13421,tcp,other,DoS
13422,tcp,other,Normal
13423,tcp,other,DoS
13424,udp,private,Normal
13425,tcp,http,Normal
13426,tcp,http,Normal
13427,tcp,telnet,Normal
13428,tcp,other,Probe
13429,tcp,http,Normal
13430,tcp,http,Normal
13431,tcp,private,DoS
13432,tcp,other,DoS
13433,tcp,http,Normal
13434,tcp,private,DoS
13435,tcp,http,Normal
13436,udp,domain_u,Normal
13437,tcp,http,Normal
13438,tcp,http,Normal
13439,udp,domain_u,Normal
13440,tcp,smtp,Normal
13441,tcp,private,DoS
13442,tcp,http,Normal
13443,tcp,http,Normal
13444,tcp,http,DoS
13445,tcp,http,Normal
13446,tcp,other,DoS
13447,tcp,ftp_data,Normal
13448,udp,private,Normal
13449,udp,domain_u,Normal
13450,tcp,other,Probe
13451,udp,domain_u,Normal
13452,tcp,http,Normal
13453,tcp,http,Normal
13454,tcp,http,Normal
13455,udp,private,Normal
13456,tcp,telnet,Normal
13457,udp,private,Normal
13458,tcp,ftp,Normal
13459,tcp,http,Normal
13460,tcp,other,Probe
13461,udp,private,Normal
13462,icmp,ecr_i,DoS
13463,tcp,telnet,Normal
13464,tcp,smtp,Normal
13465,tcp,private,DoS
13466,tcp,http,Normal
13467,tcp,http,Normal
13468,tcp,other,DoS
13469,udp,domain_u,Normal
13470,tcp,http,Normal
13471,tcp,ftp_data,Normal
13472,tcp,http,Normal
13473,tcp,ftp,Normal
13474,tcp,http,Normal
13475,tcp,other,Probe
13476,tcp,ftp_data,R2L
13477,udp,private,Probe
13478,tcp,private,DoS
13479,tcp,other,DoS
13480,tcp,ftp_data,R2L
13481,udp,private,Normal
13482,tcp,private,DoS
13483,tcp,ftp,Normal
13484,tcp,telnet,Normal
13485,tcp,http,Normal
13486,tcp,http,Normal
13487,tcp,ftp_data,Normal
13488,tcp,private,DoS
13489,tcp,telnet,Normal
13490,tcp,http,Normal
13491,tcp,private,DoS
13492,udp,private,DoS
13493,tcp,other,DoS
13494,tcp,http,Normal
13495,tcp,http,Normal
13496,tcp,other,Normal
13497,tcp,http,Normal
13498,tcp,other,DoS
13499,tcp,other,Probe
13500,tcp,http,Normal
13501,tcp,other,DoS
13502,tcp,private,DoS
13503,tcp,smtp,Normal
13504,tcp,http,Normal
13505,tcp,http,DoS
13506,tcp,http,Normal
13507,tcp,private,DoS
13508,tcp,other,DoS
13509,tcp,other,DoS
13510,udp,domain_u,Normal
13511,tcp,telnet,Normal
13512,tcp,other,Normal
13513,tcp,http,Normal
13514,tcp,smtp,Normal
13515,tcp,private,DoS
13516,tcp,smtp,Normal
13517,tcp,http,Normal
13518,tcp,private,Probe
13519,tcp,private,Normal
13520,tcp,bgp,Probe
13521,tcp,other,Probe
13522,udp,private,DoS
13523,tcp,http,Normal
13524,tcp,http,Normal
13525,tcp,private,DoS
13526,tcp,smtp,Normal
13527,tcp,smtp,Normal
13528,tcp,http,Normal
13529,udp,private,Probe
13530,tcp,ftp,Normal
13531,tcp,http,Normal
13532,udp,private,Normal
13533,tcp,telnet,Normal
13534,tcp,ftp,Normal
13535,tcp,http,Normal
13536,tcp,ftp,Normal
13537,tcp,http,Normal
13538,tcp,http,Normal
13539,tcp,http,Normal
13540,tcp,http,DoS
13541,tcp,http,Normal
13542,tcp,http,Normal
13543,tcp,http,Normal
13544,tcp,http,Normal
13545,tcp,private,DoS
13546,tcp,other,DoS
13547,tcp,other,Probe
13548,udp,domain_u,Normal
13549,tcp,telnet,Normal
13550,tcp,http,DoS
13551,tcp,http,Normal
13552,tcp,ftp_data,R2L
13553,tcp,other,Normal
13554,tcp,private,DoS
13555,tcp,other,Normal
13556,udp,private,DoS
13557,tcp,other,Probe
13558,tcp,other,Normal
13559,tcp,http,DoS
13560,tcp,http,Normal
13561,tcp,http,Normal
13562,tcp,private,DoS
13563,tcp,private,Probe
13564,tcp,http,Normal
13565,udp,private,Probe
13566,tcp,telnet,Normal
13567,tcp,other,DoS
13568,tcp,private,DoS
13569,udp,domain_u,Normal
13570,tcp,private,DoS
13571,tcp,smtp,Normal
13572,tcp,http,Normal
13573,udp,domain_u,Normal
13574,tcp,http,Normal
13575,tcp,http,DoS
13576,tcp,http,Normal
13577,tcp,http,Normal
13578,tcp,other,DoS
13579,tcp,other,Probe
13580,udp,private,DoS
13581,tcp,http,Normal
13582,tcp,http,Normal
13583,tcp,other,Probe
13584,tcp,http,Normal
13585,tcp,smtp,Normal
13586,tcp,private,DoS
13587,tcp,other,Probe
13588,tcp,private,DoS
13589,tcp,http,Normal
13590,tcp,http,Normal
13591,icmp,ecr_i,DoS
13592,tcp,http,Normal
13593,tcp,http,DoS
13594,tcp,private,DoS
13595,udp,private,Normal
13596,tcp,http,Normal
13597,udp,domain_u,Normal
13598,tcp,other,Probe
13599,tcp,http,Normal
13600,tcp,smtp,Normal
13601,tcp,private,DoS
13602,tcp,other,Probe
13603,tcp,http,DoS
13604,tcp,http,Normal
13605,tcp,other,Normal
13606,tcp,ftp_data,R2L
13607,tcp,private,DoS
13608,tcp,private,DoS
13609,tcp,http,Normal
13610,tcp,telnet,Normal
13611,tcp,telnet,Normal
13612,tcp,smtp,Normal
13613,icmp,ecr_i,DoS
13614,tcp,ftp_data,R2L
13615,tcp,other,Probe
13616,tcp,private,DoS
13617,tcp,private,DoS
13618,tcp,smtp,Normal
13619,tcp,http,Normal
13620,tcp,http,Normal
13621,tcp,private,DoS
13622,tcp,http,Normal
13623,tcp,other,DoS
13624,tcp,http,Normal
13625,tcp,http,Normal
13626,tcp,http,DoS
13627,tcp,other,Normal
13628,tcp,http,DoS
13629,udp,domain_u,Normal
13630,tcp,http,DoS
13631,tcp,telnet,Normal
13632,tcp,http,Normal
13633,udp,domain_u,Normal
13634,tcp,telnet,Normal
13635,tcp,http,Normal
13636,tcp,http,DoS
13637,tcp,other,Normal
13638,tcp,http,Normal
13639,tcp,telnet,Normal
13640,tcp,telnet,DoS
13641,udp,private,Probe
13642,tcp,other,DoS
13643,tcp,http,Normal
13644,tcp,http,Normal
13645,tcp,other,Normal
13646,tcp,http,Normal
13647,tcp,other,DoS
13648,tcp,smtp,Normal
13649,tcp,http,Normal
13650,tcp,http,DoS
13651,udp,private,DoS
13652,icmp,ecr_i,DoS
13653,tcp,http,Normal
13654,tcp,whois,DoS
13655,tcp,http,Normal
13656,tcp,telnet,Normal
13657,tcp,other,Probe
13658,udp,other,Normal
13659,tcp,http,Normal
13660,tcp,other,Normal
13661,tcp,http,Normal
13662,tcp,private,DoS
13663,tcp,private,Probe
13664,tcp,private,DoS
13665,udp,private,DoS
13666,tcp,http,Normal
13667,tcp,http,Probe
13668,tcp,smtp,Normal
13669,udp,private,DoS
13670,tcp,private,DoS
13671,tcp,telnet,DoS
13672,tcp,other,DoS
13673,tcp,http,Normal
13674,tcp,smtp,Normal
13675,icmp,ecr_i,DoS
13676,udp,domain_u,Normal
13677,tcp,http,Normal
13678,tcp,private,DoS
13679,tcp,other,DoS
13680,tcp,private,DoS
13681,udp,private,Normal
13682,tcp,other,DoS
13683,tcp,http,Normal
13684,tcp,other,Normal
13685,udp,domain_u,Normal
13686,tcp,other,Normal
13687,udp,private,DoS
13688,tcp,http,Normal
13689,tcp,http,Normal
13690,tcp,other,DoS
13691,tcp,http,Normal
13692,tcp,private,DoS
13693,tcp,other,DoS
13694,udp,private,Probe
13695,udp,domain_u,Normal
13696,tcp,other,Probe
13697,tcp,ftp_data,DoS
13698,tcp,http,DoS
13699,tcp,other,Normal
13700,tcp,other,DoS
13701,tcp,finger,Normal
13702,tcp,http,Normal
13703,tcp,http,Normal
13704,tcp,other,Normal
13705,udp,private,DoS
13706,tcp,http,Normal
13707,tcp,http,Normal
13708,tcp,http,Normal
13709,tcp,private,DoS
13710,tcp,http,Normal
13711,tcp,http,Normal
13712,tcp,http,Normal
13713,udp,domain_u,Normal
13714,tcp,private,DoS
13715,tcp,private,Probe
13716,tcp,http,Normal
13717,tcp,other,Normal
13718,tcp,http,Normal
13719,tcp,private,DoS
13720,tcp,other,DoS
13721,tcp,ftp_data,R2L
13722,tcp,private,DoS
13723,tcp,http,Normal
13724,tcp,other,DoS
13725,tcp,other,Normal
13726,tcp,http,DoS
13727,tcp,http,Normal
13728,udp,private,Normal
13729,udp,domain_u,Normal
13730,tcp,http,Normal
13731,tcp,other,Normal
13732,tcp,http,DoS
13733,icmp,ecr_i,DoS
13734,tcp,http,Normal
13735,udp,domain_u,Normal
13736,tcp,other,Normal
13737,tcp,other,Probe
13738,udp,other,Normal
13739,tcp,private,DoS
13740,tcp,other,Probe
13741,tcp,http,Normal
13742,tcp,other,DoS
13743,tcp,other,Probe
13744,tcp,private,DoS
13745,tcp,private,DoS
13746,tcp,http,Normal
13747,tcp,other,DoS
13748,tcp,other,Normal
13749,icmp,eco_i,Probe
13750,tcp,other,DoS
13751,udp,private,DoS
13752,tcp,http,Normal
13753,tcp,http,Normal
13754,tcp,http,Normal
13755,tcp,other,Normal
13756,tcp,private,DoS
13757,tcp,private,DoS
13758,tcp,smtp,Normal
13759,tcp,other,Normal
13760,tcp,private,DoS
13761,tcp,private,Probe
13762,tcp,private,DoS
13763,tcp,http,DoS
13764,tcp,http,Normal
13765,tcp,http,Normal
13766,tcp,http,Normal
13767,tcp,bgp,DoS
13768,udp,private,Normal
13769,tcp,private,DoS
13770,tcp,private,DoS
13771,tcp,http,DoS
13772,tcp,telnet,DoS
13773,tcp,other,Probe
13774,udp,domain_u,Normal
13775,udp,private,Normal
13776,tcp,http,Normal
13777,tcp,other,DoS
13778,udp,private,Normal
13779,udp,domain_u,Normal
13780,udp,private,Normal
13781,tcp,private,DoS
13782,tcp,http,DoS
13783,tcp,private,DoS
13784,udp,private,Probe
13785,tcp,private,DoS
13786,tcp,http,DoS
13787,tcp,http,Normal
13788,tcp,private,DoS
13789,udp,domain_u,Normal
13790,tcp,iso_tsap,DoS
13791,tcp,ftp_data,R2L
13792,icmp,eco_i,Probe
13793,tcp,other,Probe
13794,tcp,http,Normal
13795,tcp,time,DoS
13796,tcp,private,DoS
13797,tcp,telnet,Normal
13798,tcp,http,Probe
13799,tcp,http,Normal
13800,tcp,http,Normal
13801,tcp,telnet,Normal
13802,tcp,ftp,Normal
13803,tcp,private,DoS
13804,tcp,http,Normal
13805,tcp,other,DoS
13806,tcp,ftp,Normal
13807,tcp,other,Normal
13808,tcp,telnet,Normal
13809,tcp,private,DoS
13810,tcp,private,DoS
13811,tcp,telnet,Normal
13812,udp,private,Normal
13813,tcp,http,Normal
13814,tcp,ftp,Normal
13815,udp,domain_u,Normal
13816,tcp,other,Probe
13817,tcp,http,Normal
13818,tcp,private,DoS
13819,tcp,ftp,Normal
13820,udp,private,DoS
13821,tcp,other,Probe
13822,tcp,http,Normal
13823,tcp,private,DoS
13824,tcp,http,Normal
13825,tcp,http,Normal
13826,tcp,other,Normal
13827,icmp,ecr_i,DoS
13828,tcp,private,DoS
13829,tcp,http,Normal
13830,tcp,telnet,R2L
13831,tcp,private,DoS
13832,tcp,private,DoS
13833,tcp,http,Normal
13834,tcp,http,Normal
13835,tcp,uucp_path,DoS
13836,icmp,ecr_i,DoS
13837,tcp,smtp,Normal
13838,tcp,telnet,Normal
13839,tcp,http,Normal
13840,tcp,other,DoS
13841,udp,domain_u,Normal
13842,tcp,other,Probe
13843,tcp,http,Normal
13844,udp,private,Normal
13845,tcp,private,DoS
13846,tcp,http,DoS
13847,tcp,http,Normal
13848,tcp,http,Normal
13849,udp,private,Probe
13850,tcp,http,Normal
13851,tcp,other,Probe
13852,tcp,http,Normal
13853,tcp,http,Normal
13854,tcp,telnet,Normal
13855,tcp,other,Probe
13856,tcp,other,Probe
13857,udp,private,DoS
13858,tcp,other,DoS
13859,tcp,http,Normal
13860,tcp,http,DoS
13861,tcp,telnet,Normal
13862,tcp,telnet,Normal
13863,tcp,smtp,Normal
13864,tcp,http,DoS
13865,tcp,http,Normal
13866,tcp,http,Normal
13867,udp,other,Probe
13868,tcp,private,DoS
13869,tcp,http,Normal
13870,icmp,ecr_i,DoS
13871,tcp,telnet,DoS
13872,tcp,private,DoS
13873,tcp,ftp,Normal
13874,tcp,http,Normal
13875,tcp,http,DoS
13876,tcp,telnet,Normal
13877,tcp,ftp,Normal
13878,tcp,http,Normal
13879,tcp,http,Normal
13880,tcp,ftp_data,Normal
13881,tcp,other,Normal
13882,tcp,other,Normal
13883,tcp,other,Normal
13884,tcp,http,Normal
13885,tcp,private,DoS
13886,tcp,private,Probe
13887,tcp,http,DoS
13888,tcp,http,Normal
13889,icmp,eco_i,Probe
13890,tcp,http,Normal
13891,udp,domain_u,Normal
13892,udp,private,Probe
13893,tcp,other,DoS
13894,tcp,http,Normal
13895,tcp,telnet,DoS
13896,tcp,private,DoS
13897,icmp,ecr_i,DoS
13898,icmp,ecr_i,DoS
13899,udp,domain_u,Normal
13900,tcp,private,DoS
13901,tcp,http,Normal
13902,tcp,http,Normal
13903,tcp,private,DoS
13904,tcp,ftp_data,Normal
13905,tcp,http,Normal
13906,tcp,http,Normal
13907,tcp,private,DoS
13908,udp,private,DoS
13909,udp,domain_u,Normal
13910,tcp,telnet,Normal
13911,tcp,http,Normal
13912,tcp,finger,DoS
13913,tcp,private,DoS
13914,tcp,private,DoS
13915,tcp,other,Normal
13916,udp,private,Normal
13917,tcp,other,Probe
13918,udp,private,Probe
13919,tcp,telnet,DoS
13920,udp,private,DoS
13921,tcp,private,DoS
13922,tcp,other,Normal
13923,tcp,ftp,Normal
13924,tcp,http,Normal
13925,tcp,private,DoS
13926,tcp,http,Normal
13927,tcp,telnet,Normal
13928,tcp,http,Normal
13929,tcp,http,Normal
13930,tcp,private,Probe
13931,tcp,http,DoS
13932,tcp,http,Normal
13933,tcp,auth,DoS
13934,tcp,telnet,Normal
13935,udp,private,DoS
13936,tcp,private,DoS
13937,icmp,eco_i,Probe
13938,tcp,http,Normal
13939,tcp,http,Normal
13940,tcp,http,Normal
13941,tcp,http,Normal
13942,tcp,ftp_data,R2L
13943,tcp,other,Probe
13944,tcp,http,Normal
13945,tcp,smtp,Normal
13946,tcp,private,DoS
13947,tcp,smtp,Normal
13948,tcp,other,Probe
13949,tcp,http,Normal
13950,tcp,http,Normal
13951,tcp,ftp,Normal
13952,tcp,http,Normal
13953,tcp,ftp,Normal
13954,tcp,http,Normal
13955,tcp,http,Normal
13956,udp,other,Probe
13957,tcp,private,DoS
13958,tcp,smtp,Normal
13959,tcp,private,DoS
13960,tcp,ftp_data,Normal
13961,udp,private,DoS
13962,tcp,other,DoS
13963,tcp,http,Normal
13964,tcp,http,Normal
13965,tcp,other,Probe
13966,tcp,other,DoS
13967,tcp,http,Normal
13968,tcp,http,Normal
13969,tcp,private,DoS
13970,tcp,http,Normal
13971,icmp,ecr_i,DoS
13972,tcp,other,Probe
13973,tcp,http,Normal
13974,icmp,ecr_i,DoS
13975,tcp,http,Normal
13976,tcp,other,DoS
13977,tcp,smtp,Normal
13978,tcp,other,Probe
13979,tcp,ftp_data,R2L
13980,udp,domain_u,Normal
13981,tcp,http,Normal
13982,tcp,http,Normal
13983,tcp,http,Normal
13984,tcp,telnet,Normal
13985,tcp,http,DoS
13986,udp,private,Normal
13987,tcp,smtp,Normal
13988,tcp,other,Probe
13989,icmp,ecr_i,Normal
13990,tcp,finger,DoS
13991,tcp,private,DoS
13992,tcp,private,DoS
13993,udp,private,Normal
13994,tcp,other,DoS
13995,tcp,private,DoS
13996,tcp,smtp,Normal
13997,tcp,http,Normal
13998,tcp,http,Normal
13999,tcp,other,DoS
14000,udp,private,Normal
14001,tcp,telnet,Normal
14002,icmp,ecr_i,DoS
14003,tcp,other,Probe
14004,tcp,finger,DoS
14005,tcp,private,DoS
14006,tcp,other,Probe
14007,tcp,private,DoS
14008,udp,private,Normal
14009,tcp,http,Normal
14010,tcp,telnet,Normal
14011,tcp,private,DoS
14012,tcp,http,Normal
14013,tcp,ftp_data,R2L
14014,tcp,http,Normal
14015,udp,domain_u,Normal
14016,tcp,private,Probe
14017,tcp,http,DoS
14018,tcp,http,Normal
14019,tcp,private,DoS
14020,tcp,other,DoS
14021,tcp,telnet,Normal
14022,tcp,other,Normal
14023,tcp,http,Normal
14024,tcp,http,Normal
14025,tcp,other,Probe
14026,udp,private,Normal
14027,tcp,http,Normal
14028,tcp,http,Normal
14029,tcp,private,DoS
14030,tcp,http,DoS
14031,tcp,http,Normal
14032,tcp,other,DoS
14033,tcp,telnet,Normal
14034,tcp,private,DoS
14035,tcp,finger,Normal
14036,tcp,telnet,Normal
14037,tcp,http,Normal
14038,tcp,http,DoS
14039,tcp,telnet,Normal
14040,tcp,other,Probe
14041,udp,domain_u,Normal
14042,tcp,http,DoS
14043,tcp,private,DoS
14044,tcp,private,DoS
14045,tcp,other,DoS
14046,tcp,telnet,Normal
14047,tcp,private,DoS
14048,tcp,http,Normal
14049,tcp,http,DoS
14050,tcp,http,Normal
14051,icmp,ecr_i,DoS
14052,tcp,http,Normal
14053,tcp,http,Normal
14054,udp,private,DoS
14055,tcp,telnet,DoS
14056,tcp,http,Normal
14057,tcp,telnet,DoS
14058,tcp,http,Normal
14059,tcp,private,DoS
14060,tcp,private,DoS
14061,tcp,smtp,Normal
14062,tcp,other,Normal
14063,icmp,eco_i,Probe
14064,udp,domain_u,Normal
14065,tcp,http,Normal
14066,udp,domain_u,Normal
14067,tcp,http,Normal
14068,tcp,http,DoS
14069,tcp,telnet,Normal
14070,tcp,private,DoS
14071,tcp,other,DoS
14072,tcp,http,Normal
14073,tcp,http,Normal
14074,tcp,http,Normal
14075,tcp,private,DoS
14076,icmp,ecr_i,DoS
14077,tcp,private,Probe
14078,tcp,http,Normal
14079,tcp,telnet,DoS
14080,tcp,smtp,Normal
14081,tcp,http,DoS
14082,tcp,http,Normal
14083,tcp,other,Normal
14084,tcp,http,Normal
14085,tcp,http,Normal
14086,udp,domain_u,Normal
14087,icmp,eco_i,Probe
14088,tcp,smtp,Normal
14089,tcp,private,DoS
14090,tcp,other,Probe
14091,tcp,http,DoS
14092,tcp,http,Normal
14093,tcp,ftp,Normal
14094,tcp,other,Normal
14095,tcp,http,Normal
14096,tcp,http,Normal
14097,tcp,private,DoS
14098,tcp,http,Normal
14099,tcp,ftp,Normal
14100,tcp,telnet,DoS
14101,tcp,http,Normal
14102,tcp,private,DoS
14103,tcp,smtp,Normal
14104,tcp,http,Normal
14105,tcp,other,Probe
14106,tcp,smtp,Normal
14107,tcp,http,Normal
14108,tcp,private,DoS
14109,tcp,http,DoS
14110,icmp,eco_i,Probe
14111,tcp,http,Normal
14112,tcp,other,Normal
14113,icmp,ecr_i,DoS
14114,tcp,other,Normal
14115,tcp,whois,DoS
14116,udp,private,Probe
14117,tcp,http,Normal
14118,tcp,other,DoS
14119,udp,domain_u,Normal
14120,tcp,http,Normal
14121,tcp,http,Normal
14122,tcp,http,Normal
14123,tcp,ftp_data,R2L
14124,tcp,http,DoS
14125,tcp,other,Probe
14126,tcp,telnet,DoS
14127,tcp,uucp,DoS
14128,tcp,ftp,Normal
14129,tcp,http,Normal
14130,tcp,other,DoS
14131,tcp,other,Probe
14132,tcp,smtp,Normal
14133,tcp,http,Normal
14134,tcp,http,Normal
14135,tcp,other,DoS
14136,tcp,http,Normal
14137,tcp,private,DoS
14138,tcp,telnet,Normal
14139,tcp,private,DoS
14140,tcp,http,DoS
14141,tcp,ftp,Normal
14142,tcp,telnet,Normal
14143,tcp,http,DoS
14144,tcp,http,Normal
14145,tcp,private,DoS
14146,icmp,ecr_i,DoS
14147,tcp,other,DoS
14148,tcp,telnet,Normal
14149,tcp,telnet,DoS
14150,tcp,other,Probe
14151,tcp,other,Normal
14152,tcp,private,DoS
14153,tcp,other,Normal
14154,tcp,other,Probe
14155,tcp,http,Normal
14156,tcp,http,Normal
14157,tcp,http,Normal
14158,tcp,http,Normal
14159,tcp,http,Normal
14160,udp,domain_u,Normal
14161,tcp,http,Normal
14162,tcp,private,DoS
14163,tcp,private,DoS
14164,tcp,http,Normal
14165,tcp,private,Probe
14166,tcp,private,DoS
14167,tcp,ftp,Normal
14168,tcp,http,Normal
14169,tcp,http,Normal
14170,tcp,http,Normal
14171,tcp,http,Normal
14172,tcp,private,DoS
14173,udp,domain_u,Normal
14174,tcp,other,DoS
14175,icmp,ecr_i,DoS
14176,tcp,http,Normal
14177,udp,private,Probe
14178,tcp,http,Normal
14179,tcp,http,Normal
14180,tcp,private,DoS
14181,tcp,private,Probe
14182,udp,private,Probe
14183,udp,private,Probe
14184,icmp,ecr_i,DoS
14185,udp,private,Normal
14186,tcp,other,Probe
14187,tcp,other,Probe
14188,tcp,http,DoS
14189,tcp,http,Normal
14190,icmp,ecr_i,DoS
14191,tcp,private,DoS
14192,tcp,private,DoS
14193,tcp,other,Normal
14194,udp,private,Probe
14195,tcp,other,DoS
14196,tcp,http,Normal
14197,tcp,smtp,Normal
14198,udp,private,Normal
14199,tcp,private,Probe
14200,tcp,http,Normal
14201,tcp,telnet,Normal
14202,tcp,http,DoS
14203,tcp,private,DoS
14204,tcp,http,Normal
14205,icmp,eco_i,Probe
14206,tcp,http,Normal
14207,tcp,other,DoS
14208,tcp,other,Normal
14209,tcp,http,Normal
14210,tcp,other,Normal
14211,tcp,other,Normal
14212,tcp,ftp_data,Normal
14213,tcp,private,DoS
14214,tcp,smtp,Normal
14215,tcp,ftp_data,R2L
14216,tcp,ftp,Normal
14217,udp,private,Normal
14218,tcp,ftp,Normal
14219,tcp,http,Normal
14220,tcp,telnet,U2R
14221,udp,domain_u,Normal
14222,tcp,other,Normal
14223,tcp,http,Normal
14224,tcp,http,DoS
14225,tcp,smtp,Normal
14226,tcp,http,Normal
14227,tcp,private,DoS
14228,udp,private,Normal
14229,tcp,telnet,Normal
14230,tcp,telnet,Normal
14231,tcp,other,Probe
14232,tcp,other,Normal
14233,tcp,private,DoS
14234,tcp,http,Normal
14235,tcp,http,Normal
14236,tcp,telnet,Normal
14237,icmp,ecr_i,DoS
14238,tcp,private,DoS
14239,tcp,other,Probe
14240,tcp,ftp_data,DoS
14241,tcp,http,Normal
14242,tcp,other,Normal
14243,udp,private,Normal
14244,tcp,http,DoS
14245,tcp,http,Normal
14246,tcp,http,Normal
14247,tcp,http,Normal
14248,tcp,private,DoS
14249,icmp,ecr_i,DoS
14250,tcp,smtp,Normal
14251,tcp,http,Normal
14252,tcp,private,DoS
14253,tcp,http,DoS
14254,tcp,finger,DoS
14255,tcp,http,DoS
14256,icmp,eco_i,Probe
14257,tcp,other,Normal
14258,tcp,http,Normal
14259,tcp,http,DoS
14260,tcp,http,Normal
14261,tcp,http,Normal
14262,tcp,http,Normal
14263,tcp,other,Normal
14264,tcp,other,DoS
14265,tcp,private,Probe
14266,tcp,http,Normal
14267,tcp,http,Normal
14268,tcp,smtp,Normal
14269,tcp,http,DoS
14270,tcp,http,Normal
14271,tcp,http,Normal
14272,tcp,http,Normal
14273,tcp,private,DoS
14274,tcp,http,Normal
14275,udp,private,DoS
14276,tcp,private,DoS
14277,icmp,ecr_i,DoS
14278,tcp,http,Normal
14279,tcp,ftp_data,R2L
14280,tcp,private,DoS
14281,udp,domain_u,Normal
14282,tcp,other,Normal
14283,tcp,http,DoS
14284,tcp,other,DoS
14285,tcp,http,Normal
14286,tcp,http,Normal
14287,tcp,private,DoS
14288,tcp,http,DoS
14289,tcp,http,Normal
14290,tcp,http,Probe
14291,udp,domain_u,Normal
14292,tcp,private,DoS
14293,tcp,private,DoS
14294,icmp,ecr_i,DoS
14295,udp,private,Normal
14296,tcp,other,Probe
14297,udp,private,Normal
14298,tcp,other,Probe
14299,tcp,private,Probe
14300,tcp,private,DoS
14301,tcp,private,DoS
14302,tcp,http,DoS
14303,tcp,http,Normal
14304,tcp,private,DoS
14305,tcp,ftp,Normal
14306,tcp,http,Normal
14307,tcp,telnet,Normal
14308,tcp,ftp,Normal
14309,tcp,ftp,Normal
14310,tcp,http,Normal
14311,tcp,ftp_data,Normal
14312,tcp,http,Normal
14313,tcp,http,Normal
14314,tcp,other,Normal
14315,tcp,other,Normal
14316,tcp,telnet,Normal
14317,udp,other,Normal
14318,tcp,http,Normal
14319,tcp,other,Normal
14320,tcp,private,DoS
14321,tcp,http,DoS
14322,tcp,http,Normal
14323,tcp,private,DoS
14324,tcp,http,Normal
14325,tcp,http,Normal
14326,tcp,other,Probe
14327,udp,private,Normal
14328,tcp,http,Normal
14329,tcp,http,Normal
14330,tcp,http,Normal
14331,tcp,http,Normal
14332,udp,domain_u,Normal
14333,udp,domain_u,Normal
14334,tcp,http,Normal
14335,tcp,ftp,Normal
14336,tcp,http,Normal
14337,tcp,other,Normal
14338,tcp,http,DoS
14339,tcp,http,Normal
14340,tcp,http,Normal
14341,tcp,telnet,Normal
14342,tcp,ftp_data,R2L
14343,tcp,http,Normal
14344,tcp,other,DoS
14345,tcp,private,DoS
14346,tcp,telnet,Normal
14347,tcp,ftp_data,Normal
14348,tcp,ftp_data,R2L
14349,tcp,http,Normal
14350,tcp,finger,Normal
14351,tcp,ftp,Normal
14352,tcp,private,DoS
14353,tcp,telnet,Normal
14354,tcp,other,Probe
14355,udp,private,Normal
14356,tcp,http,Normal
14357,tcp,private,DoS
14358,tcp,http,Normal
14359,tcp,http,Normal
14360,tcp,private,DoS
14361,tcp,smtp,Normal
14362,tcp,other,Probe
14363,tcp,http,Normal
14364,icmp,ecr_i,DoS
14365,tcp,other,Probe
14366,udp,private,Normal
14367,tcp,telnet,Normal
14368,udp,domain_u,Normal
14369,tcp,private,DoS
14370,tcp,http,Normal
14371,tcp,http,DoS
14372,tcp,other,DoS
14373,tcp,http,Normal
14374,tcp,smtp,Normal
14375,icmp,ecr_i,DoS
14376,udp,domain_u,Normal
14377,icmp,eco_i,Probe
14378,tcp,ftp_data,Normal
14379,tcp,other,Probe
14380,tcp,http,Normal
14381,tcp,http,Normal
14382,tcp,private,DoS
14383,tcp,private,DoS
14384,icmp,ecr_i,DoS
14385,tcp,http,DoS
14386,tcp,http,Normal
14387,tcp,http,Normal
14388,tcp,http,Normal
14389,tcp,private,DoS
14390,tcp,telnet,DoS
14391,udp,domain_u,Normal
14392,tcp,private,DoS
14393,udp,private,Normal
14394,tcp,smtp,Normal
14395,tcp,private,Probe
14396,tcp,other,Normal
14397,tcp,ftp,Normal
14398,tcp,private,DoS
14399,tcp,private,DoS
14400,udp,other,Normal
14401,tcp,http,Normal
14402,tcp,private,DoS
14403,tcp,ftp_data,Normal
14404,tcp,http,Normal
14405,tcp,other,Probe
14406,udp,domain_u,Normal
14407,tcp,http,Normal
14408,udp,private,DoS
14409,tcp,iso_tsap,DoS
14410,tcp,http,Normal
14411,icmp,ecr_i,DoS
14412,tcp,private,DoS
14413,tcp,http,Normal
14414,tcp,http,Normal
14415,udp,private,Normal
14416,tcp,http,Normal
14417,tcp,Z39_50,DoS
14418,tcp,http,Normal
14419,tcp,private,DoS
14420,tcp,http,Normal
14421,tcp,http,Normal
14422,tcp,ftp_data,Normal
14423,tcp,ftp_data,Normal
14424,tcp,ftp_data,R2L
14425,tcp,http,Normal
14426,tcp,http,Normal
14427,udp,domain_u,Normal
14428,tcp,http,Normal
14429,tcp,private,DoS
14430,tcp,private,DoS
14431,tcp,ftp_data,R2L
14432,tcp,http,Normal
14433,tcp,http,Normal
14434,tcp,private,DoS
14435,icmp,ecr_i,DoS
14436,tcp,private,DoS
14437,tcp,http,Normal
14438,tcp,private,DoS
14439,tcp,telnet,Normal
14440,tcp,private,Probe
14441,tcp,other,Normal
14442,tcp,http,Normal
14443,tcp,http,Normal
14444,tcp,private,DoS
14445,tcp,private,DoS
14446,tcp,smtp,Normal
14447,tcp,http,Normal
14448,tcp,http,Normal
14449,tcp,http,Normal
14450,tcp,private,Probe
14451,tcp,http,Normal
14452,tcp,http,Normal
14453,tcp,telnet,Normal
14454,tcp,private,DoS
14455,udp,private,Probe
14456,tcp,http,Normal
14457,tcp,http,Normal
14458,tcp,smtp,Normal
14459,tcp,private,DoS
14460,tcp,http,Normal
14461,icmp,other,Normal
14462,tcp,http,Normal
14463,udp,private,DoS
14464,tcp,private,DoS
14465,tcp,other,DoS
14466,tcp,http,Normal
14467,tcp,private,Probe
14468,tcp,private,DoS
14469,tcp,http,Normal
14470,tcp,private,DoS
14471,tcp,other,Probe
14472,tcp,other,Probe
14473,tcp,other,Probe
14474,udp,domain_u,Normal
14475,tcp,http,Normal
14476,tcp,telnet,Normal
14477,tcp,http,Normal
14478,tcp,ftp,Normal
14479,tcp,ftp,Normal
14480,udp,domain_u,Normal
14481,tcp,http,Normal
14482,tcp,http,Normal
14483,tcp,http,Normal
14484,tcp,http,Normal
14485,tcp,telnet,Normal
14486,tcp,telnet,Normal
14487,tcp,ftp,Normal
14488,tcp,ftp,Normal
14489,tcp,http,Normal
14490,tcp,private,DoS
14491,tcp,private,DoS
14492,icmp,ecr_i,DoS
14493,tcp,other,Normal
14494,udp,domain_u,Normal
14495,tcp,http,Normal
14496,tcp,telnet,Normal
14497,udp,other,Normal
14498,tcp,http,Normal
14499,tcp,other,Probe
14500,tcp,telnet,Normal
14501,tcp,http,Normal
14502,tcp,telnet,Normal
14503,tcp,telnet,Normal
14504,tcp,telnet,Normal
14505,tcp,private,DoS
14506,tcp,auth,DoS
14507,tcp,private,DoS
14508,tcp,http,Normal
14509,tcp,telnet,DoS
14510,tcp,http,Normal
14511,tcp,private,DoS
14512,icmp,ecr_i,Normal
14513,tcp,ftp,Normal
14514,tcp,http,Normal
14515,tcp,private,Probe
14516,tcp,ftp,Normal
14517,udp,private,DoS
14518,udp,domain_u,Normal
14519,tcp,http,Normal
14520,tcp,http,Normal
14521,tcp,other,DoS
14522,tcp,http,Normal
14523,udp,domain_u,Normal
14524,tcp,other,Probe
14525,tcp,http,Normal
14526,tcp,telnet,Normal
14527,tcp,http,Normal
14528,tcp,http,Normal
14529,tcp,http,Normal
14530,tcp,http,Normal
14531,tcp,http,Normal
14532,tcp,http,Normal
14533,tcp,telnet,Normal
14534,tcp,ftp_data,Normal
14535,tcp,telnet,Normal
14536,tcp,http,Normal
14537,udp,private,Normal
14538,tcp,telnet,Normal
14539,udp,private,DoS
14540,tcp,telnet,Normal
14541,tcp,telnet,Normal
14542,tcp,private,DoS
14543,tcp,other,DoS
14544,tcp,http,DoS
14545,tcp,other,Probe
14546,udp,private,Normal
14547,udp,private,DoS
14548,tcp,other,DoS
14549,tcp,http,Normal
14550,tcp,private,Probe
14551,udp,private,Normal
14552,icmp,ecr_i,DoS
14553,tcp,http,Normal
14554,tcp,private,DoS
14555,tcp,other,DoS
14556,tcp,telnet,Normal
14557,tcp,other,DoS
14558,tcp,http,Normal
14559,tcp,other,Probe
14560,udp,private,Probe
14561,tcp,telnet,Normal
14562,tcp,http,DoS
14563,tcp,ftp_data,Normal
14564,tcp,http,Normal
14565,tcp,http,Normal
14566,tcp,ftp_data,Normal
14567,tcp,smtp,Normal
14568,udp,private,DoS
14569,tcp,auth,DoS
14570,udp,private,Normal
14571,tcp,private,DoS
14572,udp,domain_u,Normal
14573,udp,private,DoS
14574,tcp,private,DoS
14575,tcp,private,DoS
14576,tcp,ftp,Normal
14577,tcp,http,Normal
14578,tcp,telnet,Normal
14579,tcp,private,DoS
14580,tcp,http,Normal
14581,tcp,http,Normal
14582,tcp,http,Normal
14583,tcp,http,Normal
14584,tcp,http,Normal
14585,udp,private,Normal
14586,tcp,ftp,Normal
14587,tcp,private,DoS
14588,udp,other,Probe
14589,tcp,private,DoS
14590,icmp,ecr_i,DoS
14591,tcp,http,Normal
14592,tcp,smtp,Normal
14593,tcp,other,Normal
14594,tcp,private,Probe
14595,tcp,http,Normal
14596,udp,other,Normal
14597,tcp,http,DoS
14598,tcp,http,Normal
14599,icmp,ecr_i,DoS
14600,tcp,other,Probe
14601,udp,other,Normal
14602,tcp,http,Normal
14603,tcp,other,Probe
14604,tcp,other,DoS
14605,tcp,telnet,Normal
14606,tcp,ftp_data,Normal
14607,tcp,private,DoS
14608,tcp,http,Normal
14609,udp,domain_u,Normal
14610,tcp,private,DoS
14611,tcp,http,Normal
14612,tcp,telnet,Normal
14613,tcp,other,Normal
14614,udp,domain_u,Normal
14615,tcp,http,DoS
14616,udp,private,Normal
14617,icmp,ecr_i,DoS
14618,tcp,http,Normal
14619,tcp,private,DoS
14620,tcp,http,Normal
14621,tcp,telnet,Normal
14622,tcp,http,Normal
14623,tcp,http,Normal
14624,tcp,http,Normal
14625,tcp,http,Normal
14626,udp,domain_u,Normal
14627,tcp,http,Normal
14628,udp,domain_u,Normal
14629,tcp,other,Probe
14630,tcp,http,Normal
14631,udp,private,Probe
14632,tcp,http,Normal
14633,icmp,ecr_i,DoS
14634,tcp,other,DoS
14635,udp,private,Normal
14636,tcp,http,Normal
14637,udp,private,Normal
14638,udp,private,Normal
14639,tcp,ftp_data,R2L
14640,tcp,private,DoS
14641,tcp,telnet,Normal
14642,tcp,http,Normal
14643,tcp,other,DoS
14644,tcp,private,DoS
14645,udp,private,Probe
14646,tcp,telnet,Normal
14647,tcp,http,DoS
14648,tcp,http,Normal
14649,tcp,http,DoS
14650,tcp,private,Probe
14651,tcp,private,DoS
14652,tcp,private,DoS
14653,tcp,http,Normal
14654,tcp,private,DoS
14655,tcp,private,DoS
14656,tcp,http,Normal
14657,tcp,http,Normal
14658,udp,private,Probe
14659,tcp,http,Normal
14660,tcp,http,Normal
14661,tcp,http,Normal
14662,udp,domain_u,Normal
14663,tcp,http,DoS
14664,tcp,other,Normal
14665,tcp,http,Normal
14666,tcp,http,Normal
14667,icmp,ecr_i,DoS
14668,tcp,telnet,Normal
14669,tcp,private,DoS
14670,tcp,telnet,Normal
14671,udp,private,Probe
14672,tcp,other,DoS
14673,tcp,other,Normal
14674,tcp,other,Probe
14675,tcp,smtp,Normal
14676,tcp,http,DoS
14677,tcp,http,Normal
14678,tcp,private,DoS
14679,tcp,private,DoS
14680,udp,private,DoS
14681,icmp,eco_i,Probe
14682,udp,other,Normal
14683,tcp,http,Normal
14684,udp,domain_u,Normal
14685,tcp,http,DoS
14686,icmp,ecr_i,DoS
14687,udp,domain_u,Normal
14688,tcp,http,Normal
14689,udp,domain_u,Probe
14690,tcp,other,Probe
14691,tcp,time,Normal
14692,tcp,ftp,Normal
14693,tcp,other,DoS
14694,tcp,smtp,Normal
14695,tcp,other,DoS
14696,tcp,http,Normal
14697,tcp,http,Normal
14698,tcp,other,DoS
14699,tcp,private,DoS
14700,tcp,private,DoS
14701,tcp,private,DoS
14702,tcp,http,Normal
14703,tcp,other,Normal
14704,tcp,http,Normal
14705,tcp,smtp,Normal
14706,tcp,ftp_data,Normal
14707,tcp,http,Normal
14708,tcp,http,Normal
14709,tcp,smtp,Normal
14710,tcp,telnet,Normal
14711,tcp,private,DoS
14712,tcp,http,Normal
14713,tcp,http,Normal
14714,tcp,http,Normal
14715,tcp,smtp,Normal
14716,tcp,http,DoS
14717,tcp,other,Normal
14718,tcp,http,Normal
14719,icmp,ecr_i,DoS
14720,tcp,http,Normal
14721,udp,domain_u,Normal
14722,tcp,uucp,DoS
14723,tcp,private,DoS
14724,tcp,auth,Normal
14725,tcp,http,Normal
14726,tcp,ftp_data,Normal
14727,tcp,private,DoS
14728,tcp,private,DoS
14729,icmp,ecr_i,DoS
14730,tcp,http,Normal
14731,tcp,smtp,Normal
14732,tcp,http,DoS
14733,tcp,private,DoS
14734,tcp,private,DoS
14735,tcp,http,Normal
14736,tcp,private,DoS
14737,tcp,other,Normal
14738,tcp,private,DoS
14739,tcp,ftp_data,R2L
14740,tcp,other,Probe
14741,tcp,private,DoS
14742,udp,domain_u,Normal
14743,udp,private,Normal
14744,tcp,http,DoS
14745,tcp,telnet,Normal
14746,tcp,http,Normal
14747,tcp,other,Normal
14748,udp,private,Normal
14749,tcp,other,Probe
14750,tcp,private,Probe
14751,tcp,telnet,Normal
14752,tcp,http,Normal
14753,tcp,telnet,Normal
14754,tcp,private,DoS
14755,tcp,private,DoS
14756,tcp,other,DoS
14757,tcp,http,Normal
14758,tcp,private,DoS
14759,tcp,http,Normal
14760,udp,private,Normal
14761,tcp,http,Normal
14762,tcp,private,DoS
14763,tcp,http,Normal
14764,tcp,ftp,Normal
14765,tcp,other,DoS
14766,tcp,other,Probe
14767,tcp,ftp,Normal
14768,tcp,ftp,Normal
14769,udp,private,Normal
14770,tcp,http,Normal
14771,tcp,http,Normal
14772,tcp,http,DoS
14773,udp,domain_u,Normal
14774,tcp,smtp,Normal
14775,icmp,eco_i,Probe
14776,tcp,other,DoS
14777,tcp,http,Normal
14778,tcp,other,DoS
14779,tcp,http,Normal
14780,tcp,private,DoS
14781,tcp,other,Normal
14782,tcp,http,Normal
14783,icmp,ecr_i,DoS
14784,udp,private,Probe
14785,tcp,smtp,Normal
14786,udp,private,DoS
14787,tcp,ftp_data,Normal
14788,tcp,other,Normal
14789,udp,private,DoS
14790,tcp,http,Normal
14791,tcp,http,Normal
14792,tcp,http,Normal
14793,tcp,private,DoS
14794,tcp,telnet,Normal
14795,tcp,smtp,Normal
14796,udp,domain_u,Normal
14797,tcp,http,DoS
14798,tcp,private,DoS
14799,tcp,other,DoS
14800,tcp,private,DoS
14801,tcp,telnet,Normal
14802,tcp,http,Normal
14803,tcp,private,DoS
14804,tcp,other,Probe
14805,tcp,http,Normal
14806,udp,private,DoS
14807,tcp,other,DoS
14808,tcp,http,Normal
14809,tcp,private,DoS
14810,tcp,http,DoS
14811,tcp,other,Normal
14812,tcp,private,DoS
14813,udp,domain_u,Normal
14814,tcp,http,Normal
14815,tcp,http,Normal
14816,tcp,http,DoS
14817,tcp,http,Normal
14818,tcp,telnet,Normal
14819,tcp,http,Normal
14820,tcp,http,Normal
14821,tcp,http,Normal
14822,tcp,other,DoS
14823,tcp,telnet,Normal
14824,tcp,http,Normal
14825,tcp,http,DoS
14826,tcp,http,DoS
14827,icmp,ecr_i,DoS
14828,tcp,http,DoS
14829,udp,private,DoS
14830,tcp,http,Normal
14831,tcp,http,Normal
14832,tcp,other,DoS
14833,tcp,private,DoS
14834,tcp,telnet,Normal
14835,tcp,http,DoS
14836,tcp,other,DoS
14837,tcp,smtp,Normal
14838,tcp,http,Normal
14839,tcp,ftp,DoS
14840,tcp,telnet,DoS
14841,tcp,ftp,Normal
14842,tcp,ftp_data,DoS
14843,tcp,telnet,Normal
14844,tcp,smtp,DoS
14845,udp,domain_u,Normal
14846,tcp,http,Normal
14847,tcp,telnet,R2L
14848,tcp,ftp,Normal
14849,tcp,private,DoS
14850,tcp,http,Normal
14851,tcp,telnet,DoS
14852,udp,private,Normal
14853,udp,domain_u,Normal
14854,tcp,http,Normal
14855,udp,domain_u,Normal
14856,tcp,other,Normal
14857,tcp,private,Probe
14858,tcp,telnet,Normal
14859,tcp,other,DoS
14860,tcp,private,DoS
14861,tcp,other,DoS
14862,tcp,http,Normal
14863,icmp,ecr_i,DoS
14864,tcp,ftp_data,Normal
14865,tcp,http,Normal
14866,tcp,private,DoS
14867,tcp,other,Probe
14868,udp,private,Normal
14869,tcp,smtp,Normal
14870,tcp,http,Normal
14871,tcp,other,Probe
14872,udp,domain_u,Normal
14873,udp,private,Normal
14874,udp,domain_u,Normal
14875,icmp,ecr_i,DoS
14876,tcp,http,Normal
14877,tcp,telnet,Normal
14878,udp,private,Normal
14879,tcp,ftp_data,R2L
14880,udp,other,Normal
14881,tcp,http,Normal
14882,tcp,other,Probe
14883,tcp,http,Normal
14884,udp,domain_u,Normal
14885,tcp,private,DoS
14886,tcp,private,DoS
14887,tcp,http,Normal
14888,tcp,http,DoS
14889,tcp,other,Normal
14890,tcp,smtp,Normal
14891,tcp,ftp_data,Normal
14892,tcp,http,Normal
14893,tcp,http,Normal
14894,tcp,http,Normal
14895,tcp,other,DoS
14896,tcp,other,Normal
14897,tcp,http,Normal
14898,udp,private,Normal
14899,tcp,other,DoS
14900,tcp,http,Normal
14901,tcp,http,Normal
14902,udp,domain_u,Normal
14903,tcp,other,Normal
14904,tcp,telnet,Normal
14905,icmp,ecr_i,DoS
14906,tcp,telnet,Normal
14907,tcp,http,Normal
14908,tcp,http,Normal
14909,tcp,smtp,Normal
14910,tcp,http,DoS
14911,tcp,other,Probe
14912,tcp,smtp,Normal
14913,tcp,smtp,Normal
14914,udp,private,DoS
14915,tcp,other,Probe
14916,tcp,http,Normal
14917,udp,private,Normal
14918,tcp,http,Normal
14919,tcp,http,DoS
14920,tcp,http,DoS
14921,tcp,private,DoS
14922,tcp,telnet,Normal
14923,tcp,telnet,Normal
14924,tcp,http,Normal
14925,udp,private,DoS
14926,tcp,private,DoS
14927,tcp,other,DoS
14928,tcp,http,Normal
14929,tcp,private,DoS
14930,tcp,http,Normal
14931,tcp,private,DoS
14932,tcp,telnet,Normal
14933,tcp,http,Normal
14934,tcp,telnet,Probe
14935,tcp,private,DoS
14936,udp,other,Normal
14937,tcp,http,Normal
14938,tcp,other,Probe
14939,udp,private,DoS
14940,tcp,smtp,Normal
14941,tcp,http,Normal
14942,udp,private,Probe
14943,tcp,other,DoS
14944,tcp,http,Normal
14945,udp,other,Probe
14946,tcp,http,Normal
14947,udp,private,DoS
14948,tcp,other,Normal
14949,tcp,http,Normal
14950,tcp,ftp_data,R2L
14951,tcp,other,DoS
14952,tcp,http,DoS
14953,tcp,private,DoS
14954,tcp,ftp,Normal
14955,tcp,private,DoS
14956,tcp,private,DoS
14957,tcp,ftp,Normal
14958,tcp,other,Normal
14959,tcp,telnet,DoS
14960,tcp,private,DoS
14961,tcp,telnet,Normal
14962,tcp,private,DoS
14963,tcp,http,Normal
14964,udp,private,Normal
14965,tcp,other,Probe
14966,tcp,http,Normal
14967,tcp,http,Normal
14968,tcp,private,Probe
14969,udp,domain_u,Normal
14970,udp,domain_u,Normal
14971,tcp,http,Normal
14972,tcp,http,Normal
14973,tcp,http,Normal
14974,udp,private,Probe
14975,tcp,http,Normal
14976,tcp,http,Normal
14977,udp,domain_u,Normal
14978,icmp,eco_i,Normal
14979,tcp,http,Normal
14980,tcp,other,Probe
14981,tcp,http,Normal
14982,tcp,http,Normal
14983,tcp,private,DoS
14984,tcp,private,DoS
14985,tcp,ftp_data,Normal
14986,tcp,ftp_data,Normal
14987,tcp,http,DoS
14988,tcp,other,Probe
14989,tcp,other,DoS
14990,tcp,http,Normal
14991,tcp,private,Probe
14992,tcp,http,Normal
14993,tcp,http,Normal
14994,tcp,ftp_data,Normal
14995,tcp,http,Normal
14996,icmp,ecr_i,Normal
14997,tcp,other,DoS
14998,tcp,http,Normal
14999,tcp,other,Probe
15000,tcp,smtp,Normal
15001,tcp,http,Normal
15002,tcp,ftp,Normal
15003,udp,private,Probe
15004,tcp,private,DoS
15005,tcp,http,Normal
15006,udp,private,DoS
15007,tcp,telnet,Normal
15008,tcp,http,DoS
15009,tcp,private,DoS
15010,tcp,http,Normal
15011,tcp,http,Normal
15012,tcp,other,Probe
15013,tcp,smtp,Normal
15014,udp,private,Probe
15015,tcp,other,Normal
15016,tcp,http,Normal
15017,tcp,http,Normal
15018,icmp,ecr_i,Probe
15019,tcp,private,DoS
15020,udp,private,Normal
15021,tcp,telnet,Normal
15022,tcp,other,DoS
15023,tcp,other,Normal
15024,tcp,other,DoS
15025,tcp,smtp,Normal
15026,tcp,http,Normal
15027,tcp,http,Normal
15028,tcp,http,Normal
15029,tcp,http,Normal
15030,tcp,http,Normal
15031,icmp,eco_i,Probe
15032,tcp,http,Normal
15033,tcp,http,Normal
15034,tcp,ftp,Normal
15035,tcp,http,Normal
15036,tcp,http,Normal
15037,tcp,http,Normal
15038,tcp,ftp_data,Normal
15039,udp,private,DoS
15040,tcp,http,Normal
15041,tcp,http,Normal
15042,tcp,smtp,Normal
15043,tcp,telnet,Normal
15044,tcp,other,Probe
15045,tcp,http,Normal
15046,tcp,ftp_data,Normal
15047,icmp,ecr_i,DoS
15048,tcp,http,Normal
15049,tcp,smtp,Normal
15050,udp,private,Normal
15051,tcp,telnet,Normal
15052,icmp,ecr_i,DoS
15053,tcp,http,Normal
15054,udp,other,Normal
15055,tcp,other,Probe
15056,tcp,http,Normal
15057,tcp,http,Normal
15058,tcp,other,Normal
15059,tcp,http,Normal
15060,tcp,http,Normal
15061,tcp,telnet,Normal
15062,tcp,private,DoS
15063,tcp,private,DoS
15064,tcp,http,Normal
15065,tcp,http,DoS
15066,tcp,private,DoS
15067,tcp,other,Probe
15068,tcp,telnet,Normal
15069,tcp,http,Normal
15070,tcp,private,DoS
15071,udp,private,Normal
15072,tcp,private,DoS
15073,tcp,ftp,Normal
15074,tcp,http,Normal
15075,tcp,other,Normal
15076,tcp,telnet,Normal
15077,tcp,ftp_data,Normal
15078,tcp,smtp,Normal
15079,tcp,other,Probe
15080,tcp,http,Normal
15081,tcp,private,DoS
15082,tcp,other,Probe
15083,tcp,smtp,Normal
15084,tcp,other,DoS
15085,tcp,private,DoS
15086,tcp,http,DoS
15087,tcp,ftp_data,Normal
15088,tcp,private,DoS
15089,tcp,http,Normal
15090,tcp,smtp,Normal
15091,tcp,http,Normal
15092,tcp,other,Normal
15093,tcp,http,Normal
15094,udp,private,DoS
15095,tcp,private,DoS
15096,udp,domain_u,Normal
15097,tcp,other,Normal
15098,tcp,telnet,Normal
15099,tcp,other,Normal
15100,tcp,other,Normal
15101,tcp,http,DoS
15102,tcp,other,DoS
15103,tcp,http,Normal
15104,tcp,http,Normal
15105,tcp,http,Normal
15106,icmp,ecr_i,DoS
15107,tcp,telnet,Normal
15108,tcp,ftp_data,Normal
15109,udp,domain_u,Normal
15110,tcp,http,Normal
15111,tcp,smtp,Normal
15112,tcp,private,DoS
15113,tcp,http,DoS
15114,tcp,http,Normal
15115,udp,private,Normal
15116,tcp,other,Probe
15117,tcp,other,DoS
15118,tcp,other,Probe
15119,tcp,private,DoS
15120,tcp,telnet,Normal
15121,tcp,private,DoS
15122,tcp,private,DoS
15123,tcp,http,Normal
15124,tcp,private,DoS
15125,tcp,http,Normal
15126,tcp,courier,DoS
15127,udp,private,DoS
15128,tcp,other,Probe
15129,tcp,http,Normal
15130,tcp,iso_tsap,DoS
15131,tcp,other,Normal
15132,tcp,http,Normal
15133,icmp,ecr_i,DoS
15134,icmp,ecr_i,DoS
15135,tcp,private,DoS
15136,tcp,http,Normal
15137,tcp,ftp,Normal
15138,udp,private,Normal
15139,tcp,other,DoS
15140,tcp,private,DoS
15141,tcp,http,Normal
15142,tcp,http,Normal
15143,tcp,other,Normal
15144,udp,private,Normal
15145,udp,private,Normal
15146,udp,domain_u,Normal
15147,tcp,other,DoS
15148,tcp,other,DoS
15149,tcp,private,Probe
15150,tcp,http,DoS
15151,tcp,http,Normal
15152,tcp,telnet,Normal
15153,tcp,ftp,Normal
15154,tcp,other,Normal
15155,tcp,http,Normal
15156,tcp,other,Normal
15157,tcp,private,DoS
15158,tcp,http,Normal
15159,tcp,http,Normal
15160,icmp,ecr_i,DoS
15161,tcp,other,DoS
15162,tcp,other,Normal
15163,tcp,http,Normal
15164,tcp,ftp,Normal
15165,udp,private,Normal
15166,tcp,telnet,Normal
15167,tcp,telnet,Normal
15168,tcp,smtp,Normal
15169,udp,private,Normal
15170,tcp,http,Normal
15171,tcp,other,Normal
15172,udp,private,Normal
15173,tcp,http,DoS
15174,udp,domain_u,Normal
15175,tcp,other,Probe
15176,tcp,http,Normal
15177,tcp,other,Probe
15178,tcp,http,Normal
15179,tcp,other,Probe
15180,tcp,telnet,Normal
15181,tcp,http,Normal
15182,tcp,http,Normal
15183,tcp,http,Normal
15184,udp,domain_u,Normal
15185,tcp,http,Normal
15186,tcp,http,Normal
15187,tcp,http,Normal
15188,tcp,other,DoS
15189,udp,domain_u,Normal
15190,tcp,http,Normal
15191,tcp,http,Normal
15192,tcp,http,Normal
15193,udp,domain_u,Normal
15194,udp,private,Normal
15195,tcp,ftp_data,R2L
15196,tcp,private,DoS
15197,tcp,http,Normal
15198,tcp,http,Normal
15199,tcp,smtp,Normal
15200,udp,domain_u,Normal
15201,tcp,http,DoS
15202,tcp,other,Probe
15203,tcp,http,Normal
15204,tcp,telnet,DoS
15205,tcp,private,DoS
15206,udp,domain_u,Normal
15207,tcp,ftp_data,Normal
15208,tcp,http,Normal
15209,tcp,telnet,Normal
15210,udp,domain_u,Normal
15211,udp,private,Normal
15212,tcp,http,Normal
15213,icmp,ecr_i,DoS
15214,tcp,http,Normal
15215,tcp,telnet,DoS
15216,tcp,ftp_data,Normal
15217,icmp,other,DoS
15218,tcp,other,DoS
15219,tcp,private,DoS
15220,tcp,telnet,Normal
15221,icmp,ecr_i,DoS
15222,tcp,other,Probe
15223,tcp,http,Normal
15224,tcp,other,Normal
15225,tcp,other,Normal
15226,tcp,ftp,Normal
15227,tcp,other,Probe
15228,udp,private,Normal
15229,tcp,other,Probe
15230,tcp,telnet,Normal
15231,tcp,private,DoS
15232,tcp,other,Normal
15233,tcp,private,DoS
15234,tcp,http,Normal
15235,tcp,Z39_50,DoS
15236,tcp,http,Normal
15237,tcp,ftp_data,Normal
15238,udp,domain_u,Normal
15239,tcp,http,Normal
15240,tcp,http,Normal
15241,tcp,http,Normal
15242,tcp,http,Normal
15243,icmp,eco_i,Probe
15244,tcp,private,Probe
15245,tcp,private,DoS
15246,tcp,http,Normal
15247,tcp,other,Normal
15248,tcp,private,Probe
15249,tcp,other,Probe
15250,tcp,http,Normal
15251,tcp,private,DoS
15252,tcp,ftp_data,Normal
15253,tcp,smtp,Normal
15254,tcp,http,Normal
15255,tcp,telnet,Normal
15256,tcp,other,Probe
15257,tcp,http,Normal
15258,tcp,http,Normal
15259,tcp,http,DoS
15260,tcp,other,DoS
15261,tcp,ftp_data,Normal
15262,tcp,http,Normal
15263,udp,private,Normal
15264,tcp,http,Normal
15265,udp,private,Probe
15266,tcp,private,DoS
15267,tcp,private,DoS
15268,tcp,http,Normal
15269,tcp,ftp,Normal
15270,tcp,http,Normal
15271,tcp,http,DoS
15272,tcp,private,DoS
15273,icmp,ecr_i,DoS
15274,udp,domain_u,Normal
15275,tcp,ftp_data,Normal
15276,tcp,other,DoS
15277,udp,private,DoS
15278,tcp,http,Normal
15279,tcp,telnet,DoS
15280,tcp,http,Normal
15281,tcp,other,DoS
15282,tcp,http,Normal
15283,tcp,http,Normal
15284,tcp,http,Normal
15285,tcp,ftp,Normal
15286,tcp,private,DoS
15287,tcp,http,Normal
15288,tcp,http,DoS
15289,tcp,http,Normal
15290,tcp,http,DoS
15291,tcp,http,Normal
15292,tcp,smtp,Normal
15293,tcp,http,Normal
15294,tcp,ftp_data,Normal
15295,icmp,ecr_i,Normal
15296,tcp,http,Normal
15297,tcp,http,Normal
15298,tcp,other,Probe
15299,tcp,other,Normal
15300,tcp,http,Normal
15301,tcp,private,DoS
15302,tcp,private,DoS
15303,icmp,ecr_i,DoS
15304,tcp,http,Normal
15305,tcp,http,DoS
15306,tcp,telnet,Normal
15307,tcp,telnet,Normal
15308,tcp,http,DoS
15309,tcp,other,Normal
15310,udp,private,Normal
15311,tcp,private,DoS
15312,tcp,uucp_path,DoS
15313,tcp,private,DoS
15314,udp,private,Normal
15315,tcp,http,Normal
15316,tcp,http,Normal
15317,tcp,ftp,Normal
15318,tcp,http,DoS
15319,tcp,other,Probe
15320,tcp,http,DoS
15321,tcp,ftp_data,Normal
15322,udp,private,Probe
15323,tcp,private,DoS
15324,udp,private,Normal
15325,udp,private,Normal
15326,tcp,http,Normal
15327,tcp,http,Normal
15328,tcp,ftp_data,Normal
15329,tcp,http,Normal
15330,tcp,http,Normal
15331,tcp,http,Normal
15332,udp,domain_u,Normal
15333,tcp,http,DoS
15334,tcp,telnet,DoS
15335,udp,other,Normal
15336,tcp,private,DoS
15337,tcp,other,Normal
15338,tcp,telnet,Normal
15339,tcp,telnet,Normal
15340,tcp,other,Normal
15341,udp,domain_u,Normal
15342,tcp,smtp,Normal
15343,tcp,http,Normal
15344,tcp,finger,DoS
15345,tcp,other,Probe
15346,tcp,http,Normal
15347,udp,domain_u,Normal
15348,tcp,smtp,Normal
15349,tcp,http,Normal
15350,tcp,private,DoS
15351,tcp,other,Normal
15352,tcp,http,Normal
15353,tcp,other,DoS
15354,tcp,smtp,Normal
15355,tcp,telnet,Normal
15356,tcp,ftp,Normal
15357,tcp,other,DoS
15358,tcp,other,DoS
15359,tcp,http,Normal
15360,tcp,private,DoS
15361,tcp,http,Normal
15362,tcp,http,Normal
15363,tcp,http,Normal
15364,udp,domain_u,Normal
15365,udp,private,Normal
15366,udp,domain_u,Normal
15367,tcp,http,Normal
15368,tcp,telnet,Normal
15369,tcp,other,Normal
15370,tcp,other,Normal
15371,tcp,http,DoS
15372,tcp,smtp,Normal
15373,tcp,http,Normal
15374,udp,domain_u,Normal
15375,tcp,smtp,Normal
15376,icmp,ecr_i,Normal
15377,tcp,http,DoS
15378,tcp,private,DoS
15379,tcp,smtp,DoS
15380,icmp,ecr_i,DoS
15381,tcp,http,Normal
15382,tcp,other,Probe
15383,tcp,http,Normal
15384,tcp,bgp,DoS
15385,tcp,smtp,Normal
15386,tcp,private,DoS
15387,udp,private,Normal
15388,tcp,http,Normal
15389,tcp,other,Probe
15390,tcp,http,Normal
15391,tcp,other,Normal
15392,tcp,http,Normal
15393,tcp,private,DoS
15394,tcp,http,Normal
15395,udp,private,DoS
15396,tcp,other,Probe
15397,tcp,private,DoS
15398,tcp,other,Normal
15399,tcp,private,DoS
15400,tcp,http,Normal
15401,icmp,eco_i,Probe
15402,tcp,other,DoS
15403,tcp,private,DoS
15404,tcp,http,Normal
15405,tcp,telnet,Normal
15406,udp,other,Normal
15407,tcp,other,DoS
15408,tcp,http,Normal
15409,tcp,http,Normal
15410,tcp,private,DoS
15411,tcp,http,Normal
15412,tcp,http,Normal
15413,tcp,http,Normal
15414,tcp,ftp_data,R2L
15415,tcp,http,Normal
15416,tcp,private,DoS
15417,udp,other,Normal
15418,tcp,telnet,DoS
15419,tcp,private,DoS
15420,udp,private,Normal
15421,udp,domain_u,Normal
15422,tcp,http,Normal
15423,tcp,smtp,Normal
15424,tcp,http,Normal
15425,tcp,http,Normal
15426,tcp,telnet,Normal
15427,tcp,private,DoS
15428,tcp,http,Normal
15429,tcp,http,Normal
15430,tcp,http,Normal
15431,tcp,private,DoS
15432,tcp,http,Normal
15433,tcp,private,DoS
15434,tcp,http,Normal
15435,tcp,http,Normal
15436,tcp,other,Normal
15437,tcp,other,Normal
15438,tcp,ftp,Normal
15439,tcp,private,DoS
15440,icmp,ecr_i,DoS
15441,tcp,http,Normal
15442,tcp,http,DoS
15443,icmp,ecr_i,DoS
15444,tcp,http,Normal
15445,tcp,private,DoS
15446,tcp,private,Probe
15447,tcp,http,Normal
15448,tcp,ftp,Normal
15449,udp,domain_u,Normal
15450,tcp,private,DoS
15451,tcp,http,Normal
15452,udp,other,Normal
15453,tcp,http,Normal
15454,tcp,http,Normal
15455,tcp,private,Probe
15456,tcp,smtp,Normal
15457,tcp,http,Normal
15458,tcp,private,DoS
15459,tcp,http,Normal
15460,tcp,private,DoS
15461,tcp,private,DoS
15462,tcp,other,Normal
15463,icmp,ecr_i,DoS
15464,tcp,http,Normal
15465,tcp,other,DoS
15466,tcp,private,DoS
15467,icmp,eco_i,Probe
15468,udp,domain_u,Normal
15469,tcp,telnet,Normal
15470,tcp,telnet,Normal
15471,udp,domain_u,Normal
15472,tcp,smtp,Normal
15473,tcp,other,DoS
15474,tcp,other,Normal
15475,tcp,telnet,DoS
15476,tcp,http,Normal
15477,tcp,private,DoS
15478,tcp,other,Probe
15479,tcp,http,Normal
15480,tcp,private,DoS
15481,tcp,http,Normal
15482,tcp,http,Normal
15483,tcp,private,DoS
15484,tcp,private,DoS
15485,tcp,telnet,Normal
15486,tcp,ftp,Normal
15487,tcp,http,DoS
15488,tcp,telnet,Normal
15489,tcp,private,DoS
15490,tcp,ftp_data,Normal
15491,icmp,ecr_i,Normal
15492,tcp,http,Normal
15493,tcp,ftp_data,Normal
15494,tcp,telnet,Normal
15495,tcp,http,Normal
15496,tcp,http,Normal
15497,tcp,other,DoS
15498,tcp,other,Probe
15499,tcp,other,Probe
15500,tcp,other,DoS
15501,tcp,other,DoS
15502,tcp,http,Normal
15503,icmp,ecr_i,DoS
15504,tcp,http,Normal
15505,tcp,other,DoS
15506,tcp,telnet,Normal
15507,tcp,http,Normal
15508,tcp,bgp,DoS
15509,tcp,ftp_data,Normal
15510,udp,private,Normal
15511,tcp,http,Normal
15512,tcp,http,Normal
15513,icmp,ecr_i,DoS
15514,tcp,http,Normal
15515,tcp,http,Normal
15516,icmp,eco_i,Probe
15517,tcp,ftp_data,Normal
15518,tcp,other,DoS
15519,tcp,ftp,Normal
15520,udp,private,Normal
15521,tcp,http,Normal
15522,tcp,http,DoS
15523,tcp,http,Normal
15524,tcp,http,Normal
15525,icmp,eco_i,Probe
15526,tcp,telnet,Normal
15527,tcp,http,DoS
15528,udp,private,DoS
15529,tcp,private,Probe
15530,tcp,http,Normal
15531,tcp,http,Normal
15532,udp,private,Probe
15533,icmp,ecr_i,DoS
15534,tcp,http,Normal
15535,udp,domain_u,Normal
15536,tcp,http,Normal
15537,tcp,http,Normal
15538,tcp,other,Normal
15539,tcp,private,DoS
15540,tcp,ftp_data,Normal
15541,tcp,other,Probe
15542,tcp,private,DoS
15543,tcp,ftp_data,R2L
15544,tcp,http,Normal
15545,udp,private,Normal
15546,tcp,http,Normal
15547,tcp,ftp_data,DoS
15548,tcp,other,DoS
15549,tcp,http,DoS
15550,tcp,http,Normal
15551,tcp,telnet,Normal
15552,tcp,http,Normal
15553,tcp,telnet,Normal
15554,tcp,http,Normal
15555,tcp,private,DoS
15556,tcp,http,Normal
15557,tcp,other,Normal
15558,tcp,smtp,Normal
15559,udp,domain_u,Normal
15560,tcp,http,Normal
15561,tcp,private,DoS
15562,tcp,http,Normal
15563,tcp,ftp_data,Normal
15564,tcp,telnet,Normal
15565,tcp,http,Normal
15566,tcp,private,Probe
15567,tcp,private,DoS
15568,tcp,private,DoS
15569,tcp,other,DoS
15570,tcp,ftp_data,Normal
15571,udp,domain_u,Normal
15572,tcp,ftp_data,DoS
15573,tcp,http,DoS
15574,udp,private,Probe
15575,tcp,http,Normal
15576,tcp,other,Probe
15577,tcp,ftp,Normal
15578,udp,private,Normal
15579,tcp,other,DoS
15580,tcp,other,DoS
15581,tcp,other,Normal
15582,udp,private,Probe
15583,tcp,http,Normal
15584,tcp,telnet,Normal
15585,udp,domain_u,Normal
15586,tcp,private,Probe
15587,tcp,smtp,Normal
15588,tcp,http,Normal
15589,tcp,private,DoS
15590,tcp,ftp,Normal
15591,tcp,http,Normal
15592,tcp,auth,Normal
15593,tcp,telnet,Normal
15594,tcp,ftp_data,R2L
15595,tcp,http,DoS
15596,udp,domain_u,Normal
15597,udp,private,Normal
15598,tcp,private,DoS
15599,tcp,http,Normal
15600,udp,private,Normal
15601,tcp,http,Normal
15602,tcp,http,Normal
15603,tcp,http,DoS
15604,tcp,http,Normal
15605,tcp,other,Probe
15606,tcp,http,Normal
15607,udp,domain_u,Normal
15608,udp,domain_u,Normal
15609,udp,private,Normal
15610,tcp,http,Normal
15611,tcp,http,DoS
15612,tcp,http,Normal
15613,tcp,other,DoS
15614,tcp,other,DoS
15615,tcp,uucp,DoS
15616,tcp,private,DoS
15617,icmp,ecr_i,DoS
15618,tcp,smtp,Normal
15619,tcp,private,DoS
15620,tcp,http,Normal
15621,icmp,ecr_i,DoS
15622,tcp,http,Normal
15623,tcp,http,Normal
15624,tcp,other,Normal
15625,icmp,eco_i,Probe
15626,tcp,http,Normal
15627,tcp,http,Normal
15628,udp,domain_u,Normal
15629,tcp,http,Normal
15630,tcp,http,Normal
15631,tcp,other,DoS
15632,tcp,http,Normal
15633,tcp,http,DoS
15634,tcp,http,Normal
15635,tcp,other,Probe
15636,udp,private,Probe
15637,tcp,other,DoS
15638,tcp,private,DoS
15639,tcp,telnet,Normal
15640,tcp,http,DoS
15641,tcp,private,DoS
15642,tcp,uucp,DoS
15643,tcp,http,Normal
15644,tcp,http,DoS
15645,tcp,http,Normal
15646,icmp,eco_i,Probe
15647,tcp,http,DoS
15648,tcp,telnet,DoS
15649,tcp,http,Normal
15650,tcp,ftp_data,R2L
15651,tcp,finger,DoS
15652,tcp,http,Normal
15653,tcp,http,DoS
15654,tcp,other,DoS
15655,udp,private,Normal
15656,tcp,http,Normal
15657,udp,private,DoS
15658,tcp,iso_tsap,DoS
15659,tcp,http,Normal
15660,tcp,other,DoS
15661,tcp,telnet,Normal
15662,tcp,private,DoS
15663,icmp,eco_i,Probe
15664,tcp,private,DoS
15665,tcp,ftp_data,Normal
15666,tcp,other,DoS
15667,icmp,eco_i,Probe
15668,tcp,smtp,Normal
15669,tcp,other,Probe
15670,tcp,http,Normal
15671,udp,private,Normal
15672,udp,private,Normal
15673,tcp,private,DoS
15674,tcp,other,Probe
15675,udp,private,DoS
15676,tcp,private,DoS
15677,tcp,other,Probe
15678,udp,domain_u,Normal
15679,tcp,http,Normal
15680,tcp,http,Normal
15681,tcp,http,Normal
15682,tcp,http,Normal
15683,tcp,smtp,Probe
15684,tcp,smtp,Normal
15685,tcp,other,Probe
15686,tcp,private,DoS
15687,tcp,http,Normal
15688,udp,private,DoS
15689,tcp,http,Normal
15690,tcp,other,Normal
15691,tcp,ftp_data,Normal
15692,tcp,finger,DoS
15693,tcp,http,Normal
15694,tcp,http,Normal
15695,tcp,http,Probe
15696,icmp,eco_i,Probe
15697,tcp,http,Normal
15698,tcp,http,Normal
15699,tcp,other,Normal
15700,tcp,http,Normal
15701,tcp,private,DoS
15702,udp,domain_u,Normal
15703,tcp,other,Probe
15704,udp,domain_u,Normal
15705,tcp,http,Normal
15706,tcp,private,DoS
15707,tcp,http,Normal
15708,tcp,other,Probe
15709,tcp,http,Normal
15710,tcp,other,DoS
15711,tcp,http,Normal
15712,tcp,http,Normal
15713,tcp,smtp,Normal
15714,udp,other,Probe
15715,tcp,http,DoS
15716,tcp,http,Normal
15717,tcp,other,DoS
15718,tcp,other,Probe
15719,tcp,other,Probe
15720,tcp,other,Probe
15721,tcp,http,Normal
15722,tcp,smtp,Normal
15723,tcp,other,Normal
15724,udp,private,Normal
15725,tcp,telnet,Normal
15726,tcp,private,DoS
15727,tcp,http,Normal
15728,icmp,ecr_i,Probe
15729,tcp,http,Normal
15730,tcp,Z39_50,DoS
15731,tcp,other,DoS
15732,tcp,other,Probe
15733,tcp,http,Normal
15734,udp,domain_u,Normal
15735,tcp,private,DoS
15736,tcp,other,DoS
15737,tcp,other,DoS
15738,tcp,http,Normal
15739,tcp,smtp,Normal
15740,tcp,smtp,Normal
15741,tcp,other,DoS
15742,udp,private,Normal
15743,tcp,http,DoS
15744,tcp,http,Normal
15745,tcp,http,Normal
15746,icmp,ecr_i,DoS
15747,tcp,private,DoS
15748,tcp,http,Normal
15749,tcp,private,DoS
15750,tcp,other,Normal
15751,tcp,http,Normal
15752,tcp,smtp,Normal
15753,tcp,http,DoS
15754,tcp,other,Probe
15755,udp,private,DoS
15756,tcp,ftp_data,Normal
15757,tcp,private,DoS
15758,tcp,http,Normal
15759,tcp,other,DoS
15760,tcp,finger,DoS
15761,tcp,ftp,Normal
15762,udp,domain_u,Normal
15763,tcp,ftp_data,R2L
15764,tcp,other,Probe
15765,tcp,courier,DoS
15766,tcp,courier,DoS
15767,tcp,http,Normal
15768,tcp,other,DoS
15769,tcp,http,DoS
15770,tcp,private,DoS
15771,tcp,other,DoS
15772,icmp,ecr_i,DoS
15773,tcp,http,Normal
15774,tcp,ftp_data,DoS
15775,tcp,other,Normal
15776,tcp,http,Normal
15777,tcp,http,DoS
15778,tcp,ftp_data,Normal
15779,tcp,smtp,Normal
15780,tcp,ftp,Normal
15781,tcp,smtp,Normal
15782,tcp,other,Normal
15783,tcp,http,DoS
15784,tcp,http,Normal
15785,tcp,other,DoS
15786,tcp,http,DoS
15787,tcp,smtp,Normal
15788,tcp,other,Probe
15789,tcp,other,Normal
15790,udp,private,Normal
15791,tcp,private,DoS
15792,tcp,other,Probe
15793,tcp,smtp,Normal
15794,tcp,smtp,Normal
15795,tcp,other,Probe
15796,udp,other,Normal
15797,tcp,http,Normal
15798,tcp,http,DoS
15799,tcp,private,DoS
15800,tcp,private,DoS
15801,tcp,http,Normal
15802,tcp,http,Normal
15803,tcp,private,DoS
15804,udp,other,Normal
15805,tcp,other,DoS
15806,tcp,private,DoS
15807,tcp,other,DoS
15808,tcp,http,Normal
15809,tcp,other,Normal
15810,tcp,smtp,Normal
15811,tcp,private,DoS
15812,udp,private,Normal
15813,tcp,other,Probe
15814,tcp,http,Normal
15815,tcp,http,DoS
15816,tcp,http,Normal
15817,tcp,telnet,Normal
15818,tcp,private,DoS
15819,tcp,http,Normal
15820,tcp,http,Normal
15821,tcp,other,Probe
15822,tcp,ftp_data,R2L
15823,tcp,ftp_data,Normal
15824,tcp,telnet,Normal
15825,tcp,private,DoS
15826,tcp,other,DoS
15827,tcp,private,DoS
15828,tcp,http,Normal
15829,tcp,other,Normal
15830,tcp,http,Normal
15831,tcp,other,DoS
15832,udp,private,DoS
15833,tcp,ftp,Normal
15834,tcp,private,DoS
15835,udp,domain_u,Normal
15836,tcp,telnet,Normal
15837,tcp,http,Normal
15838,tcp,http,Normal
15839,tcp,http,Normal
15840,tcp,http,Normal
15841,icmp,eco_i,Probe
15842,tcp,private,DoS
15843,tcp,other,DoS
15844,tcp,http,Normal
15845,tcp,ftp,Normal
15846,tcp,telnet,Normal
15847,udp,private,Normal
15848,tcp,http,Normal
15849,tcp,http,Normal
15850,tcp,http,Normal
15851,tcp,other,Normal
15852,udp,private,DoS
15853,icmp,ecr_i,DoS
15854,tcp,other,DoS
15855,icmp,ecr_i,DoS
15856,udp,domain_u,Normal
15857,tcp,private,DoS
15858,udp,private,Probe
15859,udp,domain_u,Normal
15860,tcp,private,Probe
15861,tcp,ftp_data,Normal
15862,tcp,http,Normal
15863,tcp,http,Normal
15864,tcp,private,DoS
15865,tcp,other,DoS
15866,tcp,smtp,Normal
15867,tcp,smtp,Normal
15868,tcp,http,Normal
15869,tcp,http,Normal
15870,tcp,http,Normal
15871,tcp,ftp_data,R2L
15872,tcp,courier,DoS
15873,tcp,finger,DoS
15874,tcp,ftp,Normal
15875,tcp,http,Normal
15876,tcp,http,Normal
15877,tcp,http,Normal
15878,udp,private,Normal
15879,udp,private,DoS
15880,tcp,http,Normal
15881,tcp,ftp_data,Normal
15882,tcp,other,DoS
15883,tcp,http,Normal
15884,tcp,ftp,DoS
15885,tcp,http,Normal
15886,tcp,http,Normal
15887,tcp,http,DoS
15888,icmp,eco_i,Probe
15889,icmp,ecr_i,DoS
15890,udp,private,Normal
15891,tcp,http,Normal
15892,icmp,ecr_i,DoS
15893,udp,private,DoS
15894,tcp,private,DoS
15895,tcp,telnet,Normal
15896,tcp,http,Normal
15897,tcp,other,Normal
15898,tcp,ftp,Normal
15899,tcp,http,Normal
15900,tcp,other,Probe
15901,tcp,http,Normal
15902,tcp,other,Normal
15903,tcp,http,Normal
15904,tcp,private,DoS
15905,tcp,other,Probe
15906,tcp,http,Normal
15907,tcp,other,DoS
15908,tcp,telnet,Normal
15909,tcp,ftp_data,Normal
15910,tcp,courier,DoS
15911,tcp,telnet,Normal
15912,tcp,ftp_data,R2L
15913,tcp,ftp,Normal
15914,tcp,smtp,Normal
15915,tcp,smtp,Normal
15916,tcp,private,DoS
15917,tcp,http,Normal
15918,tcp,http,Normal
15919,tcp,other,Normal
15920,tcp,ftp,Normal
15921,tcp,http,Normal
15922,tcp,other,Probe
15923,tcp,other,Normal
15924,tcp,http,Normal
15925,tcp,http,Normal
15926,udp,private,Normal
15927,tcp,private,DoS
15928,tcp,other,DoS
15929,udp,private,Probe
15930,tcp,other,DoS
15931,icmp,ecr_i,DoS
15932,tcp,private,DoS
15933,tcp,http,Normal
15934,tcp,http,Normal
15935,tcp,private,Probe
15936,tcp,http,DoS
15937,udp,private,Normal
15938,udp,private,Normal
15939,tcp,http,Normal
15940,tcp,http,Normal
15941,tcp,telnet,Normal
15942,icmp,eco_i,Probe
15943,tcp,http,DoS
15944,udp,private,Normal
15945,tcp,other,Normal
15946,tcp,http,Normal
15947,tcp,private,DoS
15948,tcp,private,DoS
15949,tcp,other,Normal
15950,tcp,http,Normal
15951,tcp,other,DoS
15952,tcp,private,DoS
15953,tcp,http,Normal
15954,tcp,ftp,Normal
15955,tcp,http,Normal
15956,tcp,http,Normal
15957,tcp,private,DoS
15958,tcp,http,Normal
15959,tcp,http,Normal
15960,tcp,http,Normal
15961,tcp,http,Normal
15962,tcp,other,DoS
15963,udp,other,Normal
15964,tcp,http,Normal
15965,tcp,ftp_data,Normal
15966,tcp,http,Normal
15967,tcp,other,Probe
15968,tcp,private,Probe
15969,tcp,private,DoS
15970,tcp,telnet,Normal
15971,tcp,http,Normal
15972,tcp,telnet,Normal
15973,tcp,http,Normal
15974,tcp,telnet,Normal
15975,tcp,other,Normal
15976,tcp,telnet,Normal
15977,tcp,telnet,Normal
15978,tcp,ftp_data,Normal
15979,icmp,eco_i,Probe
15980,tcp,http,Normal
15981,udp,domain_u,Normal
15982,tcp,http,DoS
15983,tcp,telnet,Normal
15984,tcp,http,Normal
15985,tcp,ftp_data,R2L
15986,tcp,http,Normal
15987,udp,private,Normal
15988,tcp,http,Normal
15989,tcp,http,Normal
15990,tcp,private,DoS
15991,tcp,telnet,Normal
15992,tcp,private,DoS
15993,tcp,ftp_data,R2L
15994,tcp,http,Normal
15995,tcp,other,Normal
15996,tcp,other,Normal
15997,tcp,auth,DoS
15998,tcp,http,Normal
15999,tcp,other,Probe
16000,tcp,http,Normal
16001,tcp,http,Normal
16002,tcp,private,DoS
16003,udp,private,Normal
16004,tcp,http,Normal
16005,tcp,http,DoS
16006,tcp,http,Normal
16007,tcp,auth,DoS
16008,udp,private,Probe
16009,tcp,telnet,Normal
16010,tcp,private,DoS
16011,tcp,other,Normal
16012,tcp,private,DoS
16013,icmp,eco_i,Probe
16014,udp,private,Normal
16015,tcp,uucp,DoS
16016,tcp,bgp,DoS
16017,tcp,ftp,Normal
16018,tcp,private,DoS
16019,tcp,private,Probe
16020,tcp,http,Normal
16021,tcp,other,Probe
16022,tcp,http,Normal
16023,tcp,ftp_data,Normal
16024,tcp,private,DoS
16025,tcp,ftp,Normal
16026,tcp,http,Normal
16027,tcp,private,DoS
16028,tcp,http,Normal
16029,tcp,other,DoS
16030,tcp,private,DoS
16031,tcp,private,DoS
16032,tcp,private,DoS
16033,tcp,http,Normal
16034,tcp,http,Normal
16035,tcp,ftp_data,Normal
16036,tcp,private,DoS
16037,tcp,http,Normal
16038,tcp,http,Normal
16039,tcp,http,Normal
16040,tcp,telnet,DoS
16041,tcp,other,Normal
16042,tcp,smtp,Normal
16043,tcp,other,Probe
16044,tcp,http,Normal
16045,tcp,other,DoS
16046,udp,other,Normal
16047,tcp,other,DoS
16048,tcp,private,DoS
16049,tcp,http,Normal
16050,tcp,http,Normal
16051,tcp,smtp,Normal
16052,tcp,other,DoS
16053,udp,private,Normal
16054,tcp,http,DoS
16055,tcp,http,Normal
16056,tcp,private,DoS
16057,tcp,ftp_data,Normal
16058,tcp,ftp_data,R2L
16059,tcp,ftp_data,Normal
16060,tcp,http,Normal
16061,tcp,ftp,Normal
16062,tcp,private,DoS
16063,tcp,private,DoS
16064,tcp,ftp,Normal
16065,tcp,other,Normal
16066,udp,private,Normal
16067,tcp,http,Normal
16068,tcp,telnet,Normal
16069,tcp,http,Normal
16070,tcp,other,Normal
16071,tcp,http,Normal
16072,udp,domain_u,Normal
16073,tcp,ftp_data,Normal
16074,tcp,ftp_data,R2L
16075,tcp,private,DoS
16076,tcp,telnet,DoS
16077,tcp,private,DoS
16078,tcp,http,Normal
16079,tcp,other,Probe
16080,tcp,other,Probe
16081,tcp,other,Probe
16082,tcp,http,Normal
16083,tcp,http,Normal
16084,tcp,auth,Normal
16085,udp,private,Probe
16086,tcp,private,DoS
16087,tcp,http,Normal
16088,tcp,private,Probe
16089,tcp,other,Normal
16090,tcp,other,Normal
16091,tcp,http,Normal
16092,tcp,private,DoS
16093,tcp,private,DoS
16094,tcp,http,DoS
16095,tcp,smtp,Normal
16096,tcp,other,Normal
16097,tcp,private,DoS
16098,tcp,smtp,Normal
16099,udp,private,Normal
16100,tcp,private,DoS
16101,tcp,http,DoS
16102,tcp,other,DoS
16103,tcp,private,DoS
16104,tcp,other,Probe
16105,tcp,http,Normal
16106,tcp,other,DoS
16107,tcp,ftp_data,Normal
16108,tcp,other,Probe
16109,tcp,private,DoS
16110,tcp,http,Normal
16111,udp,private,Normal
16112,tcp,telnet,Normal
16113,tcp,smtp,Normal
16114,tcp,bgp,DoS
16115,tcp,http,Normal
16116,tcp,other,DoS
16117,tcp,http,Normal
16118,icmp,ecr_i,DoS
16119,tcp,http,Normal
16120,tcp,private,DoS
16121,tcp,other,Probe
16122,tcp,other,DoS
16123,tcp,http,Normal
16124,tcp,other,Probe
16125,tcp,private,Probe
16126,tcp,private,DoS
16127,tcp,http,Normal
16128,tcp,private,Probe
16129,tcp,http,Normal
16130,tcp,http,Normal
16131,tcp,http,Normal
16132,tcp,private,DoS
16133,tcp,http,Normal
16134,tcp,http,Normal
16135,tcp,private,DoS
16136,tcp,http,Normal
16137,tcp,http,Normal
16138,icmp,ecr_i,DoS
16139,tcp,finger,DoS
16140,tcp,other,DoS
16141,udp,private,Normal
16142,tcp,http,Normal
16143,tcp,http,Normal
16144,udp,domain_u,Normal
16145,tcp,http,Normal
16146,tcp,http,Normal
16147,udp,private,Normal
16148,tcp,ftp_data,Normal
16149,tcp,http,Normal
16150,tcp,other,Normal
16151,tcp,other,DoS
16152,tcp,http,Normal
16153,tcp,http,Normal
16154,tcp,http,Normal
16155,tcp,http,Normal
16156,tcp,private,DoS
16157,tcp,smtp,Normal
16158,tcp,other,Normal
16159,tcp,http,Normal
16160,tcp,ftp_data,Normal
16161,tcp,private,DoS
16162,udp,private,Normal
16163,tcp,http,Normal
16164,udp,domain_u,Normal
16165,tcp,telnet,DoS
16166,tcp,private,Probe
16167,tcp,http,Normal
16168,udp,domain_u,Normal
16169,udp,private,Normal
16170,tcp,private,Probe
16171,tcp,telnet,Normal
16172,tcp,telnet,Normal
16173,tcp,telnet,Normal
16174,tcp,http,Normal
16175,tcp,other,Probe
16176,tcp,telnet,Normal
16177,tcp,private,Probe
16178,udp,private,Probe
16179,tcp,ftp,Normal
16180,tcp,http,Normal
16181,tcp,http,Normal
16182,tcp,ftp_data,DoS
16183,tcp,http,Normal
16184,tcp,ftp_data,R2L
16185,tcp,private,DoS
16186,tcp,other,DoS
16187,tcp,uucp,DoS
16188,tcp,ftp,Normal
16189,udp,domain_u,Normal
16190,tcp,http,Normal
16191,tcp,ftp,Normal
16192,tcp,smtp,Normal
16193,tcp,telnet,Normal
16194,tcp,private,DoS
16195,tcp,http,Normal
16196,tcp,ftp_data,Normal
16197,tcp,http,Normal
16198,tcp,other,Probe
16199,tcp,http,Normal
16200,tcp,http,DoS
16201,tcp,other,Normal
16202,tcp,http,Normal
16203,tcp,other,Normal
16204,udp,other,Normal
16205,tcp,http,DoS
16206,udp,domain_u,Normal
16207,tcp,private,DoS
16208,tcp,ftp_data,R2L
16209,tcp,http,Normal
16210,udp,domain_u,Normal
16211,tcp,other,DoS
16212,tcp,http,Normal
16213,tcp,http,Normal
16214,tcp,other,Probe
16215,tcp,http,Normal
16216,tcp,telnet,Normal
16217,tcp,other,Probe
16218,tcp,private,DoS
16219,tcp,private,DoS
16220,tcp,telnet,Normal
16221,tcp,http,Normal
16222,udp,domain_u,Normal
16223,icmp,ecr_i,DoS
16224,icmp,ecr_i,DoS
16225,tcp,http,Normal
16226,tcp,http,Normal
16227,tcp,http,Normal
16228,tcp,other,Normal
16229,icmp,ecr_i,DoS
16230,tcp,other,Probe
16231,udp,domain_u,Normal
16232,icmp,ecr_i,DoS
16233,tcp,telnet,Normal
16234,tcp,other,DoS
16235,udp,private,Probe
16236,tcp,http,Normal
16237,tcp,other,Normal
16238,tcp,http,Normal
16239,udp,private,Normal
16240,tcp,http,Normal
16241,tcp,private,DoS
16242,tcp,http,Normal
16243,tcp,ftp_data,Normal
16244,tcp,finger,DoS
16245,tcp,other,DoS
16246,tcp,other,Normal
16247,udp,private,Probe
16248,tcp,http,Normal
16249,tcp,other,Normal
16250,udp,other,Normal
16251,tcp,http,Normal
16252,tcp,private,DoS
16253,tcp,private,DoS
16254,tcp,other,Probe
16255,tcp,smtp,Normal
16256,tcp,other,DoS
16257,tcp,ftp,Normal
16258,tcp,other,Probe
16259,tcp,other,DoS
16260,udp,other,Probe
16261,tcp,http,Normal
16262,tcp,private,DoS
16263,tcp,http,Normal
16264,tcp,ftp,Normal
16265,tcp,http,Normal
16266,tcp,private,DoS
16267,tcp,private,DoS
16268,tcp,private,DoS
16269,udp,domain_u,Normal
16270,tcp,http,DoS
16271,tcp,http,Normal
16272,tcp,telnet,Normal
16273,tcp,ftp,Normal
16274,tcp,other,DoS
16275,tcp,telnet,Normal
16276,tcp,smtp,Normal
16277,tcp,private,DoS
16278,tcp,http,Normal
16279,tcp,http,Normal
16280,tcp,http,Normal
16281,tcp,telnet,DoS
16282,tcp,other,Probe
16283,tcp,private,DoS
16284,tcp,http,Normal
16285,tcp,other,Probe
16286,tcp,telnet,Normal
16287,tcp,other,Probe
16288,tcp,http,Normal
16289,tcp,http,Normal
16290,icmp,eco_i,Probe
16291,tcp,private,DoS
16292,tcp,other,Normal
16293,tcp,http,Normal
16294,tcp,private,DoS
16295,udp,private,Normal
16296,tcp,http,Normal
16297,udp,private,Normal
16298,tcp,auth,DoS
16299,tcp,http,Normal
16300,icmp,ecr_i,DoS
16301,tcp,http,Normal
16302,udp,private,Normal
16303,tcp,telnet,Normal
16304,icmp,ecr_i,DoS
16305,udp,private,Normal
16306,tcp,http,Normal
16307,tcp,private,DoS
16308,udp,domain_u,Normal
16309,tcp,other,DoS
16310,tcp,http,Normal
16311,tcp,http,Normal
16312,udp,private,Normal
16313,udp,domain_u,Normal
16314,tcp,ftp,Normal
16315,tcp,private,Probe
16316,tcp,private,DoS
16317,tcp,http,Normal
16318,tcp,private,DoS
16319,tcp,private,DoS
16320,tcp,telnet,Normal
16321,icmp,eco_i,Probe
16322,tcp,private,DoS
16323,tcp,http,Normal
16324,tcp,other,DoS
16325,tcp,other,Normal
16326,tcp,other,Probe
16327,tcp,ftp_data,R2L
16328,tcp,telnet,Normal
16329,tcp,http,DoS
16330,tcp,smtp,Normal
16331,tcp,http,DoS
16332,tcp,http,Normal
16333,tcp,private,DoS
16334,tcp,other,DoS
16335,tcp,http,Probe
16336,udp,private,DoS
16337,tcp,telnet,Normal
16338,tcp,http,Normal
16339,tcp,http,DoS
16340,udp,private,Normal
16341,icmp,ecr_i,DoS
16342,tcp,telnet,DoS
16343,tcp,http,DoS
16344,tcp,private,DoS
16345,udp,private,DoS
16346,tcp,other,Normal
16347,tcp,http,DoS
16348,icmp,ecr_i,DoS
16349,tcp,other,DoS
16350,tcp,smtp,Normal
16351,tcp,private,Probe
16352,tcp,private,DoS
16353,udp,private,DoS
16354,tcp,other,DoS
16355,tcp,ftp_data,R2L
16356,tcp,ftp_data,Normal
16357,tcp,http,Normal
16358,udp,private,DoS
16359,tcp,http,Normal
16360,tcp,http,Normal
16361,udp,private,DoS
16362,tcp,private,DoS
16363,tcp,private,DoS
16364,tcp,smtp,Normal
16365,tcp,ftp_data,Normal
16366,tcp,other,Probe
16367,tcp,private,Probe
16368,udp,domain_u,Normal
16369,tcp,smtp,Normal
16370,tcp,telnet,Normal
16371,tcp,http,Normal
16372,tcp,telnet,Normal
16373,tcp,private,DoS
16374,tcp,http,Normal
16375,tcp,other,DoS
16376,udp,private,Probe
16377,tcp,http,DoS
16378,tcp,http,Normal
16379,tcp,telnet,Normal
16380,tcp,private,DoS
16381,tcp,iso_tsap,DoS
16382,tcp,http,Normal
16383,tcp,http,Normal
16384,tcp,http,Normal
16385,tcp,http,DoS
16386,tcp,other,Normal
16387,tcp,other,Probe
16388,tcp,http,Normal
16389,tcp,http,Normal
16390,tcp,other,Normal
16391,udp,private,DoS
16392,tcp,http,Normal
16393,tcp,private,DoS
16394,tcp,private,DoS
16395,icmp,ecr_i,DoS
16396,tcp,http,DoS
16397,tcp,private,DoS
16398,tcp,private,DoS
16399,tcp,http,DoS
16400,tcp,ftp,Normal
16401,udp,domain_u,Normal
16402,tcp,private,Probe
16403,tcp,private,DoS
16404,tcp,bgp,DoS
16405,tcp,http,Normal
16406,tcp,http,DoS
16407,tcp,ftp_data,Normal
16408,udp,domain_u,Normal
16409,tcp,private,DoS
16410,tcp,http,Normal
16411,tcp,http,Normal
16412,tcp,other,Probe
16413,tcp,private,Probe
16414,tcp,http,Normal
16415,tcp,http,Normal
16416,tcp,other,DoS
16417,tcp,private,Probe
16418,tcp,http,Normal
16419,tcp,http,Normal
16420,tcp,other,DoS
16421,tcp,other,Probe
16422,tcp,other,Probe
16423,tcp,telnet,DoS
16424,udp,private,Normal
16425,tcp,telnet,Normal
16426,tcp,http,Normal
16427,tcp,other,Normal
16428,tcp,telnet,Normal
16429,udp,private,Probe
16430,tcp,http,Normal
16431,tcp,smtp,Normal
16432,tcp,private,DoS
16433,udp,domain_u,Normal
16434,tcp,finger,DoS
16435,tcp,uucp,DoS
16436,tcp,telnet,Normal
16437,tcp,telnet,Normal
16438,tcp,http,Normal
16439,tcp,http,Normal
16440,tcp,smtp,Normal
16441,tcp,http,Normal
16442,udp,domain_u,Normal
16443,tcp,http,DoS
16444,tcp,private,DoS
16445,tcp,http,Normal
16446,tcp,http,Normal
16447,tcp,private,DoS
16448,udp,private,Probe
16449,tcp,other,Probe
16450,tcp,http,DoS
16451,tcp,http,Normal
16452,icmp,ecr_i,DoS
16453,tcp,private,Probe
16454,udp,private,Normal
16455,tcp,smtp,Normal
16456,tcp,http,Normal
16457,udp,private,Normal
16458,tcp,telnet,Normal
16459,tcp,telnet,Normal
16460,tcp,private,DoS
16461,tcp,http,Normal
16462,tcp,http,DoS
16463,tcp,http,Normal
16464,tcp,http,Normal
16465,tcp,ftp_data,R2L
16466,tcp,private,DoS
16467,icmp,ecr_i,DoS
16468,udp,domain_u,Normal
16469,icmp,eco_i,Probe
16470,tcp,http,DoS
16471,tcp,private,DoS
16472,udp,private,Normal
16473,udp,private,Normal
16474,udp,domain_u,Normal
16475,tcp,private,DoS
16476,tcp,http,Normal
16477,udp,domain_u,Normal
16478,tcp,other,Normal
16479,tcp,telnet,Normal
16480,tcp,http,Normal
16481,tcp,other,Normal
16482,tcp,other,DoS
16483,tcp,private,DoS
16484,tcp,ftp,Normal
16485,tcp,http,Normal
16486,tcp,ftp_data,DoS
16487,tcp,telnet,Normal
16488,udp,private,Normal
16489,tcp,http,DoS
16490,tcp,http,Normal
16491,tcp,telnet,Normal
16492,tcp,http,DoS
16493,tcp,http,Normal
16494,tcp,private,DoS
16495,tcp,other,Probe
16496,tcp,other,DoS
16497,tcp,private,DoS
16498,tcp,telnet,Normal
16499,udp,domain_u,Normal
16500,tcp,http,Normal
16501,tcp,http,Normal
16502,tcp,ftp,Normal
16503,tcp,http,Normal
16504,tcp,courier,DoS
16505,tcp,http,Normal
16506,icmp,ecr_i,DoS
16507,tcp,http,DoS
16508,udp,private,DoS
16509,udp,private,Normal
16510,tcp,private,DoS
16511,tcp,private,DoS
16512,tcp,telnet,Normal
16513,tcp,telnet,Normal
16514,tcp,telnet,Normal
16515,tcp,private,DoS
16516,tcp,http,Normal
16517,icmp,ecr_i,DoS
16518,udp,private,Normal
16519,udp,private,Probe
16520,tcp,http,Normal
16521,tcp,http,DoS
16522,tcp,other,DoS
16523,tcp,telnet,Normal
16524,tcp,http,Normal
16525,tcp,http,Normal
16526,tcp,other,Normal
16527,tcp,http,Normal
16528,tcp,other,Normal
16529,tcp,ftp_data,R2L
16530,tcp,http,Normal
16531,tcp,private,DoS
16532,tcp,other,Probe
16533,tcp,http,DoS
16534,tcp,other,Probe
16535,udp,private,Normal
16536,tcp,http,Normal
16537,tcp,http,Normal
16538,icmp,ecr_i,DoS
16539,tcp,http,Normal
16540,icmp,ecr_i,DoS
16541,tcp,http,DoS
16542,tcp,http,Normal
16543,tcp,ftp_data,Normal
16544,tcp,telnet,Normal
16545,tcp,http,Normal
16546,tcp,http,Normal
16547,udp,private,Normal
16548,tcp,private,DoS
16549,tcp,http,Normal
16550,tcp,http,Normal
16551,tcp,http,Normal
16552,tcp,other,DoS
16553,tcp,smtp,Normal
16554,icmp,ecr_i,DoS
16555,udp,private,Probe
16556,tcp,http,Normal
16557,tcp,http,Normal
16558,tcp,other,DoS
16559,tcp,smtp,Normal
16560,tcp,other,DoS
16561,udp,private,DoS
16562,tcp,http,Normal
16563,tcp,private,DoS
16564,udp,other,Normal
16565,tcp,smtp,Normal
16566,tcp,ftp_data,Normal
16567,tcp,private,Probe
16568,tcp,private,DoS
16569,tcp,http,Normal
16570,tcp,private,DoS
16571,icmp,ecr_i,DoS
16572,tcp,other,Probe
16573,tcp,http,Normal
16574,tcp,telnet,Normal
16575,tcp,private,Probe
16576,tcp,http,DoS
16577,tcp,other,DoS
16578,udp,domain_u,Normal
16579,udp,domain_u,Normal
16580,tcp,http,Normal
16581,tcp,finger,DoS
16582,tcp,other,Normal
16583,tcp,http,Normal
16584,tcp,http,DoS
16585,tcp,http,Normal
16586,tcp,telnet,Normal
16587,tcp,other,DoS
16588,tcp,other,Probe
16589,icmp,ecr_i,DoS
16590,udp,private,DoS
16591,tcp,http,Normal
16592,tcp,http,Normal
16593,udp,domain_u,Normal
16594,tcp,smtp,Normal
16595,tcp,http,Normal
16596,icmp,ecr_i,DoS
16597,tcp,telnet,Normal
16598,tcp,private,DoS
16599,tcp,ftp,Normal
16600,udp,private,DoS
16601,tcp,http,Normal
16602,tcp,http,Normal
16603,tcp,telnet,Normal
16604,tcp,other,DoS
16605,icmp,eco_i,Probe
16606,icmp,other,Normal
16607,icmp,ecr_i,Normal
16608,udp,domain_u,Normal
16609,tcp,private,DoS
16610,tcp,other,Probe
16611,tcp,telnet,Normal
16612,tcp,http,Normal
16613,tcp,private,Probe
16614,udp,domain_u,Normal
16615,tcp,smtp,Normal
16616,icmp,ecr_i,DoS
16617,tcp,telnet,DoS
16618,udp,private,Probe
16619,tcp,http,Normal
16620,udp,domain_u,Normal
16621,tcp,http,Normal
16622,udp,private,Probe
16623,tcp,http,Normal
16624,tcp,http,Normal
16625,tcp,ftp_data,R2L
16626,tcp,private,DoS
16627,icmp,ecr_i,Normal
16628,tcp,other,DoS
16629,tcp,http,Normal
16630,tcp,http,DoS
16631,tcp,private,DoS
16632,tcp,telnet,Normal
16633,tcp,http,Normal
16634,tcp,http,Normal
16635,tcp,http,DoS
16636,tcp,http,DoS
16637,tcp,http,DoS
16638,tcp,http,Normal
16639,tcp,other,Normal
16640,udp,domain_u,Normal
16641,udp,private,DoS
16642,tcp,private,DoS
16643,tcp,ftp_data,Normal
16644,tcp,http,Normal
16645,tcp,other,Normal
16646,tcp,other,Normal
16647,tcp,private,DoS
16648,tcp,telnet,Normal
16649,tcp,private,DoS
16650,tcp,smtp,Normal
16651,tcp,http,Normal
16652,tcp,http,Normal
16653,tcp,private,Probe
16654,tcp,ftp_data,DoS
16655,tcp,other,DoS
16656,tcp,ftp,Normal
16657,tcp,other,Probe
16658,tcp,courier,DoS
16659,tcp,uucp,DoS
16660,tcp,telnet,Normal
16661,udp,domain_u,Normal
16662,icmp,ecr_i,DoS
16663,tcp,http,Normal
16664,tcp,http,Normal
16665,tcp,other,DoS
16666,tcp,private,DoS
16667,tcp,private,DoS
16668,tcp,private,DoS
16669,icmp,eco_i,Normal
16670,tcp,http,Normal
16671,tcp,http,DoS
16672,udp,other,Normal
16673,tcp,smtp,Normal
16674,tcp,http,Normal
16675,tcp,http,Normal
16676,tcp,http,Normal
16677,tcp,ftp,DoS
16678,tcp,private,DoS
16679,tcp,telnet,Normal
16680,tcp,other,DoS
16681,tcp,other,Normal
16682,tcp,ftp_data,DoS
16683,tcp,http,Normal
16684,tcp,telnet,Normal
16685,tcp,other,Normal
16686,tcp,telnet,Normal
16687,udp,other,Normal
16688,tcp,smtp,Normal
16689,tcp,http,Normal
16690,tcp,http,Normal
16691,tcp,http,Normal
16692,tcp,http,Normal
16693,tcp,ftp,Normal
16694,udp,other,Normal
16695,tcp,private,DoS
16696,icmp,eco_i,Probe
16697,tcp,http,Normal
16698,icmp,ecr_i,DoS
16699,tcp,http,Normal
16700,tcp,private,DoS
16701,tcp,ftp,Normal
16702,tcp,private,DoS
16703,tcp,other,Normal
16704,udp,other,Normal
16705,tcp,http,Normal
16706,tcp,ftp_data,Normal
16707,tcp,other,Probe
16708,tcp,private,DoS
16709,tcp,http,Normal
16710,tcp,http,DoS
16711,tcp,http,Normal
16712,tcp,http,Normal
16713,tcp,time,DoS
16714,tcp,private,DoS
16715,tcp,http,Normal
16716,tcp,private,DoS
16717,tcp,other,DoS
16718,tcp,other,Probe
16719,tcp,private,DoS
16720,tcp,Z39_50,DoS
16721,tcp,private,DoS
16722,udp,domain_u,Normal
16723,tcp,http,Normal
16724,tcp,http,Normal
16725,tcp,http,Normal
16726,tcp,other,Probe
16727,tcp,smtp,Normal
16728,tcp,ftp,Normal
16729,tcp,http,Normal
16730,tcp,telnet,Probe
16731,tcp,other,Probe
16732,tcp,telnet,Normal
16733,tcp,http,Normal
16734,tcp,other,DoS
16735,tcp,private,DoS
16736,tcp,http,Normal
16737,tcp,telnet,Normal
16738,tcp,http,Normal
16739,udp,private,Probe
16740,tcp,other,Probe
16741,udp,private,Normal
16742,udp,domain_u,Normal
16743,tcp,http,Normal
16744,tcp,http,Normal
16745,tcp,http,Normal
16746,tcp,http,Normal
16747,icmp,eco_i,Normal
16748,udp,other,Normal
16749,tcp,ftp_data,Normal
16750,tcp,http,Normal
16751,tcp,http,Normal
16752,tcp,ftp,Normal
16753,tcp,other,Probe
16754,tcp,telnet,Normal
16755,tcp,http,Normal
16756,udp,private,Probe
16757,tcp,ftp_data,R2L
16758,udp,private,Normal
16759,tcp,http,Normal
16760,tcp,uucp_path,DoS
16761,udp,private,DoS
16762,udp,private,DoS
16763,tcp,http,DoS
16764,tcp,other,DoS
16765,tcp,http,Normal
16766,tcp,private,DoS
16767,udp,private,DoS
16768,tcp,smtp,Normal
16769,tcp,private,DoS
16770,udp,private,Normal
16771,udp,private,Probe
16772,tcp,ftp,Normal
16773,tcp,http,Normal
16774,tcp,other,DoS
16775,udp,domain_u,Normal
16776,tcp,telnet,Normal
16777,tcp,http,Normal
16778,udp,domain_u,Normal
16779,tcp,telnet,Normal
16780,tcp,http,Normal
16781,udp,domain_u,Normal
16782,tcp,other,Normal
16783,tcp,telnet,R2L
16784,tcp,finger,DoS
16785,tcp,http,Normal
16786,tcp,private,DoS
16787,tcp,http,Normal
16788,tcp,other,Normal
16789,tcp,private,DoS
16790,tcp,private,DoS
16791,udp,private,Probe
16792,tcp,http,Normal
16793,tcp,http,Normal
16794,tcp,http,Normal
16795,tcp,other,Normal
16796,tcp,other,DoS
16797,udp,private,DoS
16798,tcp,smtp,Normal
16799,tcp,other,Normal
16800,tcp,http,Normal
16801,tcp,other,DoS
16802,tcp,http,Normal
16803,tcp,http,Normal
16804,tcp,other,DoS
16805,tcp,http,Normal
16806,udp,private,Normal
16807,tcp,http,Normal
16808,tcp,other,DoS
16809,tcp,ftp_data,Normal
16810,tcp,other,DoS
16811,udp,domain_u,Normal
16812,icmp,ecr_i,DoS
16813,tcp,http,Normal
16814,tcp,ftp_data,R2L
16815,tcp,other,DoS
16816,tcp,private,DoS
16817,tcp,private,DoS
16818,tcp,http,Normal
16819,icmp,ecr_i,DoS
16820,tcp,telnet,Normal
16821,tcp,private,DoS
16822,tcp,smtp,Normal
16823,tcp,smtp,Normal
16824,tcp,other,Normal
16825,tcp,http,DoS
16826,tcp,telnet,Normal
16827,tcp,http,Normal
16828,tcp,private,DoS
16829,tcp,http,Normal
16830,tcp,ftp,Normal
16831,tcp,other,DoS
16832,tcp,other,DoS
16833,tcp,http,Normal
16834,tcp,other,Normal
16835,tcp,http,Normal
16836,tcp,private,Probe
16837,tcp,private,DoS
16838,tcp,Z39_50,DoS
16839,udp,domain_u,Normal
16840,tcp,telnet,Normal
16841,tcp,telnet,Normal
16842,tcp,http,DoS
16843,tcp,http,Normal
16844,tcp,http,Normal
16845,tcp,http,Normal
16846,tcp,telnet,Normal
16847,udp,private,Normal
16848,udp,private,Normal
16849,tcp,http,Normal
16850,tcp,http,Normal
16851,tcp,ftp_data,Normal
16852,tcp,http,Normal
16853,tcp,http,DoS
16854,tcp,other,Normal
16855,tcp,http,Normal
16856,tcp,http,Normal
16857,icmp,ecr_i,DoS
16858,tcp,http,Normal
16859,tcp,other,Probe
16860,tcp,http,Normal
16861,tcp,http,Normal
16862,tcp,telnet,Normal
16863,tcp,http,Normal
16864,tcp,other,Probe
16865,tcp,auth,DoS
16866,udp,private,Normal
16867,tcp,iso_tsap,DoS
16868,tcp,private,DoS
16869,tcp,private,DoS
16870,tcp,ftp_data,Normal
16871,tcp,other,Normal
16872,udp,domain_u,Normal
16873,tcp,http,Normal
16874,tcp,http,Normal
16875,icmp,ecr_i,DoS
16876,tcp,http,Normal
16877,tcp,telnet,Normal
16878,icmp,ecr_i,DoS
16879,tcp,http,Normal
16880,tcp,telnet,Normal
16881,udp,private,Probe
16882,tcp,ftp,Normal
16883,tcp,http,Normal
16884,tcp,http,Normal
16885,tcp,smtp,Normal
16886,udp,domain_u,Normal
16887,tcp,http,DoS
16888,tcp,http,DoS
16889,tcp,http,Normal
16890,icmp,ecr_i,Normal
16891,tcp,http,Normal
16892,tcp,telnet,Normal
16893,tcp,bgp,DoS
16894,tcp,other,DoS
16895,tcp,other,Normal
16896,tcp,http,Normal
16897,udp,domain_u,Normal
16898,icmp,eco_i,Probe
16899,tcp,http,DoS
16900,tcp,http,Normal
16901,tcp,whois,DoS
16902,tcp,ftp,Normal
16903,tcp,http,Normal
16904,udp,private,Probe
16905,tcp,other,Normal
16906,tcp,http,Normal
16907,tcp,other,DoS
16908,tcp,http,Normal
16909,tcp,http,Normal
16910,tcp,other,Probe
16911,udp,other,Probe
16912,tcp,telnet,Normal
16913,tcp,private,DoS
16914,udp,domain_u,Normal
16915,icmp,eco_i,Probe
16916,tcp,ftp,Normal
16917,tcp,http,Normal
16918,icmp,eco_i,Probe
16919,tcp,http,Normal
16920,tcp,ftp_data,Normal
16921,tcp,other,Probe
16922,tcp,smtp,Normal
16923,icmp,ecr_i,DoS
16924,tcp,http,Normal
16925,tcp,http,Normal
16926,tcp,http,Normal
16927,tcp,private,DoS
16928,tcp,private,DoS
16929,tcp,private,DoS
16930,tcp,telnet,Normal
16931,tcp,private,DoS
16932,tcp,private,DoS
16933,tcp,http,Normal
16934,tcp,telnet,Normal
16935,tcp,http,Normal
16936,tcp,private,DoS
16937,tcp,other,DoS
16938,tcp,private,Probe
16939,tcp,smtp,Normal
16940,tcp,http,Normal
16941,tcp,private,DoS
16942,icmp,ecr_i,DoS
16943,tcp,telnet,Normal
16944,tcp,http,Normal
16945,tcp,private,DoS
16946,tcp,other,Probe
16947,tcp,http,Normal
16948,tcp,http,Normal
16949,tcp,ftp,Normal
16950,tcp,http,DoS
16951,tcp,http,Normal
16952,udp,domain_u,Normal
16953,icmp,ecr_i,DoS
16954,tcp,http,Normal
16955,tcp,smtp,Normal
16956,tcp,telnet,Normal
16957,tcp,http,Normal
16958,tcp,private,DoS
16959,tcp,private,DoS
16960,tcp,other,Probe
16961,tcp,telnet,Normal
16962,tcp,http,Normal
16963,tcp,http,Normal
16964,tcp,other,Probe
16965,tcp,ftp_data,Normal
16966,tcp,private,DoS
16967,tcp,http,Normal
16968,udp,domain_u,Normal
16969,tcp,http,Normal
16970,tcp,http,Normal
16971,tcp,other,DoS
16972,tcp,http,Normal
16973,tcp,http,Normal
16974,tcp,ftp_data,R2L
16975,icmp,eco_i,Probe
16976,tcp,private,DoS
16977,icmp,ecr_i,DoS
16978,tcp,http,Normal
16979,tcp,http,Normal
16980,tcp,http,Normal
16981,tcp,other,DoS
16982,tcp,http,Normal
16983,udp,domain_u,Normal
16984,tcp,other,DoS
16985,udp,private,DoS
16986,tcp,http,Normal
16987,tcp,private,DoS
16988,tcp,http,Normal
16989,tcp,other,Probe
16990,tcp,http,Normal
16991,udp,private,DoS
16992,icmp,ecr_i,DoS
16993,tcp,http,Normal
16994,tcp,other,Probe
16995,tcp,private,DoS
16996,tcp,http,Normal
16997,udp,private,DoS
16998,tcp,other,DoS
16999,tcp,private,DoS
17000,tcp,other,DoS
17001,tcp,private,DoS
17002,tcp,private,Probe
17003,tcp,ftp_data,Normal
17004,udp,private,Normal
17005,tcp,private,DoS
17006,tcp,http,Normal
17007,icmp,eco_i,Probe
17008,tcp,http,Normal
17009,tcp,http,Normal
17010,tcp,http,Normal
17011,tcp,private,DoS
17012,tcp,http,Normal
17013,tcp,http,Normal
17014,tcp,other,Normal
17015,tcp,http,Normal
17016,udp,private,DoS
17017,tcp,http,Normal
17018,tcp,telnet,Normal
17019,tcp,http,Normal
17020,tcp,smtp,Normal
17021,tcp,private,DoS
17022,tcp,http,Normal
17023,icmp,ecr_i,DoS
17024,tcp,http,DoS
17025,icmp,ecr_i,DoS
17026,tcp,ftp_data,DoS
17027,tcp,http,Normal
17028,tcp,private,DoS
17029,udp,private,Normal
17030,tcp,http,Normal
17031,tcp,private,DoS
17032,tcp,http,Normal
17033,tcp,uucp,DoS
17034,tcp,ftp_data,R2L
17035,tcp,telnet,Normal
17036,tcp,telnet,Normal
17037,tcp,smtp,Normal
17038,tcp,http,Normal
17039,tcp,private,DoS
17040,icmp,ecr_i,DoS
17041,tcp,private,DoS
17042,tcp,http,DoS
17043,tcp,private,DoS
17044,tcp,ftp_data,Normal
17045,tcp,http,Normal
17046,tcp,private,DoS
17047,tcp,http,DoS
17048,icmp,ecr_i,DoS
17049,tcp,ftp,DoS
17050,tcp,other,DoS
17051,tcp,telnet,Normal
17052,tcp,http,Normal
17053,tcp,http,Normal
17054,tcp,private,DoS
17055,udp,domain_u,Normal
17056,tcp,other,DoS
17057,tcp,other,DoS
17058,udp,private,Normal
17059,udp,private,DoS
17060,tcp,smtp,Normal
17061,icmp,ecr_i,Normal
17062,tcp,ftp,Normal
17063,tcp,other,DoS
17064,tcp,http,Normal
17065,tcp,http,DoS
17066,tcp,http,Normal
17067,tcp,telnet,Normal
17068,tcp,Z39_50,DoS
17069,tcp,private,DoS
17070,tcp,private,DoS
17071,tcp,other,Normal
17072,tcp,http,Normal
17073,tcp,http,Normal
17074,tcp,http,Normal
17075,udp,private,DoS
17076,tcp,private,DoS
17077,tcp,http,Normal
17078,tcp,http,Normal
17079,tcp,other,Probe
17080,tcp,telnet,Normal
17081,tcp,uucp_path,DoS
17082,udp,domain_u,Normal
17083,tcp,http,Normal
17084,tcp,telnet,Normal
17085,tcp,http,Normal
17086,tcp,http,Normal
17087,tcp,http,DoS
17088,tcp,finger,Normal
17089,tcp,telnet,Normal
17090,tcp,other,Normal
17091,tcp,other,DoS
17092,tcp,other,Normal
17093,tcp,ftp,Normal
17094,tcp,other,Probe
17095,udp,private,Normal
17096,tcp,private,DoS
17097,udp,domain_u,Normal
17098,tcp,other,Probe
17099,tcp,other,Probe
17100,tcp,http,Normal
17101,udp,private,Normal
17102,tcp,http,Normal
17103,tcp,http,DoS
17104,tcp,smtp,Normal
17105,tcp,private,DoS
17106,tcp,ftp,Normal
17107,udp,other,Normal
17108,tcp,http,Normal
17109,tcp,telnet,Normal
17110,tcp,http,Normal
17111,tcp,private,DoS
17112,tcp,other,Normal
17113,udp,domain_u,Normal
17114,tcp,http,Normal
17115,tcp,other,Normal
17116,tcp,http,Normal
17117,tcp,http,Normal
17118,tcp,http,Normal
17119,tcp,other,Probe
17120,tcp,http,Normal
17121,udp,private,DoS
17122,icmp,ecr_i,DoS
17123,tcp,http,Normal
17124,tcp,telnet,Normal
17125,tcp,http,Normal
17126,tcp,http,Normal
17127,tcp,smtp,Normal
17128,tcp,http,Normal
17129,tcp,other,DoS
17130,tcp,http,Normal
17131,tcp,other,Normal
17132,udp,private,DoS
17133,tcp,http,Normal
17134,tcp,private,DoS
17135,tcp,smtp,Normal
17136,tcp,private,DoS
17137,udp,private,Normal
17138,tcp,telnet,Normal
17139,tcp,http,Normal
17140,tcp,telnet,Normal
17141,tcp,http,Normal
17142,tcp,ftp,Normal
17143,tcp,ftp_data,Normal
17144,icmp,eco_i,Probe
17145,udp,private,Normal
17146,tcp,http,Normal
17147,tcp,smtp,Normal
17148,tcp,http,Normal
17149,tcp,http,Normal
17150,icmp,eco_i,Probe
17151,tcp,private,DoS
17152,tcp,private,DoS
17153,tcp,telnet,Normal
17154,icmp,ecr_i,DoS
17155,tcp,http,Normal
17156,tcp,http,Normal
17157,udp,private,DoS
17158,tcp,http,Normal
17159,tcp,telnet,Normal
17160,tcp,other,DoS
17161,tcp,other,DoS
17162,tcp,http,Normal
17163,tcp,http,Normal
17164,tcp,http,DoS
17165,tcp,private,DoS
17166,tcp,other,Probe
17167,tcp,other,DoS
17168,tcp,other,Normal
17169,tcp,http,Normal
17170,tcp,http,Normal
17171,tcp,other,Probe
17172,tcp,http,Normal
17173,tcp,other,Normal
17174,udp,private,Normal
17175,tcp,http,DoS
17176,tcp,http,Normal
17177,tcp,other,Normal
17178,udp,private,Normal
17179,tcp,ftp_data,Normal
17180,tcp,http,DoS
17181,tcp,other,Normal
17182,tcp,http,Normal
17183,tcp,private,DoS
17184,tcp,telnet,Normal
17185,tcp,telnet,Normal
17186,udp,domain_u,Normal
17187,udp,other,Normal
17188,tcp,http,DoS
17189,udp,private,Normal
17190,tcp,private,DoS
17191,tcp,http,Normal
17192,tcp,private,DoS
17193,tcp,other,DoS
17194,tcp,smtp,Normal
17195,udp,private,Probe
17196,icmp,eco_i,Probe
17197,tcp,telnet,Normal
17198,tcp,private,DoS
17199,tcp,auth,DoS
17200,tcp,ftp_data,R2L
17201,tcp,telnet,Normal
17202,tcp,private,DoS
17203,tcp,finger,DoS
17204,udp,other,Probe
17205,tcp,auth,DoS
17206,tcp,other,DoS
17207,tcp,http,DoS
17208,tcp,ftp,Normal
17209,tcp,http,Normal
17210,tcp,ftp_data,Normal
17211,udp,domain_u,Normal
17212,icmp,eco_i,Probe
17213,tcp,http,Normal
17214,udp,domain_u,Normal
17215,tcp,Z39_50,DoS
17216,tcp,private,DoS
17217,tcp,smtp,Normal
17218,tcp,http,DoS
17219,tcp,private,DoS
17220,tcp,http,Normal
17221,tcp,telnet,Normal
17222,tcp,http,Normal
17223,tcp,uucp,DoS
17224,tcp,http,Normal
17225,tcp,http,Normal
17226,tcp,http,Normal
17227,tcp,private,DoS
17228,tcp,http,Normal
17229,tcp,http,Normal
17230,tcp,telnet,Normal
17231,udp,domain_u,Normal
17232,tcp,http,Normal
17233,tcp,private,DoS
17234,tcp,private,DoS
17235,tcp,other,DoS
17236,tcp,http,Normal
17237,tcp,http,Normal
17238,tcp,http,Normal
17239,tcp,http,Normal
17240,tcp,private,DoS
17241,udp,private,Normal
17242,tcp,ftp_data,Normal
17243,tcp,http,Normal
17244,tcp,finger,DoS
17245,tcp,http,Normal
17246,tcp,telnet,Normal
17247,tcp,http,Normal
17248,tcp,courier,DoS
17249,tcp,private,DoS
17250,tcp,smtp,Normal
17251,tcp,other,Probe
17252,tcp,http,Normal
17253,tcp,telnet,Normal
17254,tcp,http,Normal
17255,tcp,http,Normal
17256,tcp,ftp,Normal
17257,tcp,http,Normal
17258,udp,domain_u,Normal
17259,tcp,private,DoS
17260,tcp,telnet,Normal
17261,udp,private,DoS
17262,tcp,ftp,Normal
17263,tcp,http,Normal
17264,tcp,private,DoS
17265,tcp,private,DoS
17266,tcp,http,Normal
17267,udp,private,Probe
17268,udp,private,Normal
17269,tcp,http,Normal
17270,tcp,ftp_data,Normal
17271,tcp,smtp,Normal
17272,udp,private,Normal
17273,tcp,ftp_data,R2L
17274,tcp,other,Normal
17275,tcp,smtp,DoS
17276,tcp,other,DoS
17277,tcp,telnet,Normal
17278,tcp,http,Normal
17279,tcp,other,Normal
17280,udp,private,DoS
17281,tcp,ftp,Normal
17282,tcp,other,Normal
17283,tcp,http,Normal
17284,udp,private,DoS
17285,tcp,private,DoS
17286,tcp,http,Normal
17287,icmp,eco_i,Normal
17288,tcp,http,Normal
17289,tcp,telnet,Normal
17290,tcp,http,DoS
17291,tcp,telnet,Normal
17292,tcp,ftp,Normal
17293,udp,domain_u,Normal
17294,tcp,http,Normal
17295,tcp,http,Normal
17296,tcp,smtp,Normal
17297,tcp,http,Normal
17298,tcp,ftp,Normal
17299,tcp,http,Normal
17300,tcp,http,Normal
17301,tcp,http,Normal
17302,icmp,eco_i,Probe
17303,tcp,http,Normal
17304,tcp,http,Normal
17305,tcp,private,DoS
17306,tcp,http,Normal
17307,udp,other,Normal
17308,tcp,http,Normal
17309,tcp,http,Normal
17310,tcp,other,Normal
17311,tcp,http,DoS
17312,tcp,private,DoS
17313,tcp,http,Normal
17314,tcp,smtp,Normal
17315,udp,other,Probe
17316,udp,domain_u,Normal
17317,tcp,other,Probe
17318,tcp,smtp,Normal
17319,tcp,http,Normal
17320,udp,domain_u,Normal
17321,tcp,http,DoS
17322,udp,domain_u,Normal
17323,tcp,telnet,DoS
17324,tcp,http,Normal
17325,tcp,telnet,DoS
17326,tcp,http,Normal
17327,tcp,http,DoS
17328,udp,other,Normal
17329,icmp,ecr_i,DoS
17330,tcp,http,Normal
17331,tcp,private,DoS
17332,icmp,eco_i,Probe
17333,tcp,smtp,Normal
17334,tcp,telnet,Normal
17335,tcp,http,DoS
17336,tcp,private,DoS
17337,tcp,http,Normal
17338,tcp,http,Normal
17339,udp,other,Normal
17340,tcp,private,DoS
17341,tcp,private,DoS
17342,tcp,private,DoS
17343,udp,domain_u,Normal
17344,tcp,http,DoS
17345,tcp,http,DoS
17346,tcp,http,Normal
17347,tcp,http,Normal
17348,udp,private,Normal
17349,tcp,http,DoS
17350,tcp,http,DoS
17351,tcp,http,DoS
17352,icmp,ecr_i,DoS
17353,tcp,http,DoS
17354,icmp,eco_i,Probe
17355,udp,private,Normal
17356,tcp,other,Normal
17357,tcp,http,Normal
17358,tcp,ftp,DoS
17359,tcp,ftp_data,R2L
17360,tcp,telnet,Normal
17361,tcp,bgp,DoS
17362,tcp,http,Normal
17363,tcp,Z39_50,DoS
17364,tcp,telnet,DoS
17365,tcp,http,Normal
17366,tcp,private,DoS
17367,tcp,http,Normal
17368,tcp,http,Normal
17369,tcp,telnet,Normal
17370,tcp,private,DoS
17371,tcp,private,DoS
17372,tcp,other,Normal
17373,tcp,smtp,Normal
17374,tcp,private,DoS
17375,tcp,http,Normal
17376,tcp,uucp,DoS
17377,tcp,http,Normal
17378,udp,private,Normal
17379,tcp,http,Normal
17380,tcp,private,DoS
17381,udp,domain_u,Normal
17382,tcp,http,Normal
17383,tcp,http,Normal
17384,tcp,other,Normal
17385,tcp,http,Normal
17386,tcp,http,Normal
17387,tcp,http,Normal
17388,tcp,http,Normal
17389,tcp,private,Probe
17390,icmp,ecr_i,DoS
17391,tcp,private,DoS
17392,tcp,http,Normal
17393,udp,private,Probe
17394,tcp,http,Normal
17395,tcp,http,Normal
17396,tcp,http,Normal
17397,tcp,http,Normal
17398,tcp,http,Normal
17399,udp,other,Probe
17400,tcp,http,Normal
17401,tcp,http,Normal
17402,tcp,telnet,Normal
17403,tcp,http,Normal
17404,tcp,http,Normal
17405,tcp,http,Normal
17406,tcp,telnet,Normal
17407,tcp,other,DoS
17408,tcp,http,Normal
17409,tcp,http,Normal
17410,icmp,eco_i,Probe
17411,tcp,http,Normal
17412,tcp,other,Probe
17413,tcp,ftp_data,R2L
17414,tcp,other,DoS
17415,udp,private,Probe
17416,tcp,private,DoS
17417,udp,domain_u,Normal
17418,tcp,telnet,DoS
17419,tcp,http,Normal
17420,tcp,http,Normal
17421,udp,private,Normal
17422,tcp,private,DoS
17423,icmp,eco_i,Probe
17424,tcp,http,Normal
17425,tcp,http,Normal
17426,tcp,telnet,Normal
17427,udp,private,Normal
17428,tcp,http,Normal
17429,tcp,http,Normal
17430,icmp,eco_i,Probe
17431,tcp,http,Normal
17432,tcp,private,DoS
17433,tcp,smtp,Normal
17434,tcp,http,Normal
17435,tcp,private,DoS
17436,udp,private,Normal
17437,tcp,other,Probe
17438,tcp,private,DoS
17439,tcp,private,DoS
17440,tcp,http,Normal
17441,tcp,http,Normal
17442,tcp,smtp,Normal
17443,tcp,smtp,Normal
17444,tcp,other,Normal
17445,tcp,ftp_data,DoS
17446,udp,private,DoS
17447,tcp,http,Normal
17448,tcp,telnet,Normal
17449,tcp,http,Normal
17450,udp,private,Probe
17451,tcp,private,DoS
17452,tcp,http,DoS
17453,tcp,private,DoS
17454,tcp,other,Probe
17455,tcp,private,DoS
17456,tcp,private,DoS
17457,udp,private,DoS
17458,tcp,http,DoS
17459,tcp,private,DoS
17460,tcp,http,Normal
17461,tcp,http,Normal
17462,tcp,other,DoS
17463,udp,private,Normal
17464,tcp,ftp,Normal
17465,tcp,http,Normal
17466,tcp,private,DoS
17467,tcp,http,Normal
17468,tcp,private,DoS
17469,tcp,other,DoS
17470,tcp,http,Normal
17471,tcp,http,Normal
17472,udp,domain_u,Normal
17473,tcp,http,Normal
17474,tcp,Z39_50,DoS
17475,tcp,http,Normal
17476,tcp,http,Normal
17477,tcp,http,Normal
17478,tcp,other,DoS
17479,udp,private,DoS
17480,tcp,other,Normal
17481,tcp,telnet,Normal
17482,udp,private,Normal
17483,tcp,http,Normal
17484,tcp,other,Probe
17485,udp,other,Normal
17486,tcp,smtp,Normal
17487,tcp,other,DoS
17488,tcp,http,Normal
17489,tcp,private,DoS
17490,udp,domain_u,Normal
17491,tcp,telnet,Normal
17492,tcp,http,Normal
17493,udp,private,Probe
17494,tcp,http,Normal
17495,udp,private,Probe
17496,udp,private,Normal
17497,tcp,http,Normal
17498,tcp,smtp,Normal
17499,tcp,other,DoS
17500,tcp,other,DoS
17501,tcp,ftp,Normal
17502,tcp,private,DoS
17503,icmp,ecr_i,DoS
17504,tcp,http,DoS
17505,tcp,private,DoS
17506,tcp,other,Normal
17507,tcp,http,Normal
17508,icmp,eco_i,Probe
17509,tcp,smtp,Normal
17510,tcp,http,Normal
17511,icmp,ecr_i,DoS
17512,tcp,other,Normal
17513,tcp,private,DoS
17514,tcp,private,DoS
17515,tcp,http,Normal
17516,tcp,ftp,Normal
17517,tcp,ftp_data,Probe
17518,tcp,http,Normal
17519,tcp,private,DoS
17520,tcp,time,DoS
17521,tcp,http,Normal
17522,tcp,private,DoS
17523,tcp,http,Normal
17524,udp,private,Normal
17525,udp,private,Probe
17526,tcp,other,Normal
17527,tcp,http,Normal
17528,tcp,ftp_data,Normal
17529,udp,private,Normal
17530,tcp,private,DoS
17531,udp,private,Normal
17532,tcp,other,Probe
17533,tcp,private,DoS
17534,udp,domain_u,Normal
17535,icmp,ecr_i,DoS
17536,tcp,smtp,Normal
17537,tcp,smtp,Normal
17538,udp,private,DoS
17539,tcp,telnet,Normal
17540,tcp,smtp,Normal
17541,tcp,http,Probe
17542,udp,domain_u,Normal
17543,udp,private,Normal
17544,tcp,http,Normal
17545,udp,other,Probe
17546,udp,private,DoS
17547,tcp,http,Normal
17548,tcp,http,Normal
17549,tcp,http,Normal
17550,udp,private,Normal
17551,tcp,http,Normal
17552,tcp,http,Normal
17553,tcp,telnet,Normal
17554,tcp,other,Probe
17555,tcp,other,Normal
17556,tcp,ftp,Normal
17557,tcp,http,Normal
17558,udp,domain_u,Normal
17559,tcp,http,Normal
17560,tcp,other,DoS
17561,udp,private,Normal
17562,tcp,http,Normal
17563,tcp,http,Normal
17564,tcp,http,Normal
17565,udp,private,Normal
17566,tcp,http,DoS
17567,tcp,telnet,U2R
17568,tcp,http,Normal
17569,tcp,private,DoS
17570,tcp,iso_tsap,DoS
17571,tcp,http,Normal
17572,tcp,smtp,Normal
17573,tcp,ftp_data,DoS
17574,tcp,private,Probe
17575,tcp,other,Normal
17576,tcp,http,Normal
17577,tcp,telnet,DoS
17578,tcp,http,DoS
17579,udp,private,Normal
17580,tcp,private,DoS
17581,tcp,time,Normal
17582,udp,private,Normal
17583,tcp,http,Normal
17584,tcp,private,DoS
17585,udp,private,Normal
17586,tcp,private,DoS
17587,tcp,http,Normal
17588,tcp,http,Normal
17589,tcp,http,DoS
17590,udp,domain_u,Normal
17591,tcp,http,Normal
17592,udp,domain_u,Normal
17593,tcp,telnet,Normal
17594,udp,domain_u,Normal
17595,tcp,other,DoS
17596,tcp,private,DoS
17597,tcp,smtp,Normal
17598,tcp,http,Normal
17599,tcp,whois,DoS
17600,tcp,other,Normal
17601,tcp,http,Normal
17602,tcp,http,Normal
17603,tcp,other,DoS
17604,tcp,ftp_data,Normal
17605,icmp,eco_i,Probe
17606,tcp,http,Normal
17607,tcp,http,Normal
17608,tcp,http,DoS
17609,tcp,private,DoS
17610,tcp,http,Normal
17611,tcp,http,Normal
17612,tcp,other,Probe
17613,tcp,other,Probe
17614,tcp,smtp,Normal
17615,tcp,other,DoS
17616,tcp,smtp,Normal
17617,tcp,telnet,Normal
17618,tcp,private,DoS
17619,tcp,other,Normal
17620,tcp,smtp,Normal
17621,tcp,private,DoS
17622,tcp,other,DoS
17623,tcp,other,DoS
17624,udp,private,DoS
17625,tcp,telnet,Normal
17626,tcp,http,Normal
17627,tcp,private,DoS
17628,tcp,other,DoS
17629,tcp,other,DoS
17630,tcp,http,Normal
17631,udp,domain_u,Normal
17632,tcp,http,Normal
17633,tcp,private,DoS
17634,udp,private,Normal
17635,tcp,http,Normal
17636,tcp,private,DoS
17637,tcp,http,Normal
17638,tcp,private,DoS
17639,tcp,http,Normal
17640,tcp,other,Probe
17641,tcp,http,DoS
17642,tcp,http,Normal
17643,tcp,private,DoS
17644,tcp,other,Probe
17645,tcp,finger,Normal
17646,tcp,ftp,Normal
17647,tcp,private,DoS
17648,udp,domain_u,Normal
17649,udp,private,Normal
17650,tcp,other,Probe
17651,tcp,finger,DoS
17652,tcp,http,Normal
17653,tcp,telnet,Normal
17654,tcp,private,DoS
17655,tcp,telnet,Normal
17656,tcp,http,Normal
17657,tcp,private,DoS
17658,tcp,http,DoS
17659,udp,private,Normal
17660,tcp,other,DoS
17661,tcp,http,Normal
17662,udp,private,Normal
17663,icmp,ecr_i,DoS
17664,tcp,private,DoS
17665,tcp,http,Normal
17666,tcp,private,DoS
17667,tcp,private,DoS
17668,tcp,http,Normal
17669,tcp,private,DoS
17670,tcp,private,DoS
17671,tcp,http,Normal
17672,tcp,http,DoS
17673,icmp,ecr_i,DoS
17674,tcp,other,Normal
17675,tcp,other,Normal
17676,tcp,smtp,Normal
17677,tcp,private,Probe
17678,tcp,private,DoS
17679,tcp,private,DoS
17680,icmp,ecr_i,Normal
17681,tcp,other,DoS
17682,tcp,other,Probe
17683,tcp,http,Normal
17684,tcp,ftp,Normal
17685,tcp,http,Normal
17686,tcp,other,Normal
17687,tcp,http,DoS
17688,tcp,http,Normal
17689,tcp,http,Normal
17690,tcp,http,Normal
17691,icmp,eco_i,Probe
17692,tcp,http,DoS
17693,tcp,telnet,Normal
17694,icmp,ecr_i,DoS
17695,tcp,http,Normal
17696,udp,private,Normal
17697,tcp,http,Normal
17698,tcp,other,Probe
17699,tcp,http,Normal
17700,tcp,http,Normal
17701,tcp,other,DoS
17702,tcp,http,Normal
17703,tcp,other,Probe
17704,tcp,http,DoS
17705,udp,private,Probe
17706,tcp,private,DoS
17707,tcp,http,DoS
17708,tcp,ftp,Normal
17709,tcp,telnet,Normal
17710,tcp,http,Normal
17711,tcp,http,Normal
17712,tcp,private,DoS
17713,tcp,http,Normal
17714,tcp,ftp_data,R2L
17715,tcp,ftp_data,R2L
17716,tcp,other,Normal
17717,tcp,http,Normal
17718,tcp,ftp_data,Normal
17719,tcp,other,DoS
17720,tcp,http,Normal
17721,icmp,ecr_i,DoS
17722,tcp,ftp,Normal
17723,tcp,other,Normal
17724,tcp,http,Normal
17725,tcp,private,DoS
17726,tcp,smtp,Normal
17727,tcp,smtp,Normal
17728,tcp,http,Normal
17729,tcp,other,DoS
17730,tcp,http,Normal
17731,udp,private,Normal
17732,tcp,private,DoS
17733,tcp,ftp,Normal
17734,tcp,telnet,Normal
17735,tcp,http,DoS
17736,tcp,http,Normal
17737,udp,domain_u,Normal
17738,tcp,http,Normal
17739,udp,domain_u,Normal
17740,tcp,telnet,Normal
17741,tcp,http,Normal
17742,udp,private,Normal
17743,tcp,telnet,DoS
17744,tcp,http,Normal
17745,tcp,http,Normal
17746,tcp,telnet,DoS
17747,icmp,ecr_i,DoS
17748,tcp,http,Normal
17749,tcp,http,DoS
17750,udp,private,Probe
17751,tcp,private,DoS
17752,tcp,time,DoS
17753,tcp,private,DoS
17754,tcp,smtp,Normal
17755,tcp,http,Normal
17756,tcp,ftp_data,R2L
17757,tcp,private,DoS
17758,tcp,private,DoS
17759,udp,domain_u,Normal
17760,tcp,http,Normal
17761,tcp,telnet,Normal
17762,tcp,http,Normal
17763,tcp,http,Normal
17764,tcp,other,Normal
17765,tcp,private,DoS
17766,tcp,finger,DoS
17767,tcp,private,Probe
17768,tcp,telnet,Normal
17769,tcp,other,Normal
17770,tcp,other,Normal
17771,tcp,http,Normal
17772,tcp,smtp,Normal
17773,udp,domain_u,Normal
17774,tcp,other,Normal
17775,tcp,http,Normal
17776,tcp,http,Normal
17777,udp,domain_u,Normal
17778,tcp,http,Normal
17779,tcp,other,Normal
17780,tcp,http,Normal
17781,tcp,http,Normal
17782,tcp,http,Normal
17783,tcp,http,Normal
17784,tcp,private,DoS
17785,tcp,http,Normal
17786,tcp,http,Normal
17787,tcp,http,DoS
17788,tcp,private,Probe
17789,tcp,other,DoS
17790,tcp,private,DoS
17791,tcp,private,DoS
17792,tcp,http,Normal
17793,tcp,private,DoS
17794,tcp,http,DoS
17795,tcp,private,DoS
17796,tcp,private,Probe
17797,tcp,private,DoS
17798,tcp,http,Normal
17799,tcp,private,DoS
17800,tcp,http,Normal
17801,tcp,other,DoS
17802,tcp,private,DoS
17803,tcp,http,Normal
17804,udp,private,DoS
17805,tcp,private,DoS
17806,tcp,smtp,Normal
17807,udp,domain_u,Normal
17808,tcp,Z39_50,DoS
17809,tcp,http,Normal
17810,tcp,http,Normal
17811,tcp,http,Normal
17812,tcp,telnet,Normal
17813,tcp,ftp,Normal
17814,tcp,http,Normal
17815,tcp,other,DoS
17816,udp,private,Probe
17817,tcp,private,DoS
17818,tcp,private,DoS
17819,udp,domain_u,Normal
17820,tcp,ftp_data,Normal
17821,tcp,other,Probe
17822,tcp,http,Normal
17823,udp,private,Normal
17824,tcp,telnet,Normal
17825,tcp,ftp_data,Normal
17826,icmp,ecr_i,DoS
17827,tcp,http,Normal
17828,tcp,smtp,Normal
17829,tcp,ftp,Normal
17830,tcp,http,DoS
17831,tcp,http,Normal
17832,tcp,http,Normal
17833,udp,domain_u,Normal
17834,tcp,http,Normal
17835,tcp,http,Normal
17836,tcp,http,Normal
17837,tcp,http,Normal
17838,tcp,http,Normal
17839,tcp,http,Normal
17840,tcp,http,Normal
17841,tcp,private,DoS
17842,tcp,private,DoS
17843,tcp,telnet,Normal
17844,tcp,other,DoS
17845,tcp,other,Probe
17846,tcp,http,DoS
17847,tcp,http,Normal
17848,tcp,private,DoS
17849,tcp,http,Normal
17850,tcp,telnet,Normal
17851,tcp,ftp_data,Normal
17852,tcp,http,Normal
17853,udp,private,Normal
17854,tcp,http,Normal
17855,tcp,ftp_data,Normal
17856,tcp,ftp,Normal
17857,tcp,telnet,Normal
17858,tcp,http,Normal
17859,icmp,eco_i,Probe
17860,tcp,private,DoS
17861,tcp,smtp,Normal
17862,tcp,http,Normal
17863,tcp,http,Normal
17864,tcp,private,DoS
17865,tcp,other,DoS
17866,icmp,ecr_i,DoS
17867,icmp,eco_i,Probe
17868,tcp,http,Normal
17869,tcp,http,Normal
17870,tcp,other,DoS
17871,tcp,private,Probe
17872,tcp,http,Normal
17873,tcp,http,Normal
17874,tcp,other,Probe
17875,icmp,ecr_i,DoS
17876,tcp,other,Normal
17877,tcp,private,DoS
17878,udp,private,Normal
17879,tcp,http,Normal
17880,tcp,other,Normal
17881,tcp,http,Normal
17882,tcp,http,DoS
17883,udp,other,Normal
17884,tcp,http,Normal
17885,tcp,http,Normal
17886,tcp,other,Normal
17887,tcp,http,Normal
17888,tcp,private,DoS
17889,tcp,private,DoS
17890,tcp,telnet,DoS
17891,udp,private,Normal
17892,tcp,private,DoS
17893,tcp,other,Probe
17894,tcp,uucp_path,DoS
17895,tcp,http,Normal
17896,tcp,private,DoS
17897,udp,private,Normal
17898,tcp,http,Normal
17899,tcp,http,Normal
17900,tcp,other,DoS
17901,tcp,other,Normal
17902,tcp,other,DoS
17903,icmp,ecr_i,DoS
17904,tcp,private,DoS
17905,tcp,http,Normal
17906,udp,domain_u,Normal
17907,tcp,http,Normal
17908,tcp,http,Normal
17909,tcp,http,Normal
17910,tcp,http,Normal
17911,tcp,other,Normal
17912,tcp,http,DoS
17913,tcp,private,DoS
17914,tcp,smtp,Normal
17915,tcp,ftp_data,R2L
17916,tcp,private,DoS
17917,tcp,telnet,Normal
17918,icmp,eco_i,Probe
17919,tcp,other,Normal
17920,tcp,other,DoS
17921,icmp,ecr_i,DoS
17922,tcp,finger,DoS
17923,tcp,ftp,Normal
17924,tcp,http,Normal
17925,udp,private,Normal
17926,tcp,other,Normal
17927,tcp,private,DoS
17928,tcp,http,Normal
17929,tcp,other,Probe
17930,tcp,http,Normal
17931,tcp,http,DoS
17932,tcp,http,DoS
17933,tcp,http,Normal
17934,tcp,ftp_data,R2L
17935,tcp,smtp,Normal
17936,tcp,http,DoS
17937,tcp,other,Probe
17938,tcp,whois,DoS
17939,tcp,other,DoS
17940,icmp,eco_i,Probe
17941,udp,private,Normal
17942,tcp,other,Probe
17943,tcp,http,Normal
17944,tcp,http,Normal
17945,udp,domain_u,Normal
17946,tcp,smtp,Normal
17947,tcp,private,DoS
17948,tcp,http,Normal
17949,tcp,http,Normal
17950,tcp,other,DoS
17951,tcp,http,Normal
17952,tcp,private,DoS
17953,tcp,http,Normal
17954,tcp,http,Normal
17955,tcp,http,DoS
17956,tcp,private,Probe
17957,tcp,http,Normal
17958,tcp,private,DoS
17959,tcp,other,Probe
17960,udp,private,Normal
17961,tcp,telnet,Normal
17962,tcp,other,Normal
17963,tcp,private,DoS
17964,tcp,http,Normal
17965,tcp,http,Normal
17966,tcp,ftp_data,DoS
17967,tcp,other,Probe
17968,tcp,private,DoS
17969,tcp,http,Normal
17970,tcp,other,Normal
17971,tcp,ftp_data,Normal
17972,tcp,http,Normal
17973,icmp,eco_i,Normal
17974,udp,private,Probe
17975,tcp,http,Normal
17976,tcp,private,DoS
17977,tcp,uucp_path,DoS
17978,udp,domain_u,Normal
17979,udp,private,Normal
17980,tcp,other,DoS
17981,icmp,ecr_i,DoS
17982,tcp,ftp,Normal
17983,udp,private,Probe
17984,tcp,http,Normal
17985,tcp,telnet,Normal
17986,tcp,private,DoS
17987,udp,private,DoS
17988,tcp,smtp,Normal
17989,tcp,http,Normal
17990,tcp,http,Normal
17991,tcp,private,DoS
17992,tcp,http,DoS
17993,tcp,other,Probe
17994,tcp,http,Normal
17995,tcp,private,DoS
17996,tcp,private,DoS
17997,udp,private,Normal
17998,tcp,smtp,Normal
17999,tcp,telnet,Normal
18000,tcp,private,DoS
18001,tcp,http,Normal
18002,tcp,http,Normal
18003,tcp,http,Normal
18004,icmp,other,Normal
18005,tcp,other,Normal
18006,icmp,ecr_i,DoS
18007,tcp,ftp,Normal
18008,tcp,http,DoS
18009,tcp,http,Normal
18010,tcp,telnet,Normal
18011,tcp,other,Probe
18012,tcp,http,Normal
18013,tcp,http,Normal
18014,tcp,private,DoS
18015,tcp,http,Normal
18016,tcp,private,DoS
18017,tcp,http,Normal
18018,tcp,http,Normal
18019,tcp,http,DoS
18020,udp,private,Normal
18021,tcp,http,Normal
18022,tcp,telnet,Normal
18023,tcp,other,Normal
18024,tcp,http,DoS
18025,udp,private,Normal
18026,tcp,other,Normal
18027,tcp,other,DoS
18028,tcp,ftp_data,R2L
18029,icmp,ecr_i,DoS
18030,tcp,smtp,Normal
18031,tcp,telnet,Normal
18032,icmp,ecr_i,DoS
18033,udp,private,DoS
18034,tcp,telnet,Normal
18035,udp,domain_u,Normal
18036,tcp,other,Probe
18037,tcp,http,DoS
18038,tcp,http,Normal
18039,tcp,telnet,Normal
18040,tcp,http,Normal
18041,tcp,http,Normal
18042,tcp,private,DoS
18043,tcp,private,DoS
18044,tcp,ftp,Normal
18045,tcp,telnet,Normal
18046,tcp,private,DoS
18047,tcp,http,Normal
18048,tcp,private,DoS
18049,tcp,private,Probe
18050,tcp,http,Normal
18051,tcp,ftp_data,Normal
18052,tcp,http,Normal
18053,tcp,http,Normal
18054,tcp,private,DoS
18055,udp,domain_u,Normal
18056,tcp,telnet,Normal
18057,tcp,smtp,Normal
18058,tcp,private,DoS
18059,tcp,private,Probe
18060,tcp,http,Normal
18061,tcp,ftp,Normal
18062,icmp,ecr_i,DoS
18063,tcp,http,Normal
18064,tcp,http,DoS
18065,tcp,http,Normal
18066,tcp,http,Normal
18067,tcp,smtp,Normal
18068,tcp,http,DoS
18069,tcp,smtp,DoS
18070,udp,private,Normal
18071,tcp,http,DoS
18072,tcp,http,Normal
18073,tcp,http,Normal
18074,tcp,private,DoS
18075,icmp,other,Normal
18076,tcp,http,Normal
18077,tcp,http,Normal
18078,tcp,http,Normal
18079,icmp,eco_i,Probe
18080,tcp,http,Normal
18081,tcp,http,Normal
18082,tcp,http,Normal
18083,tcp,http,Normal
18084,tcp,smtp,Normal
18085,tcp,private,DoS
18086,tcp,http,Normal
18087,tcp,private,DoS
18088,tcp,http,DoS
18089,tcp,http,Normal
18090,udp,domain_u,Normal
18091,tcp,private,DoS
18092,tcp,http,Normal
18093,tcp,iso_tsap,Probe
18094,tcp,http,Normal
18095,tcp,other,Probe
18096,tcp,http,Normal
18097,tcp,other,DoS
18098,tcp,other,DoS
18099,tcp,private,Probe
18100,udp,domain_u,Normal
18101,tcp,http,Normal
18102,tcp,http,Normal
18103,udp,other,Normal
18104,tcp,ftp_data,Normal
18105,tcp,smtp,Normal
18106,udp,private,Normal
18107,tcp,http,Normal
18108,tcp,http,Normal
18109,tcp,http,Normal
18110,tcp,telnet,Normal
18111,tcp,http,Normal
18112,icmp,eco_i,Probe
18113,tcp,http,Normal
18114,tcp,http,Normal
18115,tcp,private,DoS
18116,tcp,private,DoS
18117,tcp,http,Normal
18118,tcp,http,Normal
18119,tcp,smtp,Normal
18120,tcp,smtp,Normal
18121,udp,domain_u,Normal
18122,tcp,http,DoS
18123,tcp,ftp,Normal
18124,tcp,telnet,Normal
18125,tcp,private,DoS
18126,tcp,other,Normal
18127,tcp,other,DoS
18128,udp,domain_u,Normal
18129,udp,domain_u,Normal
18130,tcp,http,Normal
18131,tcp,http,Normal
18132,tcp,http,Normal
18133,tcp,private,DoS
18134,tcp,telnet,Normal
18135,tcp,private,DoS
18136,tcp,http,DoS
18137,tcp,http,Normal
18138,icmp,ecr_i,DoS
18139,udp,private,Normal
18140,tcp,other,DoS
18141,tcp,http,Normal
18142,tcp,other,Normal
18143,tcp,smtp,Normal
18144,tcp,http,Normal
18145,tcp,http,Normal
18146,tcp,http,Normal
18147,tcp,telnet,Normal
18148,tcp,telnet,DoS
18149,tcp,http,Normal
18150,tcp,telnet,Normal
18151,tcp,private,DoS
18152,tcp,http,Normal
18153,tcp,http,Normal
18154,tcp,http,Normal
18155,tcp,private,DoS
18156,tcp,http,DoS
18157,tcp,telnet,Normal
18158,tcp,telnet,Normal
18159,tcp,uucp_path,DoS
18160,tcp,private,DoS
18161,tcp,http,Probe
18162,udp,private,Normal
18163,tcp,http,Normal
18164,tcp,other,Probe
18165,tcp,private,DoS
18166,tcp,other,Probe
18167,udp,domain_u,Normal
18168,tcp,other,Normal
18169,tcp,other,DoS
18170,tcp,ftp_data,Normal
18171,tcp,http,Normal
18172,tcp,http,Normal
18173,udp,private,Normal
18174,tcp,http,Normal
18175,tcp,private,DoS
18176,tcp,http,Normal
18177,tcp,http,Normal
18178,tcp,http,Normal
18179,tcp,other,DoS
18180,tcp,http,Normal
18181,tcp,other,Probe
18182,tcp,other,Normal
18183,tcp,private,DoS
18184,tcp,private,Probe
18185,tcp,private,DoS
18186,tcp,other,Normal
18187,icmp,eco_i,Probe
18188,tcp,http,DoS
18189,tcp,http,Normal
18190,tcp,http,Normal
18191,udp,domain_u,Normal
18192,tcp,other,DoS
18193,tcp,ftp,Normal
18194,tcp,private,DoS
18195,tcp,telnet,Normal
18196,tcp,http,Normal
18197,tcp,http,Normal
18198,tcp,telnet,Normal
18199,tcp,http,Normal
18200,tcp,telnet,Normal
18201,tcp,finger,DoS
18202,tcp,http,Normal
18203,tcp,private,DoS
18204,tcp,http,Normal
18205,tcp,other,DoS
18206,udp,domain_u,Normal
18207,tcp,other,Normal
18208,tcp,private,DoS
18209,tcp,http,Normal
18210,tcp,private,DoS
18211,udp,private,DoS
18212,tcp,other,Probe
18213,icmp,ecr_i,DoS
18214,tcp,private,DoS
18215,tcp,http,DoS
18216,tcp,finger,DoS
18217,tcp,http,Normal
18218,tcp,ftp,Normal
18219,tcp,other,Normal
18220,tcp,http,Normal
18221,tcp,private,Probe
18222,tcp,http,Normal
18223,tcp,ftp,Normal
18224,tcp,telnet,U2R
18225,tcp,http,Normal
18226,tcp,other,Normal
18227,tcp,telnet,Normal
18228,tcp,private,Probe
18229,tcp,http,Normal
18230,tcp,http,Normal
18231,tcp,other,Normal
18232,tcp,other,Probe
18233,tcp,other,Normal
18234,tcp,ftp_data,Normal
18235,tcp,http,Normal
18236,tcp,other,DoS
18237,tcp,other,Normal
18238,tcp,http,Normal
18239,tcp,http,Normal
18240,tcp,http,DoS
18241,tcp,smtp,Normal
18242,tcp,http,Normal
18243,tcp,http,Normal
18244,tcp,private,DoS
18245,tcp,other,DoS
18246,tcp,http,Normal
18247,tcp,ftp,DoS
18248,tcp,http,DoS
18249,tcp,http,Normal
18250,tcp,private,DoS
18251,udp,private,Normal
18252,tcp,http,Normal
18253,tcp,http,DoS
18254,tcp,http,Normal
18255,tcp,ftp,Normal
18256,tcp,http,Normal
18257,tcp,private,Probe
18258,tcp,ftp,Normal
18259,tcp,http,Normal
18260,tcp,private,Probe
18261,tcp,http,DoS
18262,tcp,private,DoS
18263,icmp,ecr_i,DoS
18264,tcp,telnet,Normal
18265,tcp,private,DoS
18266,tcp,other,DoS
18267,tcp,http,Normal
18268,tcp,smtp,Normal
18269,tcp,ftp_data,R2L
18270,icmp,ecr_i,DoS
18271,udp,domain_u,Normal
18272,tcp,http,Normal
18273,tcp,http,Normal
18274,icmp,ecr_i,DoS
18275,tcp,http,Normal
18276,tcp,ftp,Normal
18277,tcp,other,DoS
18278,udp,private,DoS
18279,tcp,http,Normal
18280,tcp,http,Normal
18281,tcp,private,DoS
18282,tcp,smtp,Normal
18283,tcp,telnet,Normal
18284,tcp,private,DoS
18285,tcp,private,DoS
18286,tcp,http,Normal
18287,tcp,http,Normal
18288,tcp,other,Normal
18289,tcp,private,DoS
18290,udp,private,Normal
18291,tcp,http,Normal
18292,tcp,http,Normal
18293,tcp,telnet,Normal
18294,tcp,telnet,Normal
18295,tcp,other,DoS
18296,tcp,http,Normal
18297,tcp,http,Normal
18298,tcp,http,DoS
18299,tcp,http,Normal
18300,udp,private,Normal
18301,tcp,http,Normal
18302,udp,other,Normal
18303,tcp,http,Normal
18304,udp,domain_u,Normal
18305,udp,domain_u,Normal
18306,tcp,ftp_data,Normal
18307,tcp,ftp,Normal
18308,tcp,http,Normal
18309,tcp,courier,DoS
18310,tcp,other,Normal
18311,tcp,other,Normal
18312,tcp,other,Normal
18313,tcp,telnet,Normal
18314,tcp,ftp_data,R2L
18315,udp,private,Normal
18316,udp,domain_u,Normal
18317,tcp,telnet,Normal
18318,tcp,private,DoS
18319,udp,other,Probe
18320,tcp,http,Normal
18321,tcp,http,Normal
18322,tcp,http,Normal
18323,tcp,telnet,Normal
18324,tcp,http,Normal
18325,tcp,telnet,Normal
18326,tcp,private,DoS
18327,tcp,private,DoS
18328,tcp,http,Normal
18329,udp,private,Probe
18330,tcp,http,DoS
18331,tcp,telnet,Normal
18332,tcp,private,DoS
18333,tcp,other,DoS
18334,tcp,other,DoS
18335,icmp,ecr_i,DoS
18336,tcp,private,DoS
18337,tcp,http,Normal
18338,tcp,http,Normal
18339,udp,private,Normal
18340,tcp,other,Probe
18341,tcp,http,Normal
18342,tcp,http,Normal
18343,udp,domain_u,Normal
18344,udp,private,Normal
18345,udp,private,DoS
18346,tcp,http,DoS
18347,tcp,private,DoS
18348,tcp,http,Normal
18349,icmp,ecr_i,DoS
18350,tcp,http,DoS
18351,tcp,ftp_data,Normal
18352,icmp,ecr_i,DoS
18353,tcp,http,Normal
18354,tcp,private,DoS
18355,tcp,http,Normal
18356,tcp,http,Normal
18357,udp,domain_u,Normal
18358,tcp,telnet,DoS
18359,tcp,other,DoS
18360,icmp,eco_i,Probe
18361,tcp,other,Probe
18362,tcp,http,Normal
18363,tcp,auth,Probe
18364,tcp,http,Normal
18365,tcp,http,Normal
18366,tcp,http,Normal
18367,tcp,http,Normal
18368,tcp,private,DoS
18369,udp,private,DoS
18370,tcp,ftp_data,R2L
18371,tcp,http,Normal
18372,tcp,http,Normal
18373,tcp,smtp,Normal
18374,tcp,other,DoS
18375,tcp,telnet,Normal
18376,tcp,Z39_50,DoS
18377,tcp,smtp,Normal
18378,tcp,telnet,Normal
18379,tcp,telnet,Normal
18380,tcp,private,Probe
18381,tcp,http,Normal
18382,tcp,private,DoS
18383,tcp,private,DoS
18384,tcp,other,Probe
18385,tcp,http,Normal
18386,icmp,ecr_i,DoS
18387,udp,private,DoS
18388,tcp,other,DoS
18389,udp,private,DoS
18390,tcp,other,DoS
18391,udp,domain_u,Normal
18392,tcp,ftp,Normal
18393,tcp,private,DoS
18394,tcp,private,DoS
18395,tcp,other,DoS
18396,tcp,other,Probe
18397,tcp,http,Normal
18398,tcp,http,Normal
18399,tcp,http,Normal
18400,udp,private,Normal
18401,tcp,http,Normal
18402,tcp,smtp,Normal
18403,tcp,http,Normal
18404,udp,private,Normal
18405,tcp,private,DoS
18406,tcp,http,Normal
18407,tcp,private,DoS
18408,icmp,ecr_i,DoS
18409,tcp,telnet,Normal
18410,tcp,other,Normal
18411,tcp,other,Normal
18412,tcp,ftp,Normal
18413,tcp,http,DoS
18414,tcp,http,Normal
18415,udp,private,Normal
18416,tcp,other,Normal
18417,tcp,other,Normal
18418,tcp,http,Normal
18419,udp,domain_u,Normal
18420,icmp,eco_i,Normal
18421,tcp,http,Normal
18422,tcp,smtp,Normal
18423,tcp,http,Normal
18424,udp,private,Normal
18425,tcp,http,Normal
18426,tcp,ftp,Normal
18427,tcp,http,Normal
18428,udp,private,Normal
18429,tcp,private,DoS
18430,tcp,http,Normal
18431,udp,private,Probe
18432,tcp,http,Normal
18433,tcp,other,Probe
18434,tcp,smtp,Normal
18435,tcp,http,Normal
18436,udp,domain_u,Normal
18437,tcp,private,DoS
18438,tcp,private,Probe
18439,tcp,ftp_data,Normal
18440,tcp,private,Probe
18441,tcp,http,Normal
18442,tcp,http,Normal
18443,tcp,ftp_data,Normal
18444,udp,private,Normal
18445,tcp,http,Normal
18446,tcp,http,Normal
18447,tcp,other,Normal
18448,tcp,private,DoS
18449,tcp,auth,DoS
18450,tcp,http,Normal
18451,tcp,private,Probe
18452,tcp,http,Normal
18453,tcp,ftp_data,R2L
18454,tcp,private,DoS
18455,tcp,http,Normal
18456,tcp,private,DoS
18457,tcp,http,Normal
18458,udp,domain_u,Normal
18459,udp,private,DoS
18460,tcp,other,Probe
18461,tcp,ftp_data,R2L
18462,tcp,smtp,Normal
18463,tcp,http,Normal
18464,tcp,ftp,Normal
18465,tcp,smtp,Normal
18466,tcp,other,Probe
18467,tcp,http,Normal
18468,tcp,smtp,Normal
18469,tcp,telnet,Normal
18470,tcp,ftp,Normal
18471,tcp,private,DoS
18472,tcp,http,DoS
18473,udp,domain_u,Normal
18474,tcp,private,DoS
18475,tcp,other,Normal
18476,tcp,private,DoS
18477,tcp,http,Normal
18478,icmp,ecr_i,DoS
18479,tcp,http,Normal
18480,udp,private,Probe
18481,tcp,other,Normal
18482,tcp,http,Normal
18483,tcp,http,DoS
18484,tcp,other,Probe
18485,tcp,http,Normal
18486,tcp,http,DoS
18487,tcp,other,Probe
18488,tcp,ftp,Normal
18489,tcp,http,Normal
18490,tcp,private,DoS
18491,tcp,telnet,Normal
18492,tcp,private,DoS
18493,tcp,telnet,Normal
18494,tcp,http,Normal
18495,tcp,http,Normal
18496,tcp,http,Normal
18497,udp,private,Normal
18498,tcp,private,DoS
18499,tcp,private,Probe
18500,tcp,telnet,Normal
18501,tcp,ftp_data,Normal
18502,tcp,telnet,Normal
18503,tcp,http,Normal
18504,tcp,private,DoS
18505,udp,domain_u,Normal
18506,tcp,private,DoS
18507,udp,private,DoS
18508,udp,private,DoS
18509,udp,other,Normal
18510,udp,domain_u,Normal
18511,tcp,private,DoS
18512,tcp,http,Normal
18513,udp,private,DoS
18514,tcp,ftp_data,Normal
18515,udp,other,Probe
18516,icmp,ecr_i,DoS
18517,tcp,http,Normal
18518,tcp,ftp_data,Normal
18519,tcp,http,DoS
18520,tcp,http,Normal
18521,tcp,other,Normal
18522,tcp,http,Normal
18523,udp,domain_u,Normal
18524,tcp,smtp,Normal
18525,tcp,http,Normal
18526,tcp,http,Normal
18527,tcp,http,Normal
18528,tcp,telnet,Normal
18529,tcp,http,Normal
18530,tcp,finger,DoS
18531,tcp,private,DoS
18532,tcp,ftp,Normal
18533,tcp,http,DoS
18534,tcp,http,Normal
18535,tcp,private,DoS
18536,tcp,other,DoS
18537,tcp,telnet,Normal
18538,tcp,private,Probe
18539,tcp,private,DoS
18540,tcp,telnet,Normal
18541,tcp,ftp_data,R2L
18542,udp,other,Normal
18543,tcp,telnet,Normal
18544,tcp,http,Normal
18545,tcp,http,Normal
18546,udp,domain_u,Normal
18547,tcp,private,DoS
18548,tcp,private,DoS
18549,tcp,http,Normal
18550,tcp,other,Normal
18551,tcp,http,DoS
18552,tcp,time,DoS
18553,tcp,other,Normal
18554,tcp,private,DoS
18555,tcp,http,Normal
18556,tcp,other,Probe
18557,tcp,http,Normal
18558,tcp,telnet,Normal
18559,tcp,telnet,DoS
18560,tcp,http,DoS
18561,tcp,http,Normal
18562,udp,domain_u,Normal
18563,tcp,private,Probe
18564,tcp,Z39_50,DoS
18565,tcp,private,DoS
18566,tcp,whois,DoS
18567,tcp,http,Normal
18568,tcp,private,DoS
18569,tcp,ftp,Normal
18570,tcp,ftp_data,Normal
18571,udp,private,DoS
18572,tcp,private,DoS
18573,tcp,http,Normal
18574,tcp,other,DoS
18575,tcp,http,Normal
18576,tcp,http,DoS
18577,tcp,http,Normal
18578,tcp,http,Normal
18579,tcp,http,Normal
18580,tcp,http,Normal
18581,tcp,other,DoS
18582,tcp,smtp,Normal
18583,tcp,other,DoS
18584,icmp,eco_i,Probe
18585,tcp,other,DoS
18586,tcp,smtp,Normal
18587,udp,private,Normal
18588,tcp,http,Normal
18589,tcp,http,Normal
18590,tcp,http,Normal
18591,tcp,Z39_50,DoS
18592,udp,private,Normal
18593,udp,domain_u,Normal
18594,tcp,http,Normal
18595,tcp,ftp_data,Normal
18596,tcp,http,Normal
18597,tcp,other,Normal
18598,tcp,private,DoS
18599,icmp,ecr_i,DoS
18600,tcp,http,Normal
18601,tcp,http,Normal
18602,tcp,http,Normal
18603,tcp,other,Probe
18604,tcp,finger,DoS
18605,tcp,http,Normal
18606,tcp,http,Normal
18607,tcp,http,DoS
18608,tcp,http,Normal
18609,udp,private,DoS
18610,tcp,ftp,Normal
18611,tcp,http,Normal
18612,udp,other,Normal
18613,tcp,http,Normal
18614,tcp,private,DoS
18615,tcp,http,Normal
18616,tcp,http,Normal
18617,tcp,private,DoS
18618,tcp,other,Normal
18619,tcp,http,DoS
18620,tcp,telnet,Normal
18621,icmp,eco_i,Probe
18622,tcp,private,DoS
18623,tcp,http,Normal
18624,udp,private,Normal
18625,tcp,ftp_data,Normal
18626,tcp,other,Normal
18627,tcp,other,Normal
18628,tcp,http,Normal
18629,tcp,other,Normal
18630,tcp,private,DoS
18631,udp,domain_u,Normal
18632,tcp,http,Normal
18633,tcp,http,Normal
18634,tcp,ftp_data,R2L
18635,tcp,private,DoS
18636,tcp,http,Normal
18637,tcp,other,Probe
18638,tcp,http,Normal
18639,tcp,http,Normal
18640,tcp,telnet,Normal
18641,tcp,http,Normal
18642,tcp,http,DoS
18643,tcp,http,Normal
18644,tcp,http,Normal
18645,tcp,ftp,Normal
18646,tcp,http,Normal
18647,tcp,http,Normal
18648,udp,private,Probe
18649,tcp,http,Normal
18650,icmp,ecr_i,DoS
18651,tcp,http,DoS
18652,tcp,http,Normal
18653,tcp,other,Normal
18654,tcp,http,Normal
18655,tcp,other,Probe
18656,icmp,eco_i,Normal
18657,tcp,private,DoS
18658,udp,private,Normal
18659,udp,private,Normal
18660,tcp,http,Normal
18661,udp,private,Normal
18662,tcp,http,Normal
18663,tcp,other,DoS
18664,udp,private,Normal
18665,tcp,other,Probe
18666,tcp,other,Probe
18667,tcp,smtp,Normal
18668,tcp,http,Normal
18669,tcp,other,Normal
18670,tcp,http,Normal
18671,udp,domain_u,Normal
18672,icmp,ecr_i,DoS
18673,tcp,http,Normal
18674,tcp,http,Normal
18675,tcp,http,Normal
18676,tcp,other,Probe
18677,tcp,http,Normal
18678,tcp,http,Normal
18679,tcp,other,DoS
18680,tcp,http,Normal
18681,tcp,bgp,DoS
18682,tcp,ftp,Normal
18683,tcp,http,Normal
18684,udp,private,Normal
18685,tcp,private,DoS
18686,tcp,other,Normal
18687,tcp,private,DoS
18688,tcp,http,Normal
18689,tcp,smtp,Normal
18690,tcp,telnet,Normal
18691,tcp,http,Normal
18692,tcp,http,Normal
18693,tcp,telnet,Normal
18694,udp,domain_u,Normal
18695,tcp,private,Probe
18696,tcp,http,Normal
18697,tcp,ftp_data,Normal
18698,udp,domain_u,Normal
18699,tcp,telnet,Normal
18700,tcp,private,DoS
18701,tcp,http,Normal
18702,udp,domain_u,Normal
18703,tcp,smtp,Normal
18704,tcp,smtp,Probe
18705,tcp,other,DoS
18706,tcp,private,DoS
18707,tcp,other,Probe
18708,tcp,http,Normal
18709,icmp,ecr_i,DoS
18710,udp,private,DoS
18711,tcp,http,Normal
18712,udp,domain_u,Normal
18713,tcp,http,DoS
18714,tcp,other,DoS
18715,tcp,http,Normal
18716,udp,private,Normal
18717,tcp,other,DoS
18718,tcp,http,Normal
18719,tcp,private,DoS
18720,udp,domain_u,Normal
18721,tcp,other,Probe
18722,tcp,http,Normal
18723,udp,domain_u,Normal
18724,udp,domain_u,Normal
18725,tcp,smtp,Normal
18726,tcp,private,DoS
18727,tcp,private,DoS
18728,tcp,private,DoS
18729,tcp,private,Probe
18730,tcp,private,DoS
18731,udp,domain_u,Normal
18732,tcp,private,DoS
18733,tcp,private,DoS
18734,udp,domain_u,Normal
18735,udp,domain_u,Normal
18736,tcp,ftp,Normal
18737,tcp,other,Normal
18738,icmp,ecr_i,DoS
18739,tcp,smtp,Normal
18740,udp,private,DoS
18741,tcp,private,DoS
18742,udp,private,Normal
18743,tcp,other,DoS
18744,tcp,telnet,Normal
18745,tcp,telnet,Normal
18746,udp,private,Normal
18747,tcp,smtp,Normal
18748,icmp,eco_i,Probe
18749,tcp,http,Normal
18750,tcp,http,Normal
18751,tcp,smtp,Normal
18752,tcp,ftp_data,Normal
18753,tcp,http,Normal
18754,tcp,ftp_data,R2L
18755,tcp,http,DoS
18756,tcp,http,Normal
18757,tcp,finger,DoS
18758,icmp,ecr_i,DoS
18759,tcp,other,DoS
18760,tcp,iso_tsap,DoS
18761,udp,private,Normal
18762,tcp,private,DoS
18763,tcp,ftp_data,R2L
18764,tcp,telnet,Normal
18765,udp,private,DoS
18766,udp,private,Probe
18767,tcp,http,Normal
18768,tcp,other,Probe
18769,tcp,http,Normal
18770,tcp,private,DoS
18771,tcp,telnet,Normal
18772,tcp,other,Probe
18773,tcp,http,Normal
18774,udp,private,DoS
18775,tcp,uucp,DoS
18776,tcp,smtp,Normal
18777,tcp,http,Normal
18778,icmp,ecr_i,DoS
18779,udp,domain_u,Normal
18780,tcp,http,Normal
18781,tcp,other,Probe
18782,udp,private,Probe
18783,tcp,http,Normal
18784,udp,private,Probe
18785,tcp,other,DoS
18786,tcp,other,DoS
18787,tcp,whois,DoS
18788,tcp,private,DoS
18789,tcp,other,Probe
18790,tcp,http,Normal
18791,tcp,http,DoS
18792,tcp,telnet,Normal
18793,tcp,uucp,DoS
18794,tcp,telnet,Normal
18795,tcp,http,Normal
18796,tcp,other,Normal
18797,tcp,time,DoS
18798,tcp,http,DoS
18799,tcp,http,Normal
18800,icmp,eco_i,Probe
18801,tcp,http,Normal
18802,udp,domain_u,Normal
18803,tcp,http,Normal
18804,tcp,http,Normal
18805,tcp,telnet,Normal
18806,tcp,private,DoS
18807,tcp,uucp_path,DoS
18808,tcp,telnet,Normal
18809,tcp,http,DoS
18810,tcp,other,DoS
18811,tcp,private,DoS
18812,tcp,http,Normal
18813,tcp,http,Normal
18814,tcp,telnet,Normal
18815,tcp,http,Normal
18816,tcp,other,Normal
18817,tcp,private,DoS
18818,tcp,private,DoS
18819,tcp,http,DoS
18820,tcp,other,Normal
18821,udp,private,Normal
18822,udp,domain_u,Normal
18823,tcp,other,DoS
18824,tcp,http,Normal
18825,tcp,other,DoS
18826,udp,domain_u,Normal
18827,tcp,other,Probe
18828,tcp,http,Normal
18829,tcp,other,DoS
18830,tcp,http,Normal
18831,tcp,telnet,Normal
18832,tcp,http,Normal
18833,tcp,other,Normal
18834,tcp,private,DoS
18835,tcp,ftp,Normal
18836,tcp,private,DoS
18837,tcp,ftp_data,R2L
18838,tcp,http,Normal
18839,udp,private,Normal
18840,tcp,private,Probe
18841,tcp,private,DoS
18842,tcp,http,Normal
18843,tcp,http,Normal
18844,tcp,http,Normal
18845,icmp,ecr_i,DoS
18846,tcp,other,DoS
18847,tcp,other,Probe
18848,tcp,ftp_data,DoS
18849,icmp,ecr_i,DoS
18850,tcp,private,DoS
18851,udp,private,Probe
18852,icmp,ecr_i,DoS
18853,tcp,telnet,Normal
18854,tcp,private,DoS
18855,udp,private,DoS
18856,tcp,smtp,Normal
18857,tcp,private,DoS
18858,tcp,telnet,Normal
18859,tcp,http,Normal
18860,tcp,http,Normal
18861,tcp,http,Normal
18862,tcp,telnet,Normal
18863,udp,private,Normal
18864,udp,domain_u,Normal
18865,udp,private,Normal
18866,tcp,http,DoS
18867,tcp,http,Normal
18868,tcp,other,Normal
18869,tcp,other,Normal
18870,tcp,other,DoS
18871,udp,private,Normal
18872,udp,private,Normal
18873,tcp,other,DoS
18874,tcp,http,Normal
18875,tcp,private,DoS
18876,tcp,private,DoS
18877,tcp,http,DoS
18878,tcp,http,Normal
18879,tcp,http,Normal
18880,tcp,private,DoS
18881,udp,other,Normal
18882,tcp,telnet,Normal
18883,tcp,http,Normal
18884,tcp,other,Normal
18885,tcp,telnet,Normal
18886,tcp,http,Normal
18887,udp,domain_u,Normal
18888,tcp,http,Normal
18889,tcp,other,DoS
18890,tcp,private,DoS
18891,tcp,http,Normal
18892,udp,domain_u,Normal
18893,tcp,http,Normal
18894,tcp,ftp_data,Normal
18895,tcp,other,Normal
18896,tcp,http,Normal
18897,tcp,http,DoS
18898,tcp,private,DoS
18899,tcp,telnet,Normal
18900,tcp,http,Normal
18901,tcp,private,DoS
18902,tcp,http,Normal
18903,tcp,other,Normal
18904,tcp,http,Normal
18905,tcp,http,Normal
18906,tcp,private,DoS
18907,udp,other,Normal
18908,tcp,other,Normal
18909,tcp,private,DoS
18910,tcp,telnet,Normal
18911,tcp,http,Normal
18912,tcp,ftp,Normal
18913,tcp,http,Normal
18914,tcp,http,Normal
18915,tcp,other,DoS
18916,tcp,auth,DoS
18917,tcp,http,Normal
18918,tcp,private,DoS
18919,tcp,http,Normal
18920,tcp,telnet,Normal
18921,tcp,http,Normal
18922,tcp,finger,DoS
18923,tcp,http,Normal
18924,tcp,ftp_data,R2L
18925,icmp,ecr_i,DoS
18926,tcp,http,Normal
18927,tcp,ftp_data,R2L
18928,icmp,eco_i,Probe
18929,tcp,http,Normal
18930,tcp,ftp,Normal
18931,tcp,other,Normal
18932,tcp,finger,DoS
18933,tcp,http,Normal
18934,tcp,private,DoS
18935,udp,private,Normal
18936,tcp,telnet,Normal
18937,tcp,http,Normal
18938,tcp,smtp,Normal
18939,tcp,smtp,Normal
18940,tcp,http,Normal
18941,icmp,ecr_i,DoS
18942,tcp,http,Normal
18943,udp,private,Probe
18944,tcp,private,DoS
18945,tcp,other,Probe
18946,tcp,http,Normal
18947,udp,private,Normal
18948,tcp,private,DoS
18949,tcp,http,Normal
18950,tcp,private,DoS
18951,tcp,smtp,Normal
18952,tcp,http,Normal
18953,tcp,private,DoS
18954,udp,private,Normal
18955,tcp,private,DoS
18956,tcp,other,DoS
18957,tcp,http,Normal
18958,tcp,ftp,Normal
18959,tcp,http,Normal
18960,tcp,http,Normal
18961,tcp,http,DoS
18962,tcp,http,Normal
18963,udp,domain_u,Normal
18964,tcp,http,Normal
18965,tcp,private,DoS
18966,udp,private,Normal
18967,tcp,ftp,Normal
18968,tcp,http,Normal
18969,tcp,http,Normal
18970,tcp,other,Probe
18971,tcp,private,DoS
18972,tcp,telnet,Normal
18973,tcp,http,Normal
18974,tcp,telnet,Normal
18975,udp,private,Normal
18976,udp,private,DoS
18977,udp,private,Normal
18978,tcp,http,Normal
18979,tcp,other,Probe
18980,tcp,http,Normal
18981,tcp,http,DoS
18982,tcp,other,Normal
18983,tcp,private,DoS
18984,tcp,http,Normal
18985,tcp,ftp_data,DoS
18986,tcp,http,Normal
18987,icmp,ecr_i,DoS
18988,icmp,ecr_i,DoS
18989,tcp,private,DoS
18990,tcp,http,Normal
18991,tcp,http,Normal
18992,icmp,other,Normal
18993,tcp,private,DoS
18994,tcp,other,Normal
18995,tcp,other,Normal
18996,tcp,http,Normal
18997,tcp,other,DoS
18998,tcp,telnet,Normal
18999,tcp,http,Normal
19000,tcp,other,Normal
19001,tcp,http,Normal
19002,udp,private,Normal
19003,tcp,http,Normal
19004,tcp,http,DoS
19005,tcp,other,Probe
19006,udp,private,Normal
19007,tcp,other,DoS
19008,udp,private,Probe
19009,tcp,other,Normal
19010,tcp,private,DoS
19011,tcp,http,Normal
19012,tcp,other,DoS
19013,udp,domain_u,Normal
19014,tcp,http,Normal
19015,tcp,other,DoS
19016,tcp,private,DoS
19017,tcp,private,DoS
19018,tcp,private,DoS
19019,tcp,http,Normal
19020,tcp,telnet,DoS
19021,tcp,http,Normal
19022,tcp,http,Normal
19023,tcp,private,DoS
19024,udp,private,Probe
19025,tcp,ftp_data,Normal
19026,tcp,bgp,DoS
19027,udp,domain_u,Normal
19028,tcp,other,Probe
19029,tcp,http,DoS
19030,tcp,private,Probe
19031,tcp,telnet,Normal
19032,tcp,private,DoS
19033,tcp,other,Normal
19034,tcp,http,Normal
19035,tcp,private,DoS
19036,tcp,http,Normal
19037,tcp,http,Normal
19038,tcp,ftp_data,Normal
19039,tcp,auth,DoS
19040,tcp,other,Probe
19041,tcp,smtp,Normal
19042,tcp,http,Normal
19043,tcp,http,Normal
19044,tcp,other,Probe
19045,tcp,smtp,Normal
19046,tcp,telnet,Normal
19047,tcp,ftp_data,Normal
19048,udp,domain_u,Normal
19049,tcp,http,Normal
19050,tcp,other,DoS
19051,tcp,private,DoS
19052,tcp,other,DoS
19053,tcp,private,DoS
19054,tcp,http,Normal
19055,tcp,ftp_data,Normal
19056,tcp,http,Normal
19057,tcp,http,Normal
19058,tcp,other,DoS
19059,tcp,other,Normal
19060,tcp,private,DoS
19061,tcp,private,DoS
19062,tcp,private,DoS
19063,tcp,other,Normal
19064,tcp,other,Probe
19065,tcp,http,Normal
19066,tcp,http,Normal
19067,tcp,private,DoS
19068,tcp,other,Probe
19069,tcp,http,Normal
19070,tcp,smtp,Normal
19071,tcp,telnet,Normal
19072,tcp,http,Normal
19073,udp,private,Probe
19074,udp,domain_u,Normal
19075,tcp,finger,DoS
19076,tcp,telnet,Normal
19077,tcp,private,DoS
19078,tcp,ftp,Normal
19079,tcp,smtp,Normal
19080,udp,domain_u,Normal
19081,tcp,http,Normal
19082,tcp,other,Probe
19083,tcp,telnet,Normal
19084,tcp,http,Normal
19085,tcp,http,Normal
19086,tcp,other,Probe
19087,udp,private,DoS
19088,tcp,http,Normal
19089,tcp,private,DoS
19090,tcp,other,Normal
19091,tcp,other,DoS
19092,tcp,other,Probe
19093,tcp,http,Normal
19094,tcp,smtp,Normal
19095,tcp,other,DoS
19096,tcp,http,DoS
19097,tcp,http,Normal
19098,tcp,smtp,Normal
19099,tcp,http,Normal
19100,tcp,other,DoS
19101,tcp,private,DoS
19102,tcp,smtp,Normal
19103,tcp,ftp,Normal
19104,tcp,other,Normal
19105,tcp,http,Normal
19106,tcp,http,Normal
19107,udp,other,Probe
19108,tcp,other,DoS
19109,tcp,telnet,Normal
19110,icmp,eco_i,Probe
19111,tcp,http,Normal
19112,tcp,http,Normal
19113,tcp,http,Normal
19114,tcp,http,Normal
19115,udp,private,Normal
19116,tcp,other,Normal
19117,tcp,http,Normal
19118,tcp,http,Normal
19119,tcp,http,Normal
19120,tcp,http,Normal
19121,tcp,http,Normal
19122,udp,private,Probe
19123,udp,private,DoS
19124,udp,private,Normal
19125,tcp,bgp,DoS
19126,tcp,http,Normal
19127,tcp,smtp,Normal
19128,tcp,private,DoS
19129,tcp,http,Normal
19130,tcp,http,Normal
19131,tcp,http,Normal
19132,tcp,other,Probe
19133,tcp,http,Normal
19134,tcp,other,Probe
19135,tcp,http,DoS
19136,udp,domain_u,Normal
19137,icmp,ecr_i,DoS
19138,tcp,telnet,Normal
19139,tcp,http,Normal
19140,udp,private,Probe
19141,tcp,telnet,Normal
19142,tcp,http,Normal
19143,tcp,http,Normal
19144,tcp,private,DoS
19145,tcp,other,Normal
19146,tcp,ftp,Normal
19147,tcp,private,DoS
19148,tcp,private,DoS
19149,tcp,http,DoS
19150,udp,private,Normal
19151,tcp,other,DoS
19152,tcp,http,Normal
19153,tcp,http,Normal
19154,tcp,private,DoS
19155,udp,other,Normal
19156,tcp,http,Normal
19157,tcp,telnet,Probe
19158,tcp,ftp_data,Probe
19159,tcp,telnet,Normal
19160,tcp,private,DoS
19161,tcp,http,Normal
19162,tcp,http,Normal
19163,tcp,http,Normal
19164,tcp,http,Normal
19165,tcp,http,Normal
19166,tcp,smtp,Normal
19167,tcp,http,Normal
19168,tcp,http,Normal
19169,tcp,ftp_data,DoS
19170,tcp,private,DoS
19171,udp,private,Probe
19172,tcp,other,DoS
19173,tcp,smtp,Normal
19174,udp,private,Normal
19175,udp,private,Probe
19176,tcp,ftp_data,Normal
19177,udp,private,Normal
19178,tcp,telnet,Normal
19179,udp,private,Probe
19180,tcp,http,Normal
19181,tcp,private,DoS
19182,tcp,private,DoS
19183,icmp,ecr_i,DoS
19184,tcp,telnet,Normal
19185,tcp,http,Normal
19186,tcp,ftp,Normal
19187,tcp,ftp_data,Normal
19188,tcp,http,Normal
19189,udp,other,Normal
19190,tcp,private,DoS
19191,tcp,http,DoS
19192,tcp,http,DoS
19193,tcp,http,DoS
19194,tcp,http,Normal
19195,tcp,http,Normal
19196,udp,private,Probe
19197,tcp,other,Normal
19198,icmp,ecr_i,DoS
19199,tcp,other,Normal
19200,tcp,ftp_data,Normal
19201,tcp,telnet,Normal
19202,tcp,other,Probe
19203,tcp,other,DoS
19204,tcp,http,Normal
19205,tcp,http,Normal
19206,tcp,http,Normal
19207,tcp,uucp_path,DoS
19208,tcp,private,DoS
19209,tcp,private,DoS
19210,tcp,smtp,Normal
19211,tcp,other,Probe
19212,tcp,smtp,Normal
19213,tcp,http,Normal
19214,tcp,http,Normal
19215,tcp,private,DoS
19216,tcp,private,DoS
19217,tcp,telnet,DoS
19218,tcp,private,DoS
19219,tcp,other,Probe
19220,tcp,private,DoS
19221,udp,domain_u,Normal
19222,icmp,ecr_i,DoS
19223,tcp,http,Normal
19224,tcp,ftp,Normal
19225,tcp,ftp_data,R2L
19226,tcp,smtp,Normal
19227,tcp,other,Probe
19228,tcp,private,DoS
19229,icmp,ecr_i,DoS
19230,tcp,http,Normal
19231,tcp,other,DoS
19232,tcp,http,Normal
19233,tcp,ftp,Normal
19234,tcp,private,DoS
19235,tcp,whois,DoS
19236,tcp,http,DoS
19237,tcp,http,Normal
19238,tcp,http,Normal
19239,tcp,private,DoS
19240,tcp,http,DoS
19241,tcp,http,Normal
19242,tcp,http,Normal
19243,tcp,private,DoS
19244,tcp,private,DoS
19245,tcp,smtp,Normal
19246,tcp,private,DoS
19247,tcp,smtp,Normal
19248,udp,private,Probe
19249,tcp,http,Normal
19250,tcp,telnet,Normal
19251,tcp,http,Normal
19252,tcp,http,Normal
19253,tcp,ftp_data,Normal
19254,tcp,smtp,Normal
19255,tcp,other,DoS
19256,tcp,http,Normal
19257,tcp,http,Normal
19258,tcp,http,Normal
19259,tcp,other,DoS
19260,tcp,private,DoS
19261,udp,domain_u,Normal
19262,tcp,http,Normal
19263,tcp,http,Normal
19264,tcp,http,Normal
19265,tcp,other,Normal
19266,tcp,http,Normal
19267,tcp,smtp,Normal
19268,tcp,other,Probe
19269,tcp,ftp,Normal
19270,udp,private,Normal
19271,udp,private,Normal
19272,tcp,telnet,Normal
19273,icmp,ecr_i,DoS
19274,udp,private,DoS
19275,tcp,ftp,Normal
19276,tcp,other,Normal
19277,tcp,other,Normal
19278,udp,private,DoS
19279,tcp,telnet,Normal
19280,tcp,private,DoS
19281,tcp,ftp_data,Normal
19282,tcp,http,Normal
19283,tcp,private,Probe
19284,tcp,http,Normal
19285,icmp,other,Normal
19286,tcp,ftp_data,Normal
19287,tcp,http,Normal
19288,tcp,private,Probe
19289,tcp,http,Normal
19290,udp,private,DoS
19291,tcp,http,DoS
19292,tcp,http,DoS
19293,tcp,smtp,Normal
19294,tcp,telnet,Normal
19295,tcp,http,Normal
19296,tcp,http,Normal
19297,tcp,http,DoS
19298,udp,domain_u,Normal
19299,tcp,http,Normal
19300,tcp,http,DoS
19301,tcp,http,Normal
19302,tcp,http,Normal
19303,tcp,smtp,Normal
19304,icmp,ecr_i,DoS
19305,tcp,http,Normal
19306,tcp,other,Probe
19307,tcp,other,Probe
19308,tcp,private,DoS
19309,tcp,other,Normal
19310,tcp,other,DoS
19311,tcp,private,DoS
19312,tcp,ftp_data,R2L
19313,tcp,other,Probe
19314,udp,domain_u,Normal
19315,icmp,eco_i,Probe
19316,tcp,telnet,Normal
19317,tcp,http,Normal
19318,tcp,smtp,Normal
19319,udp,private,Normal
19320,tcp,http,Normal
19321,tcp,http,Normal
19322,tcp,smtp,Normal
19323,udp,private,Probe
19324,tcp,http,DoS
19325,tcp,http,Normal
19326,tcp,telnet,Normal
19327,tcp,private,DoS
19328,tcp,http,Normal
19329,tcp,http,DoS
19330,tcp,private,DoS
19331,tcp,smtp,Normal
19332,tcp,http,Normal
19333,tcp,private,Probe
19334,tcp,http,DoS
19335,tcp,http,DoS
19336,tcp,other,Probe
19337,tcp,private,DoS
19338,udp,private,Normal
19339,tcp,http,Normal
19340,tcp,http,Normal
19341,tcp,other,DoS
19342,tcp,smtp,Normal
19343,tcp,http,DoS
19344,tcp,other,DoS
19345,tcp,http,Normal
19346,tcp,other,R2L
19347,tcp,http,Normal
19348,tcp,http,Normal
19349,udp,private,Probe
19350,tcp,private,DoS
19351,tcp,http,Normal
19352,tcp,smtp,Normal
19353,udp,other,Normal
19354,tcp,telnet,Normal
19355,tcp,other,Probe
19356,udp,private,Probe
19357,tcp,other,Normal
19358,tcp,other,DoS
19359,tcp,http,DoS
19360,tcp,ftp_data,Normal
19361,icmp,ecr_i,DoS
19362,tcp,private,DoS
19363,tcp,http,DoS
19364,tcp,private,DoS
19365,tcp,finger,DoS
19366,tcp,private,DoS
19367,tcp,private,DoS
19368,tcp,telnet,Normal
19369,tcp,smtp,Normal
19370,udp,domain_u,Normal
19371,tcp,ftp,Normal
19372,tcp,http,Normal
19373,tcp,other,Probe
19374,tcp,telnet,Normal
19375,tcp,http,Normal
19376,tcp,ftp_data,R2L
19377,tcp,private,DoS
19378,tcp,private,DoS
19379,tcp,http,Normal
19380,tcp,http,Normal
19381,tcp,http,Normal
19382,tcp,http,Normal
19383,tcp,other,Probe
19384,tcp,ftp_data,Normal
19385,icmp,eco_i,Probe
19386,tcp,http,Normal
19387,tcp,ftp_data,Normal
19388,tcp,http,Normal
19389,tcp,private,DoS
19390,tcp,http,Normal
19391,tcp,telnet,Normal
19392,tcp,other,Normal
19393,tcp,http,Normal
19394,tcp,http,Normal
19395,tcp,other,Probe
19396,udp,private,Normal
19397,tcp,uucp,DoS
19398,tcp,http,Normal
19399,tcp,telnet,Normal
19400,tcp,private,DoS
19401,udp,domain_u,Normal
19402,udp,private,Probe
19403,tcp,other,Normal
19404,tcp,http,DoS
19405,tcp,other,Probe
19406,udp,private,Probe
19407,tcp,ftp,Normal
19408,tcp,http,Normal
19409,tcp,http,Normal
19410,tcp,http,Normal
19411,udp,private,Normal
19412,tcp,private,DoS
19413,tcp,private,DoS
19414,tcp,ftp,Normal
19415,udp,private,DoS
19416,tcp,http,Normal
19417,tcp,private,DoS
19418,tcp,http,Normal
19419,tcp,other,DoS
19420,tcp,other,DoS
19421,tcp,http,Normal
19422,udp,domain_u,Normal
19423,tcp,private,Probe
19424,udp,domain_u,Normal
19425,tcp,private,DoS
19426,tcp,other,Probe
19427,tcp,http,Normal
19428,tcp,http,Normal
19429,udp,domain_u,Normal
19430,tcp,other,Normal
19431,tcp,smtp,Normal
19432,tcp,http,Normal
19433,tcp,http,Normal
19434,tcp,http,Normal
19435,tcp,ftp_data,Normal
19436,tcp,http,Probe
19437,tcp,uucp_path,DoS
19438,tcp,private,DoS
19439,tcp,http,Normal
19440,tcp,smtp,Normal
19441,udp,private,DoS
19442,tcp,http,Normal
19443,tcp,http,DoS
19444,tcp,http,DoS
19445,tcp,http,Normal
19446,tcp,http,Normal
19447,tcp,ftp_data,R2L
19448,tcp,private,DoS
19449,tcp,telnet,Normal
19450,tcp,private,DoS
19451,icmp,ecr_i,DoS
19452,tcp,ftp_data,Normal
19453,tcp,http,Normal
19454,tcp,http,DoS
19455,tcp,other,DoS
19456,udp,domain_u,Normal
19457,tcp,http,Normal
19458,udp,private,DoS
19459,tcp,http,Normal
19460,tcp,http,Normal
19461,udp,private,Normal
19462,tcp,other,Probe
19463,tcp,http,Normal
19464,icmp,eco_i,Probe
19465,tcp,ftp,Normal
19466,tcp,finger,Normal
19467,tcp,smtp,Normal
19468,tcp,http,Normal
19469,tcp,http,Normal
19470,tcp,time,DoS
19471,tcp,http,Normal
19472,tcp,http,Normal
19473,tcp,http,Normal
19474,tcp,private,Probe
19475,tcp,http,Normal
19476,tcp,other,DoS
19477,tcp,private,DoS
19478,tcp,private,DoS
19479,udp,private,Normal
19480,udp,domain_u,Normal
19481,tcp,telnet,Normal
19482,tcp,http,Normal
19483,tcp,http,DoS
19484,tcp,other,DoS
19485,tcp,http,Normal
19486,udp,private,Probe
19487,tcp,other,Probe
19488,tcp,private,DoS
19489,tcp,ftp_data,Normal
19490,udp,other,Probe
19491,tcp,http,Normal
19492,tcp,http,DoS
19493,udp,domain_u,Normal
19494,tcp,http,Normal
19495,tcp,iso_tsap,DoS
19496,tcp,http,Normal
19497,tcp,smtp,Normal
19498,icmp,ecr_i,DoS
19499,tcp,http,Normal
19500,tcp,http,Normal
19501,tcp,http,Normal
19502,tcp,other,DoS
19503,tcp,http,Normal
19504,tcp,smtp,Normal
19505,tcp,other,DoS
19506,tcp,http,Normal
19507,udp,private,Normal
19508,tcp,telnet,Normal
19509,icmp,ecr_i,DoS
19510,tcp,http,Normal
19511,udp,private,DoS
19512,tcp,http,Normal
19513,tcp,private,DoS
19514,icmp,ecr_i,DoS
19515,tcp,http,Normal
19516,udp,private,Normal
19517,tcp,http,Normal
19518,tcp,other,Normal
19519,tcp,private,Probe
19520,tcp,telnet,DoS
19521,tcp,private,DoS
19522,tcp,private,Probe
19523,tcp,http,DoS
19524,tcp,http,Normal
19525,tcp,other,Normal
19526,tcp,ftp_data,R2L
19527,tcp,http,DoS
19528,tcp,http,Normal
19529,tcp,other,DoS
19530,tcp,http,Normal
19531,tcp,ftp_data,DoS
19532,tcp,telnet,Normal
19533,tcp,uucp_path,DoS
19534,icmp,ecr_i,DoS
19535,udp,private,DoS
19536,tcp,http,Normal
19537,tcp,http,Normal
19538,tcp,ftp,Normal
19539,tcp,http,Normal
19540,tcp,http,DoS
19541,tcp,other,DoS
19542,tcp,http,Normal
19543,tcp,http,Normal
19544,tcp,ftp_data,Normal
19545,tcp,other,Normal
19546,udp,private,DoS
19547,tcp,telnet,Normal
19548,tcp,http,Normal
19549,icmp,eco_i,Probe
19550,tcp,telnet,Normal
19551,tcp,private,Probe
19552,icmp,ecr_i,DoS
19553,tcp,telnet,DoS
19554,tcp,finger,DoS
19555,tcp,private,DoS
19556,tcp,http,Normal
19557,tcp,http,Normal
19558,udp,private,Normal
19559,tcp,private,Probe
19560,tcp,http,Normal
19561,tcp,http,Normal
19562,tcp,other,Normal
19563,tcp,http,Normal
19564,tcp,http,Normal
19565,tcp,http,Normal
19566,udp,domain_u,Normal
19567,tcp,http,Normal
19568,tcp,http,Normal
19569,tcp,ftp_data,Normal
19570,tcp,http,Normal
19571,udp,private,Normal
19572,tcp,private,DoS
19573,icmp,ecr_i,DoS
19574,icmp,eco_i,Probe
19575,tcp,other,Normal
19576,tcp,http,DoS
19577,tcp,telnet,U2R
19578,tcp,http,Normal
19579,tcp,other,Normal
19580,tcp,other,DoS
19581,tcp,other,Normal
19582,tcp,telnet,Normal
19583,tcp,http,Normal
19584,tcp,private,DoS
19585,tcp,private,DoS
19586,tcp,private,DoS
19587,udp,domain_u,Normal
19588,tcp,uucp,DoS
19589,tcp,other,DoS
19590,tcp,http,Normal
19591,tcp,http,Normal
19592,tcp,http,Normal
19593,tcp,ftp_data,R2L
19594,tcp,other,DoS
19595,tcp,ftp_data,Normal
19596,tcp,http,DoS
19597,udp,other,Normal
19598,tcp,http,Normal
19599,tcp,http,Normal
19600,udp,domain_u,Normal
19601,tcp,http,Normal
19602,tcp,other,Probe
19603,tcp,http,Normal
19604,tcp,http,Normal
19605,tcp,ftp_data,R2L
19606,icmp,ecr_i,DoS
19607,tcp,http,Normal
19608,icmp,ecr_i,DoS
19609,tcp,http,Normal
19610,tcp,private,DoS
19611,tcp,smtp,Normal
19612,tcp,private,DoS
19613,tcp,private,DoS
19614,tcp,http,Normal
19615,udp,domain_u,Normal
19616,tcp,private,DoS
19617,tcp,private,DoS
19618,tcp,other,Normal
19619,tcp,ftp_data,Normal
19620,tcp,telnet,DoS
19621,tcp,http,Normal
19622,tcp,smtp,Normal
19623,tcp,telnet,Normal
19624,tcp,other,DoS
19625,tcp,other,DoS
19626,tcp,telnet,Normal
19627,tcp,other,Probe
19628,udp,domain_u,Normal
19629,tcp,http,Normal
19630,tcp,telnet,Normal
19631,tcp,http,Normal
19632,tcp,http,DoS
19633,tcp,other,Normal
19634,tcp,telnet,Normal
19635,tcp,ftp_data,Normal
19636,tcp,uucp_path,DoS
19637,tcp,http,Normal
19638,tcp,other,Probe
19639,tcp,http,Normal
19640,tcp,http,Normal
19641,tcp,http,Normal
19642,tcp,other,Normal
19643,tcp,http,Normal
19644,tcp,other,Probe
19645,tcp,private,Probe
19646,tcp,http,Normal
19647,udp,private,Normal
19648,tcp,telnet,Normal
19649,tcp,private,DoS
19650,tcp,private,Probe
19651,tcp,http,Normal
19652,tcp,other,Probe
19653,tcp,other,Probe
19654,tcp,smtp,Normal
19655,udp,domain_u,Normal
19656,udp,private,Normal
19657,icmp,ecr_i,DoS
19658,tcp,private,DoS
19659,icmp,ecr_i,DoS
19660,tcp,http,DoS
19661,tcp,private,Probe
19662,tcp,ftp_data,Normal
19663,tcp,http,Normal
19664,tcp,http,Normal
19665,tcp,private,DoS
19666,tcp,private,DoS
19667,tcp,telnet,Normal
19668,tcp,private,DoS
19669,tcp,other,Normal
19670,tcp,other,Probe
19671,tcp,http,DoS
19672,tcp,http,Normal
19673,tcp,ftp,Normal
19674,udp,private,Normal
19675,udp,private,Normal
19676,tcp,uucp,DoS
19677,tcp,other,DoS
19678,tcp,http,DoS
19679,tcp,other,DoS
19680,tcp,other,DoS
19681,tcp,http,Normal
19682,tcp,http,Normal
19683,tcp,private,DoS
19684,tcp,private,DoS
19685,tcp,http,Normal
19686,udp,domain_u,Normal
19687,tcp,http,Normal
19688,tcp,http,Normal
19689,tcp,http,Normal
19690,tcp,ftp_data,Normal
19691,udp,private,DoS
19692,tcp,telnet,Normal
19693,tcp,private,DoS
19694,tcp,http,Normal
19695,tcp,other,Probe
19696,tcp,private,DoS
19697,tcp,telnet,Normal
19698,udp,private,Normal
19699,tcp,http,Normal
19700,udp,domain_u,Normal
19701,icmp,ecr_i,DoS
19702,tcp,http,Normal
19703,tcp,http,Normal
19704,tcp,http,Normal
19705,icmp,ecr_i,DoS
19706,tcp,ftp,Normal
19707,tcp,http,Normal
19708,tcp,private,DoS
19709,tcp,http,Normal
19710,tcp,http,Normal
19711,tcp,http,Normal
19712,tcp,other,Probe
19713,tcp,other,DoS
19714,tcp,http,DoS
19715,tcp,http,Normal
19716,tcp,ftp_data,Normal
19717,tcp,other,Normal
19718,tcp,http,Normal
19719,tcp,http,Normal
19720,tcp,http,Normal
19721,tcp,http,Normal
19722,tcp,ftp_data,Normal
19723,tcp,http,DoS
19724,tcp,smtp,Normal
19725,tcp,private,DoS
19726,tcp,http,Normal
19727,tcp,other,Probe
19728,tcp,other,Normal
19729,tcp,private,DoS
19730,tcp,other,DoS
19731,tcp,private,DoS
19732,tcp,telnet,Normal
19733,udp,private,Probe
19734,tcp,private,DoS
19735,tcp,http,Normal
19736,tcp,private,DoS
19737,udp,private,Normal
19738,tcp,other,DoS
19739,tcp,ftp_data,Normal
19740,tcp,other,Probe
19741,tcp,http,Normal
19742,tcp,other,Probe
19743,udp,domain_u,Normal
19744,tcp,telnet,Normal
19745,tcp,http,Normal
19746,tcp,http,Normal
19747,tcp,private,DoS
19748,tcp,telnet,Normal
19749,udp,private,Normal
19750,tcp,telnet,Normal
19751,tcp,telnet,Normal
19752,tcp,http,Normal
19753,tcp,http,Normal
19754,tcp,private,DoS
19755,tcp,ftp,Normal
19756,tcp,ftp,Normal
19757,tcp,http,Normal
19758,tcp,ftp,Normal
19759,udp,domain_u,Normal
19760,udp,domain_u,Normal
19761,tcp,telnet,Normal
19762,tcp,http,Normal
19763,tcp,other,Normal
19764,tcp,smtp,Normal
19765,tcp,private,DoS
19766,tcp,other,DoS
19767,tcp,other,Probe
19768,tcp,other,Normal
19769,tcp,private,DoS
19770,tcp,http,Normal
19771,tcp,http,Normal
19772,tcp,private,DoS
19773,tcp,private,DoS
19774,tcp,http,Normal
19775,tcp,http,Normal
19776,udp,private,Normal
19777,udp,private,DoS
19778,tcp,other,Probe
19779,tcp,http,Normal
19780,udp,domain_u,Normal
19781,tcp,Z39_50,DoS
19782,tcp,private,DoS
19783,tcp,telnet,Normal
19784,tcp,http,Normal
19785,tcp,http,Normal
19786,udp,domain_u,Normal
19787,tcp,telnet,Normal
19788,udp,domain_u,Normal
19789,tcp,http,Normal
19790,tcp,http,Normal
19791,tcp,http,Normal
19792,tcp,http,DoS
19793,tcp,private,DoS
19794,tcp,private,DoS
19795,udp,private,Probe
19796,tcp,ftp_data,R2L
19797,tcp,http,Normal
19798,tcp,whois,DoS
19799,tcp,other,Probe
19800,tcp,other,Probe
19801,tcp,http,Normal
19802,tcp,telnet,Normal
19803,tcp,http,Normal
19804,tcp,other,DoS
19805,tcp,http,Normal
19806,tcp,http,Normal
19807,tcp,private,DoS
19808,tcp,ftp,Normal
19809,tcp,http,Normal
19810,udp,domain_u,Normal
19811,udp,private,Normal
19812,tcp,private,DoS
19813,tcp,other,Probe
19814,tcp,http,Normal
19815,tcp,http,Normal
19816,udp,domain_u,Normal
19817,tcp,private,DoS
19818,tcp,smtp,Normal
19819,tcp,private,DoS
19820,tcp,http,DoS
19821,tcp,http,Normal
19822,tcp,http,Normal
19823,tcp,http,Normal
19824,tcp,http,Normal
19825,tcp,other,DoS
19826,udp,domain_u,Normal
19827,tcp,http,Normal
19828,tcp,private,DoS
19829,tcp,private,DoS
19830,tcp,Z39_50,DoS
19831,tcp,http,Normal
19832,tcp,http,Normal
19833,tcp,private,DoS
19834,tcp,http,Normal
19835,tcp,other,Probe
19836,tcp,private,DoS
19837,tcp,http,Normal
19838,tcp,http,DoS
19839,tcp,telnet,Normal
19840,tcp,private,Probe
19841,tcp,auth,Normal
19842,tcp,private,Probe
19843,tcp,other,DoS
19844,tcp,ftp,Normal
19845,tcp,private,DoS
19846,tcp,private,DoS
19847,tcp,http,Normal
19848,tcp,other,DoS
19849,tcp,http,DoS
19850,udp,private,Probe
19851,tcp,private,DoS
19852,tcp,private,DoS
19853,tcp,ftp_data,Normal
19854,tcp,other,DoS
19855,tcp,http,DoS
19856,tcp,finger,Normal
19857,tcp,telnet,Normal
19858,tcp,http,Normal
19859,tcp,private,DoS
19860,tcp,http,DoS
19861,udp,domain_u,Normal
19862,tcp,ftp_data,Normal
19863,udp,private,Normal
19864,tcp,smtp,Normal
19865,tcp,private,DoS
19866,tcp,other,DoS
19867,udp,private,Normal
19868,tcp,private,DoS
19869,tcp,ftp_data,R2L
19870,tcp,http,Normal
19871,udp,private,DoS
19872,icmp,eco_i,Normal
19873,tcp,private,DoS
19874,tcp,ftp_data,Normal
19875,tcp,other,Normal
19876,tcp,finger,DoS
19877,tcp,http,Normal
19878,udp,domain_u,Normal
19879,tcp,http,Normal
19880,udp,domain_u,Normal
19881,tcp,other,Normal
19882,icmp,other,DoS
19883,tcp,http,DoS
19884,tcp,ftp,Normal
19885,tcp,http,Normal
19886,tcp,ftp_data,DoS
19887,icmp,eco_i,Probe
19888,tcp,private,DoS
19889,tcp,other,Normal
19890,tcp,http,Normal
19891,icmp,ecr_i,DoS
19892,tcp,http,Normal
19893,tcp,http,Normal
19894,tcp,telnet,Normal
19895,tcp,http,Normal
19896,tcp,http,Normal
19897,icmp,ecr_i,DoS
19898,tcp,iso_tsap,DoS
19899,icmp,ecr_i,DoS
19900,tcp,ftp,Normal
19901,tcp,http,DoS
19902,tcp,private,DoS
19903,tcp,ftp_data,Normal
19904,udp,private,DoS
19905,tcp,http,DoS
19906,tcp,http,DoS
19907,udp,domain_u,Normal
19908,tcp,http,Normal
19909,udp,domain_u,Normal
19910,tcp,http,Normal
19911,tcp,http,DoS
19912,tcp,http,Normal
19913,tcp,http,Normal
19914,tcp,smtp,Normal
19915,tcp,telnet,Normal
19916,tcp,other,Probe
19917,tcp,http,Normal
19918,icmp,ecr_i,DoS
19919,tcp,http,Normal
19920,tcp,ftp,Normal
19921,tcp,telnet,Normal
19922,tcp,private,DoS
19923,tcp,http,Normal
19924,tcp,smtp,Normal
19925,tcp,private,DoS
19926,tcp,http,Normal
19927,tcp,http,Normal
19928,tcp,other,Normal
19929,tcp,other,DoS
19930,tcp,http,Normal
19931,tcp,http,Normal
19932,tcp,private,DoS
19933,tcp,ftp_data,Normal
19934,tcp,other,DoS
19935,tcp,http,Normal
19936,udp,private,Probe
19937,tcp,other,Probe
19938,tcp,smtp,Normal
19939,tcp,private,DoS
19940,tcp,http,Normal
19941,udp,private,Normal
19942,tcp,ftp_data,R2L
19943,udp,private,Normal
19944,tcp,http,Normal
19945,tcp,uucp,DoS
19946,tcp,telnet,Normal
19947,tcp,http,Normal
19948,tcp,private,DoS
19949,tcp,http,Normal
19950,tcp,http,Normal
19951,tcp,http,Normal
19952,tcp,http,DoS
19953,tcp,finger,Normal
19954,tcp,http,Normal
19955,tcp,private,Probe
19956,tcp,whois,DoS
19957,tcp,other,Probe
19958,tcp,smtp,Normal
19959,icmp,eco_i,Probe
19960,icmp,ecr_i,DoS
19961,tcp,auth,DoS
19962,tcp,http,Normal
19963,tcp,telnet,Normal
19964,tcp,http,DoS
19965,udp,domain_u,Normal
19966,tcp,http,DoS
19967,tcp,private,DoS
19968,tcp,ftp,Normal
19969,tcp,ftp,Normal
19970,tcp,http,Normal
19971,icmp,eco_i,Normal
19972,tcp,other,Probe
19973,udp,private,Normal
19974,tcp,telnet,Normal
19975,tcp,other,Probe
19976,tcp,ftp,Normal
19977,tcp,telnet,Normal
19978,tcp,http,Normal
19979,tcp,http,Normal
19980,tcp,telnet,Normal
19981,tcp,http,Normal
19982,tcp,http,Normal
19983,udp,private,Normal
19984,tcp,telnet,DoS
19985,tcp,http,Normal
19986,tcp,http,Normal
19987,tcp,smtp,Normal
19988,tcp,other,Probe
19989,tcp,http,Normal
19990,udp,private,DoS
19991,icmp,ecr_i,DoS
19992,tcp,http,Normal
19993,tcp,private,DoS
19994,tcp,http,Normal
19995,tcp,http,Normal
19996,udp,private,Normal
19997,tcp,private,DoS
19998,tcp,smtp,Normal
19999,udp,domain_u,Normal
20000,tcp,other,Normal
20001,tcp,private,DoS
20002,tcp,smtp,Normal
20003,tcp,http,Normal
20004,tcp,http,Normal
20005,tcp,other,DoS
20006,tcp,ftp_data,Normal
20007,tcp,private,DoS
20008,tcp,smtp,Normal
20009,tcp,http,Normal
20010,tcp,http,Normal
20011,tcp,ftp_data,Probe
20012,tcp,http,Normal
20013,tcp,other,Probe
20014,tcp,http,DoS
20015,tcp,private,DoS
20016,tcp,http,Normal
20017,tcp,http,Normal
20018,tcp,private,DoS
20019,tcp,http,Normal
20020,tcp,http,Normal
20021,tcp,finger,DoS
20022,tcp,http,Normal
20023,tcp,http,Normal
20024,tcp,private,DoS
20025,tcp,other,DoS
20026,tcp,http,Normal
20027,tcp,finger,DoS
20028,tcp,http,Normal
20029,udp,domain_u,Normal
20030,tcp,private,DoS
20031,udp,other,Normal
20032,tcp,http,Normal
20033,udp,private,DoS
20034,icmp,eco_i,Normal
20035,tcp,iso_tsap,DoS
20036,tcp,other,Normal
20037,tcp,telnet,Normal
20038,tcp,http,Normal
20039,icmp,eco_i,Probe
20040,tcp,http,Normal
20041,tcp,http,Normal
20042,udp,private,Normal
20043,udp,private,Normal
20044,icmp,ecr_i,DoS
20045,tcp,other,DoS
20046,tcp,http,Normal
20047,udp,private,Normal
20048,udp,private,Normal
20049,tcp,http,Normal
20050,tcp,http,Normal
20051,tcp,private,Probe
20052,tcp,telnet,Normal
20053,tcp,private,DoS
20054,tcp,http,DoS
20055,tcp,private,DoS
20056,tcp,telnet,Normal
20057,tcp,telnet,Normal
20058,tcp,telnet,DoS
20059,tcp,private,DoS
20060,tcp,http,Normal
20061,tcp,private,DoS
20062,tcp,http,DoS
20063,udp,domain_u,Normal
20064,udp,private,Normal
20065,tcp,finger,DoS
20066,tcp,http,Normal
20067,tcp,telnet,Normal
20068,tcp,http,Normal
20069,tcp,telnet,Normal
20070,tcp,telnet,Normal
20071,tcp,telnet,Normal
20072,udp,private,Normal
20073,tcp,other,Normal
20074,tcp,http,DoS
20075,icmp,ecr_i,DoS
20076,tcp,http,Normal
20077,udp,domain_u,Normal
20078,tcp,time,DoS
20079,tcp,ftp_data,R2L
20080,tcp,http,Normal
20081,tcp,http,DoS
20082,tcp,other,Normal
20083,tcp,smtp,DoS
20084,udp,private,Probe
20085,tcp,private,DoS
20086,tcp,finger,Normal
20087,tcp,http,Normal
20088,tcp,http,Normal
20089,tcp,private,DoS
20090,udp,domain_u,Normal
20091,tcp,private,DoS
20092,tcp,other,Probe
20093,tcp,http,Normal
20094,udp,private,Probe
20095,tcp,private,DoS
20096,tcp,private,DoS
20097,icmp,ecr_i,DoS
20098,tcp,other,Normal
20099,tcp,telnet,Normal
20100,tcp,ftp,Normal
20101,tcp,private,Probe
20102,tcp,http,DoS
20103,tcp,http,Normal
20104,tcp,other,DoS
20105,tcp,http,Normal
20106,tcp,telnet,DoS
20107,tcp,other,Probe
20108,tcp,smtp,Normal
20109,tcp,http,Normal
20110,icmp,ecr_i,DoS
20111,icmp,ecr_i,DoS
20112,tcp,private,DoS
20113,tcp,ftp_data,Normal
20114,tcp,http,Normal
20115,udp,private,Normal
20116,tcp,other,DoS
20117,tcp,private,DoS
20118,tcp,http,Normal
20119,tcp,http,Normal
20120,tcp,http,Normal
20121,tcp,other,Probe
20122,tcp,http,Normal
20123,tcp,ftp_data,Normal
20124,tcp,other,Normal
20125,tcp,http,Normal
20126,tcp,other,Normal
20127,tcp,private,DoS
20128,tcp,telnet,Normal
20129,udp,other,Normal
20130,tcp,private,DoS
20131,tcp,http,Normal
20132,tcp,auth,DoS
20133,tcp,private,DoS
20134,tcp,http,Normal
20135,udp,other,Normal
20136,tcp,http,Normal
20137,udp,private,Probe
20138,tcp,http,Normal
20139,tcp,time,DoS
20140,tcp,ftp,Normal
20141,tcp,telnet,Normal
20142,tcp,smtp,Normal
20143,tcp,http,Normal
20144,tcp,private,DoS
20145,tcp,private,DoS
20146,icmp,ecr_i,DoS
20147,tcp,http,Normal
20148,udp,domain_u,Normal
20149,tcp,http,Normal
20150,tcp,smtp,Normal
20151,tcp,telnet,Normal
20152,udp,private,Normal
20153,tcp,other,Probe
20154,tcp,http,Normal
20155,tcp,ftp_data,Normal
20156,icmp,ecr_i,DoS
20157,tcp,private,DoS
20158,tcp,http,Normal
20159,tcp,http,DoS
20160,tcp,http,DoS
20161,tcp,http,Normal
20162,tcp,http,Normal
20163,icmp,eco_i,Probe
20164,tcp,http,Normal
20165,tcp,http,Normal
20166,udp,domain_u,Normal
20167,tcp,private,DoS
20168,tcp,http,Normal
20169,tcp,other,Probe
20170,tcp,http,Normal
20171,udp,domain_u,Normal
20172,tcp,ftp,DoS
20173,tcp,telnet,Normal
20174,tcp,http,DoS
20175,tcp,http,Normal
20176,tcp,http,Normal
20177,tcp,http,Normal
20178,udp,domain_u,Normal
20179,tcp,private,DoS
20180,tcp,private,DoS
20181,tcp,ftp_data,Normal
20182,tcp,telnet,Normal
20183,tcp,http,Normal
20184,tcp,http,Normal
20185,tcp,http,Normal
20186,tcp,http,Normal
20187,tcp,http,Normal
20188,tcp,other,Normal
20189,tcp,http,Normal
20190,tcp,http,Normal
20191,tcp,private,DoS
20192,udp,private,Normal
20193,udp,private,Probe
20194,udp,domain_u,Normal
20195,tcp,private,DoS
20196,tcp,http,DoS
20197,tcp,telnet,U2R
20198,tcp,telnet,Normal
20199,tcp,http,Normal
20200,tcp,http,Normal
20201,tcp,http,Normal
20202,tcp,http,Normal
20203,tcp,private,DoS
20204,tcp,http,Normal
20205,tcp,http,DoS
20206,udp,domain_u,Normal
20207,tcp,http,Normal
20208,tcp,http,Normal
20209,icmp,ecr_i,DoS
20210,tcp,http,Normal
20211,udp,domain_u,Normal
20212,tcp,http,Normal
20213,tcp,http,Normal
20214,tcp,smtp,Normal
20215,tcp,http,Normal
20216,tcp,http,Normal
20217,tcp,http,Normal
20218,tcp,http,Normal
20219,tcp,telnet,Normal
20220,tcp,iso_tsap,DoS
20221,tcp,http,Normal
20222,tcp,http,Normal
20223,udp,private,Normal
20224,tcp,private,DoS
20225,icmp,ecr_i,DoS
20226,tcp,http,Normal
20227,tcp,other,Normal
20228,tcp,http,Normal
20229,tcp,ftp,Normal
20230,tcp,http,Normal
20231,tcp,private,DoS
20232,tcp,private,DoS
20233,icmp,ecr_i,DoS
20234,tcp,smtp,Probe
20235,tcp,ftp,DoS
20236,tcp,http,Normal
20237,tcp,other,Probe
20238,tcp,private,DoS
20239,udp,domain_u,Normal
20240,tcp,ftp_data,Normal
20241,tcp,ftp,Normal
20242,tcp,http,DoS
20243,tcp,private,DoS
20244,tcp,http,Normal
20245,tcp,http,DoS
20246,tcp,private,DoS
20247,tcp,ftp,Normal
20248,tcp,http,Normal
20249,tcp,http,Normal
20250,udp,private,Normal
20251,tcp,telnet,Normal
20252,udp,private,DoS
20253,tcp,http,Normal
20254,tcp,private,DoS
20255,tcp,other,Normal
20256,tcp,http,Normal
20257,tcp,http,Normal
20258,tcp,http,DoS
20259,udp,domain_u,Normal
20260,tcp,http,Normal
20261,udp,domain_u,Normal
20262,tcp,private,Probe
20263,tcp,http,Normal
20264,tcp,private,DoS
20265,udp,private,DoS
20266,tcp,http,Normal
20267,tcp,http,Normal
20268,udp,domain_u,Normal
20269,tcp,telnet,DoS
20270,icmp,eco_i,Probe
20271,tcp,other,Normal
20272,tcp,private,DoS
20273,tcp,http,Normal
20274,icmp,eco_i,Probe
20275,tcp,ftp,Normal
20276,tcp,http,Normal
20277,tcp,private,DoS
20278,tcp,http,Normal
20279,tcp,ftp_data,R2L
20280,tcp,other,Normal
20281,tcp,http,Normal
20282,tcp,other,DoS
20283,tcp,private,Probe
20284,tcp,smtp,Normal
20285,udp,private,Normal
20286,tcp,other,DoS
20287,tcp,ftp,DoS
20288,icmp,ecr_i,Normal
20289,udp,domain_u,Normal
20290,tcp,telnet,Normal
20291,tcp,http,Normal
20292,tcp,http,Normal
20293,udp,private,Normal
20294,tcp,http,Normal
20295,tcp,http,Normal
20296,tcp,ftp_data,Normal
20297,tcp,other,Probe
20298,tcp,smtp,Normal
20299,tcp,ftp,Normal
20300,tcp,ftp_data,Normal
20301,tcp,other,Probe
20302,tcp,http,Normal
20303,tcp,private,DoS
20304,tcp,other,DoS
20305,udp,private,DoS
20306,icmp,ecr_i,DoS
20307,tcp,ftp_data,Normal
20308,udp,domain_u,Normal
20309,tcp,private,DoS
20310,tcp,telnet,DoS
20311,tcp,other,DoS
20312,tcp,http,Normal
20313,tcp,private,DoS
20314,tcp,telnet,Normal
20315,tcp,telnet,Normal
20316,tcp,http,Normal
20317,tcp,smtp,Normal
20318,tcp,http,Normal
20319,tcp,http,Normal
20320,tcp,private,DoS
20321,tcp,http,Normal
20322,tcp,telnet,Normal
20323,tcp,private,DoS
20324,tcp,http,Normal
20325,tcp,smtp,Normal
20326,tcp,other,DoS
20327,udp,domain_u,Normal
20328,tcp,other,Probe
20329,tcp,private,DoS
20330,tcp,http,Normal
20331,tcp,other,Probe
20332,tcp,other,DoS
20333,tcp,http,Normal
20334,tcp,http,Normal
20335,tcp,smtp,Normal
20336,tcp,other,Probe
20337,tcp,http,Normal
20338,tcp,other,Normal
20339,tcp,other,Normal
20340,tcp,http,Normal
20341,icmp,eco_i,Probe
20342,udp,domain_u,Normal
20343,tcp,http,DoS
20344,tcp,smtp,Normal
20345,udp,private,Normal
20346,tcp,telnet,R2L
20347,tcp,other,DoS
20348,tcp,private,Probe
20349,tcp,http,Normal
20350,tcp,ftp_data,Normal
20351,tcp,private,DoS
20352,tcp,http,Normal
20353,icmp,ecr_i,DoS
20354,tcp,http,Normal
20355,tcp,private,DoS
20356,tcp,private,DoS
20357,tcp,http,Normal
20358,tcp,http,Normal
20359,tcp,http,DoS
20360,tcp,http,Normal
20361,tcp,other,DoS
20362,udp,other,Normal
20363,tcp,http,DoS
20364,tcp,smtp,Normal
20365,tcp,uucp_path,DoS
20366,tcp,http,Normal
20367,tcp,private,DoS
20368,tcp,other,Normal
20369,udp,private,Normal
20370,tcp,http,Normal
20371,tcp,private,DoS
20372,tcp,private,DoS
20373,tcp,http,Normal
20374,tcp,smtp,Normal
20375,tcp,telnet,Normal
20376,tcp,http,Normal
20377,tcp,http,Normal
20378,udp,private,Probe
20379,tcp,http,Normal
20380,tcp,http,Normal
20381,tcp,other,DoS
20382,tcp,smtp,Normal
20383,icmp,eco_i,Probe
20384,tcp,private,DoS
20385,tcp,http,Normal
20386,tcp,private,DoS
20387,tcp,http,Normal
20388,icmp,other,Normal
20389,tcp,http,Normal
20390,tcp,other,Normal
20391,tcp,http,Normal
20392,tcp,other,Normal
20393,tcp,http,Normal
20394,tcp,finger,DoS
20395,tcp,private,DoS
20396,tcp,http,Normal
20397,tcp,ftp_data,R2L
20398,tcp,http,Normal
20399,udp,private,Probe
20400,tcp,http,Normal
20401,tcp,ftp_data,R2L
20402,tcp,private,Probe
20403,tcp,http,Normal
20404,tcp,http,DoS
20405,udp,domain_u,Normal
20406,tcp,telnet,DoS
20407,tcp,other,Probe
20408,tcp,http,Normal
20409,tcp,other,DoS
20410,tcp,ftp,Normal
20411,tcp,ftp_data,Normal
20412,tcp,http,Normal
20413,tcp,telnet,DoS
20414,tcp,telnet,Normal
20415,tcp,telnet,Normal
20416,udp,other,Normal
20417,tcp,telnet,Normal
20418,udp,private,Normal
20419,tcp,other,Normal
20420,tcp,http,Normal
20421,tcp,http,Normal
20422,tcp,private,DoS
20423,tcp,ftp,Normal
20424,tcp,private,DoS
20425,tcp,other,DoS
20426,tcp,smtp,Normal
20427,udp,private,Probe
20428,tcp,http,DoS
20429,tcp,http,Normal
20430,tcp,http,Normal
20431,tcp,private,DoS
20432,tcp,smtp,Normal
20433,tcp,uucp_path,DoS
20434,tcp,ftp_data,Normal
20435,tcp,http,Normal
20436,icmp,ecr_i,DoS
20437,tcp,private,DoS
20438,tcp,http,Normal
20439,tcp,other,Normal
20440,udp,private,Normal
20441,udp,private,Probe
20442,tcp,http,Normal
20443,tcp,http,DoS
20444,tcp,http,Normal
20445,tcp,smtp,Normal
20446,tcp,http,Normal
20447,udp,private,DoS
20448,tcp,other,Probe
20449,tcp,smtp,Normal
20450,udp,private,DoS
20451,tcp,http,Normal
20452,tcp,other,DoS
20453,udp,private,Normal
20454,tcp,http,Normal
20455,udp,domain_u,Normal
20456,tcp,http,DoS
20457,tcp,smtp,Normal
20458,udp,domain_u,Normal
20459,tcp,private,DoS
20460,udp,private,Normal
20461,tcp,private,DoS
20462,tcp,other,Normal
20463,icmp,eco_i,Probe
20464,tcp,private,DoS
20465,tcp,private,DoS
20466,tcp,smtp,Normal
20467,tcp,bgp,DoS
20468,tcp,smtp,Normal
20469,tcp,private,DoS
20470,icmp,eco_i,Probe
20471,tcp,private,DoS
20472,udp,private,Normal
20473,tcp,ftp,Normal
20474,tcp,telnet,Normal
20475,tcp,http,Normal
20476,tcp,other,DoS
20477,tcp,http,Normal
20478,tcp,http,Normal
20479,tcp,ftp_data,Normal
20480,tcp,ftp,Normal
20481,tcp,other,Probe
20482,tcp,private,DoS
20483,tcp,http,Normal
20484,tcp,other,Probe
20485,tcp,other,Probe
20486,tcp,http,Normal
20487,tcp,http,Normal
20488,tcp,http,Normal
20489,tcp,telnet,Normal
20490,tcp,http,Normal
20491,udp,private,Normal
20492,icmp,ecr_i,DoS
20493,tcp,private,DoS
20494,tcp,telnet,Normal
20495,tcp,smtp,Normal
20496,tcp,telnet,Normal
20497,tcp,ftp_data,DoS
20498,tcp,telnet,Normal
20499,udp,private,Normal
20500,tcp,telnet,Normal
20501,tcp,telnet,DoS
20502,tcp,other,DoS
20503,tcp,http,Normal
20504,tcp,other,Probe
20505,tcp,http,Normal
20506,tcp,http,DoS
20507,tcp,auth,DoS
20508,tcp,private,DoS
20509,tcp,http,Normal
20510,tcp,http,Normal
20511,udp,private,Normal
20512,icmp,ecr_i,DoS
20513,tcp,telnet,Normal
20514,tcp,private,DoS
20515,tcp,other,DoS
20516,tcp,http,Normal
20517,tcp,http,Normal
20518,udp,private,Probe
20519,tcp,private,DoS
20520,tcp,http,Normal
20521,tcp,other,Normal
20522,tcp,http,Normal
20523,tcp,http,Normal
20524,tcp,http,DoS
20525,tcp,smtp,Normal
20526,tcp,http,Normal
20527,tcp,http,DoS
20528,tcp,http,Normal
20529,udp,domain_u,Normal
20530,udp,private,Normal
20531,tcp,ftp,Normal
20532,udp,private,Normal
20533,tcp,other,Probe
20534,tcp,http,Normal
20535,udp,domain_u,Normal
20536,tcp,http,Normal
20537,tcp,smtp,Normal
20538,tcp,other,DoS
20539,tcp,other,Normal
20540,tcp,http,Normal
20541,tcp,ftp_data,DoS
20542,tcp,other,DoS
20543,tcp,other,DoS
20544,tcp,private,DoS
20545,tcp,other,Probe
20546,tcp,ftp,Normal
20547,tcp,telnet,Normal
20548,tcp,http,Normal
20549,tcp,smtp,Normal
20550,udp,domain_u,Normal
20551,udp,private,Normal
20552,tcp,http,Normal
20553,icmp,eco_i,Probe
20554,tcp,telnet,Normal
20555,tcp,telnet,U2R
20556,tcp,http,Normal
20557,tcp,private,DoS
20558,udp,domain_u,Normal
20559,udp,private,Probe
20560,tcp,http,DoS
20561,udp,private,Probe
20562,tcp,private,DoS
20563,tcp,http,DoS
20564,tcp,private,DoS
20565,tcp,http,Normal
20566,tcp,http,Normal
20567,tcp,private,DoS
20568,tcp,http,Normal
20569,tcp,other,DoS
20570,tcp,http,Normal
20571,tcp,other,Normal
20572,tcp,finger,Normal
20573,tcp,http,Normal
20574,udp,domain_u,Normal
20575,tcp,http,Normal
20576,tcp,telnet,Normal
20577,tcp,http,Normal
20578,tcp,http,Normal
20579,udp,domain_u,Normal
20580,tcp,private,DoS
20581,tcp,http,Normal
20582,tcp,http,Normal
20583,tcp,http,Normal
20584,tcp,telnet,Normal
20585,tcp,other,DoS
20586,tcp,private,DoS
20587,tcp,other,DoS
20588,tcp,ftp_data,Normal
20589,tcp,http,Normal
20590,tcp,http,Normal
20591,tcp,http,Normal
20592,tcp,http,DoS
20593,udp,private,Normal
20594,tcp,private,DoS
20595,tcp,http,Normal
20596,tcp,ftp,Normal
20597,tcp,private,DoS
20598,tcp,http,DoS
20599,tcp,http,Normal
20600,tcp,http,Normal
20601,tcp,private,DoS
20602,tcp,http,DoS
20603,tcp,uucp,Probe
20604,tcp,smtp,Normal
20605,tcp,http,Normal
20606,tcp,ftp_data,Normal
20607,icmp,eco_i,Probe
20608,tcp,smtp,Normal
20609,udp,domain_u,Normal
20610,tcp,private,Probe
20611,tcp,private,DoS
20612,tcp,private,DoS
20613,tcp,ftp_data,Normal
20614,tcp,http,Normal
20615,tcp,http,DoS
20616,tcp,ftp_data,R2L
20617,tcp,http,Normal
20618,tcp,http,Normal
20619,tcp,smtp,Normal
20620,tcp,http,DoS
20621,udp,domain_u,Normal
20622,tcp,http,Normal
20623,tcp,http,Normal
20624,tcp,other,Normal
20625,tcp,smtp,Normal
20626,tcp,other,Normal
20627,tcp,private,Probe
20628,tcp,private,DoS
20629,tcp,private,DoS
20630,udp,domain_u,Normal
20631,tcp,http,Normal
20632,icmp,ecr_i,DoS
20633,tcp,private,DoS
20634,tcp,http,Normal
20635,tcp,private,DoS
20636,tcp,smtp,Normal
20637,tcp,iso_tsap,DoS
20638,tcp,http,Normal
20639,tcp,http,Normal
20640,udp,domain_u,Normal
20641,tcp,private,DoS
20642,tcp,private,DoS
20643,tcp,private,DoS
20644,tcp,smtp,Normal
20645,tcp,private,DoS
20646,tcp,telnet,Normal
20647,tcp,courier,DoS
20648,tcp,other,Probe
20649,tcp,ftp,Normal
20650,udp,private,Normal
20651,tcp,http,Normal
20652,tcp,smtp,Normal
20653,tcp,http,Normal
20654,tcp,ftp_data,Normal
20655,tcp,http,Normal
20656,tcp,http,Normal
20657,tcp,http,Normal
20658,tcp,private,DoS
20659,udp,private,DoS
20660,tcp,other,DoS
20661,tcp,http,Normal
20662,tcp,private,DoS
20663,tcp,private,DoS
20664,icmp,ecr_i,DoS
20665,tcp,other,DoS
20666,tcp,http,Normal
20667,udp,private,Probe
20668,tcp,other,Probe
20669,icmp,ecr_i,DoS
20670,tcp,time,Normal
20671,udp,domain_u,Normal
20672,tcp,smtp,Normal
20673,tcp,private,DoS
20674,icmp,ecr_i,DoS
20675,icmp,ecr_i,DoS
20676,tcp,http,Normal
20677,tcp,telnet,DoS
20678,tcp,other,Normal
20679,udp,domain_u,Normal
20680,tcp,http,Normal
20681,tcp,telnet,Normal
20682,tcp,private,DoS
20683,tcp,other,Normal
20684,tcp,private,DoS
20685,tcp,ftp_data,Normal
20686,icmp,eco_i,Probe
20687,udp,private,Normal
20688,tcp,other,DoS
20689,tcp,http,Normal
20690,tcp,http,Normal
20691,tcp,http,Probe
20692,tcp,ftp,Normal
20693,tcp,other,Normal
20694,tcp,http,DoS
20695,tcp,smtp,Normal
20696,tcp,telnet,Normal
20697,tcp,finger,DoS
20698,tcp,http,Normal
20699,tcp,other,Probe
20700,tcp,telnet,Normal
20701,tcp,http,Normal
20702,tcp,other,Probe
20703,udp,private,DoS
20704,tcp,telnet,Normal
20705,tcp,private,DoS
20706,tcp,http,DoS
20707,tcp,telnet,DoS
20708,tcp,http,Normal
20709,icmp,ecr_i,DoS
20710,tcp,http,Normal
20711,tcp,other,DoS
20712,tcp,telnet,Normal
20713,tcp,http,Normal
20714,tcp,private,Probe
20715,tcp,other,Probe
20716,tcp,http,Normal
20717,tcp,smtp,Normal
20718,udp,private,DoS
20719,tcp,other,Normal
20720,tcp,http,Normal
20721,tcp,ftp_data,Normal
20722,tcp,finger,DoS
20723,udp,private,Probe
20724,tcp,http,Normal
20725,tcp,other,DoS
20726,tcp,private,DoS
20727,tcp,private,DoS
20728,tcp,ftp_data,R2L
20729,icmp,ecr_i,DoS
20730,tcp,private,DoS
20731,tcp,private,DoS
20732,tcp,http,Normal
20733,tcp,http,Normal
20734,tcp,telnet,Normal
20735,tcp,private,DoS
20736,tcp,private,DoS
20737,tcp,http,Normal
20738,tcp,http,Normal
20739,tcp,private,DoS
20740,tcp,http,Normal
20741,tcp,private,DoS
20742,tcp,auth,DoS
20743,udp,domain_u,Normal
20744,tcp,http,Normal
20745,tcp,private,DoS
20746,tcp,other,DoS
20747,tcp,http,Normal
20748,tcp,private,DoS
20749,tcp,private,DoS
20750,tcp,other,Probe
20751,tcp,private,DoS
20752,tcp,ftp,Normal
20753,udp,private,Normal
20754,tcp,private,DoS
20755,tcp,private,DoS
20756,udp,domain_u,Normal
20757,tcp,private,DoS
20758,tcp,http,Normal
20759,tcp,smtp,Normal
20760,tcp,http,Normal
20761,tcp,finger,DoS
20762,tcp,ftp,Normal
20763,tcp,private,DoS
20764,tcp,telnet,Normal
20765,tcp,private,DoS
20766,tcp,telnet,Normal
20767,tcp,http,Normal
20768,tcp,uucp,DoS
20769,tcp,other,DoS
20770,tcp,ftp,Normal
20771,tcp,other,DoS
20772,tcp,http,Normal
20773,tcp,http,Normal
20774,tcp,http,DoS
20775,tcp,http,Probe
20776,tcp,http,DoS
20777,udp,private,DoS
20778,tcp,http,DoS
20779,tcp,private,DoS
20780,udp,private,DoS
20781,tcp,private,DoS
20782,tcp,http,Normal
20783,tcp,other,DoS
20784,tcp,http,Normal
20785,tcp,ftp,Normal
20786,udp,other,Normal
20787,tcp,http,Normal
20788,tcp,http,Normal
20789,tcp,other,Probe
20790,tcp,smtp,Normal
20791,udp,private,Normal
20792,tcp,private,DoS
20793,tcp,telnet,Normal
20794,tcp,http,Normal
20795,udp,private,Probe
20796,udp,private,DoS
20797,tcp,ftp_data,Normal
20798,tcp,ftp,Normal
20799,tcp,ftp_data,Normal
20800,udp,private,DoS
20801,tcp,http,Normal
20802,icmp,ecr_i,DoS
20803,tcp,http,Normal
20804,udp,private,Normal
20805,tcp,http,Normal
20806,tcp,http,Normal
20807,tcp,other,DoS
20808,icmp,other,Normal
20809,udp,private,Probe
20810,tcp,other,DoS
20811,tcp,http,Normal
20812,tcp,http,Normal
20813,tcp,http,Normal
20814,tcp,other,Normal
20815,tcp,other,Normal
20816,tcp,http,Normal
20817,tcp,smtp,Normal
20818,udp,private,Normal
20819,tcp,http,Normal
20820,tcp,http,Normal
20821,tcp,other,DoS
20822,tcp,http,Normal
20823,tcp,http,Normal
20824,tcp,smtp,Normal
20825,tcp,telnet,Normal
20826,tcp,http,Normal
20827,tcp,http,Normal
20828,tcp,private,Probe
20829,tcp,iso_tsap,DoS
20830,tcp,private,DoS
20831,tcp,private,DoS
20832,tcp,other,Normal
20833,tcp,telnet,Normal
20834,udp,private,Probe
20835,icmp,eco_i,Probe
20836,tcp,private,Probe
20837,tcp,http,Normal
20838,tcp,private,DoS
20839,tcp,http,Normal
20840,tcp,http,Normal
20841,tcp,ftp,Normal
20842,tcp,private,DoS
20843,udp,private,Normal
20844,tcp,whois,DoS
20845,tcp,http,Normal
20846,tcp,http,Normal
20847,tcp,other,Normal
20848,udp,private,Normal
20849,tcp,smtp,Normal
20850,tcp,http,Normal
20851,tcp,http,Normal
20852,tcp,http,Normal
20853,tcp,http,Normal
20854,tcp,other,Normal
20855,tcp,other,DoS
20856,tcp,private,DoS
20857,tcp,smtp,Normal
20858,tcp,http,Normal
20859,tcp,http,Normal
20860,tcp,private,DoS
20861,tcp,telnet,Normal
20862,udp,private,Normal
20863,udp,domain_u,Normal
20864,tcp,http,Normal
20865,udp,other,Probe
20866,tcp,smtp,Normal
20867,tcp,http,Normal
20868,tcp,http,Normal
20869,tcp,http,Normal
20870,tcp,http,Normal
20871,tcp,private,DoS
20872,tcp,courier,DoS
20873,tcp,http,Normal
20874,udp,private,Probe
20875,tcp,ftp_data,R2L
20876,tcp,other,Normal
20877,tcp,other,Normal
20878,tcp,private,DoS
20879,tcp,http,Normal
20880,tcp,private,DoS
20881,tcp,http,DoS
20882,tcp,http,Normal
20883,tcp,telnet,Normal
20884,tcp,ftp_data,Normal
20885,tcp,private,DoS
20886,tcp,telnet,Normal
20887,tcp,other,DoS
20888,tcp,telnet,Normal
20889,tcp,other,Normal
20890,tcp,http,Normal
20891,tcp,private,DoS
20892,tcp,other,Probe
20893,tcp,http,DoS
20894,tcp,telnet,U2R
20895,tcp,other,Normal
20896,tcp,Z39_50,DoS
20897,tcp,http,Normal
20898,tcp,http,Normal
20899,tcp,ftp_data,R2L
20900,udp,domain_u,Normal
20901,tcp,telnet,Normal
20902,tcp,whois,DoS
20903,tcp,private,DoS
20904,tcp,other,DoS
20905,tcp,http,Normal
20906,udp,private,Normal
20907,tcp,private,DoS
20908,udp,domain_u,Normal
20909,tcp,http,Normal
20910,tcp,telnet,Normal
20911,tcp,other,DoS
20912,udp,private,DoS
20913,icmp,eco_i,Probe
20914,tcp,private,DoS
20915,tcp,private,DoS
20916,tcp,other,DoS
20917,tcp,telnet,Normal
20918,udp,other,Normal
20919,tcp,http,Normal
20920,tcp,private,DoS
20921,tcp,other,Normal
20922,tcp,other,DoS
20923,tcp,private,DoS
20924,tcp,private,DoS
20925,tcp,http,Normal
20926,tcp,http,Normal
20927,tcp,private,DoS
20928,tcp,other,Probe
20929,udp,private,Normal
20930,tcp,other,Probe
20931,tcp,http,Normal
20932,udp,private,Normal
20933,icmp,ecr_i,Normal
20934,tcp,ftp_data,Normal
20935,tcp,private,DoS
20936,tcp,other,DoS
20937,tcp,private,DoS
20938,tcp,http,Normal
20939,tcp,http,Normal
20940,tcp,private,DoS
20941,tcp,ftp_data,DoS
20942,tcp,other,DoS
20943,tcp,http,Normal
20944,tcp,private,DoS
20945,tcp,other,Normal
20946,udp,private,Probe
20947,tcp,http,Normal
20948,tcp,http,Normal
20949,tcp,telnet,Normal
20950,tcp,ftp_data,Normal
20951,tcp,http,Normal
20952,tcp,http,Normal
20953,tcp,private,DoS
20954,tcp,http,DoS
20955,tcp,private,Probe
20956,udp,private,DoS
20957,tcp,http,Normal
20958,tcp,ftp,Normal
20959,tcp,other,Normal
20960,tcp,private,DoS
20961,udp,private,DoS
20962,tcp,http,Normal
20963,tcp,private,DoS
20964,tcp,finger,DoS
20965,tcp,ftp_data,R2L
20966,tcp,http,Normal
20967,tcp,http,Normal
20968,udp,domain_u,Normal
20969,tcp,http,Normal
20970,tcp,private,DoS
20971,tcp,http,Normal
20972,tcp,telnet,DoS
20973,tcp,http,Normal
20974,tcp,http,Normal
20975,tcp,other,DoS
20976,tcp,http,Normal
20977,tcp,other,DoS
20978,tcp,ftp_data,R2L
20979,tcp,http,DoS
20980,tcp,http,Normal
20981,tcp,private,DoS
20982,tcp,private,DoS
20983,tcp,other,Probe
20984,tcp,telnet,Normal
20985,tcp,http,Normal
20986,tcp,private,DoS
20987,tcp,telnet,Normal
20988,tcp,private,DoS
20989,udp,private,Probe
20990,tcp,http,Normal
20991,tcp,finger,Normal
20992,tcp,http,Normal
20993,tcp,private,DoS
20994,tcp,private,DoS
20995,tcp,telnet,Normal
20996,tcp,http,Normal
20997,tcp,other,DoS
20998,tcp,smtp,Normal
20999,tcp,ftp_data,R2L
21000,tcp,telnet,Normal
21001,tcp,http,Normal
21002,tcp,http,Normal
21003,tcp,private,DoS
21004,tcp,telnet,Normal
21005,tcp,http,Normal
21006,tcp,private,DoS
21007,tcp,other,DoS
21008,tcp,http,Normal
21009,tcp,other,Normal
21010,tcp,http,Normal
21011,tcp,ftp_data,Normal
21012,tcp,http,DoS
21013,udp,domain_u,Normal
21014,tcp,other,Probe
21015,tcp,http,DoS
21016,tcp,http,DoS
21017,tcp,private,DoS
21018,udp,private,DoS
21019,tcp,other,DoS
21020,tcp,other,Normal
21021,tcp,smtp,Normal
21022,tcp,telnet,Normal
21023,tcp,telnet,Normal
21024,tcp,smtp,Normal
21025,icmp,eco_i,Probe
21026,tcp,http,Normal
21027,tcp,private,DoS
21028,tcp,http,Normal
21029,tcp,private,DoS
21030,tcp,telnet,Normal
21031,tcp,other,DoS
21032,tcp,ftp_data,Normal
21033,tcp,http,Normal
21034,tcp,http,Normal
21035,tcp,http,Normal
21036,tcp,http,Normal
21037,tcp,telnet,R2L
21038,tcp,telnet,Normal
21039,tcp,http,Normal
21040,tcp,http,Normal
21041,icmp,ecr_i,DoS
21042,tcp,other,DoS
21043,tcp,http,Normal
21044,tcp,private,DoS
21045,tcp,private,DoS
21046,udp,private,DoS
21047,tcp,http,Normal
21048,tcp,http,Normal
21049,tcp,http,DoS
21050,tcp,private,DoS
21051,tcp,http,Normal
21052,tcp,bgp,DoS
21053,tcp,ftp_data,R2L
21054,tcp,other,Normal
21055,tcp,http,Normal
21056,tcp,auth,Normal
21057,tcp,other,Normal
21058,tcp,http,Normal
21059,tcp,uucp,DoS
21060,tcp,ftp_data,Normal
21061,tcp,http,Normal
21062,tcp,private,DoS
21063,tcp,private,DoS
21064,tcp,private,DoS
21065,tcp,http,Normal
21066,tcp,http,Normal
21067,tcp,ftp,Normal
21068,tcp,auth,Normal
21069,udp,domain_u,Normal
21070,tcp,http,Normal
21071,udp,private,Normal
21072,tcp,other,Normal
21073,tcp,smtp,Normal
21074,tcp,other,DoS
21075,tcp,smtp,Normal
21076,tcp,telnet,Normal
21077,tcp,http,Normal
21078,tcp,http,Normal
21079,tcp,other,Normal
21080,tcp,other,Normal
21081,tcp,whois,DoS
21082,tcp,other,Probe
21083,tcp,http,Normal
21084,udp,private,Probe
21085,tcp,other,Probe
21086,tcp,other,Normal
21087,tcp,http,Normal
21088,tcp,other,Probe
21089,tcp,ftp,Normal
21090,tcp,ftp,Normal
21091,tcp,smtp,Normal
21092,tcp,http,Normal
21093,tcp,private,DoS
21094,tcp,http,Normal
21095,tcp,other,DoS
21096,tcp,ftp_data,R2L
21097,tcp,telnet,Normal
21098,tcp,http,Normal
21099,tcp,other,Probe
21100,tcp,http,Normal
21101,tcp,other,DoS
21102,tcp,telnet,Normal
21103,tcp,http,Normal
21104,tcp,private,DoS
21105,tcp,ftp_data,Normal
21106,icmp,ecr_i,DoS
21107,tcp,ftp,Normal
21108,tcp,http,Normal
21109,tcp,telnet,Normal
21110,tcp,other,DoS
21111,tcp,ftp,Normal
21112,tcp,other,DoS
21113,tcp,http,Normal
21114,udp,domain_u,Normal
21115,tcp,http,Normal
21116,tcp,private,DoS
21117,tcp,telnet,DoS
21118,tcp,whois,DoS
21119,tcp,ftp_data,R2L
21120,udp,private,Probe
21121,tcp,http,Normal
21122,tcp,private,DoS
21123,tcp,http,DoS
21124,udp,private,Normal
21125,tcp,ftp_data,Normal
21126,icmp,ecr_i,DoS
21127,tcp,ftp_data,Normal
21128,tcp,http,Normal
21129,icmp,eco_i,Probe
21130,tcp,http,Normal
21131,tcp,http,Normal
21132,tcp,http,DoS
21133,tcp,other,DoS
21134,tcp,private,DoS
21135,tcp,http,Normal
21136,tcp,other,DoS
21137,tcp,other,Probe
21138,tcp,other,DoS
21139,tcp,other,Normal
21140,tcp,private,Probe
21141,tcp,smtp,Normal
21142,udp,domain_u,Probe
21143,tcp,telnet,DoS
21144,udp,private,Normal
21145,udp,private,Normal
21146,tcp,other,Normal
21147,tcp,http,Normal
21148,tcp,http,Normal
21149,udp,private,Normal
21150,tcp,private,DoS
21151,tcp,ftp,Normal
21152,tcp,private,DoS
21153,tcp,other,DoS
21154,tcp,telnet,Normal
21155,tcp,http,Normal
21156,tcp,private,DoS
21157,tcp,other,Probe
21158,tcp,ftp,Normal
21159,tcp,http,DoS
21160,tcp,http,Normal
21161,tcp,http,Normal
21162,tcp,private,DoS
21163,tcp,telnet,Normal
21164,tcp,private,DoS
21165,tcp,http,Normal
21166,tcp,smtp,Normal
21167,tcp,http,Normal
21168,tcp,smtp,Normal
21169,tcp,telnet,Normal
21170,tcp,http,Normal
21171,tcp,private,DoS
21172,tcp,http,Normal
21173,tcp,http,Normal
21174,tcp,http,Normal
21175,tcp,other,Normal
21176,icmp,eco_i,Probe
21177,tcp,private,DoS
21178,tcp,http,Normal
21179,tcp,http,Normal
21180,tcp,http,Normal
21181,tcp,http,Normal
21182,tcp,private,DoS
21183,tcp,http,Normal
21184,tcp,http,Normal
21185,tcp,http,Normal
21186,tcp,other,DoS
21187,tcp,other,DoS
21188,tcp,http,DoS
21189,tcp,other,Normal
21190,icmp,eco_i,Probe
21191,tcp,http,Normal
21192,tcp,telnet,Normal
21193,tcp,other,Probe
21194,tcp,http,Normal
21195,tcp,http,Normal
21196,tcp,smtp,Normal
21197,tcp,http,Normal
21198,tcp,ftp,Normal
21199,tcp,http,Normal
21200,tcp,telnet,Normal
21201,tcp,private,DoS
21202,udp,domain_u,Normal
21203,tcp,ftp,Normal
21204,tcp,http,Normal
21205,tcp,telnet,Normal
21206,tcp,http,Normal
21207,tcp,other,Probe
21208,tcp,ftp_data,R2L
21209,tcp,http,Normal
21210,tcp,http,Normal
21211,tcp,http,Normal
21212,tcp,ftp,DoS
21213,tcp,other,Probe
21214,tcp,smtp,Normal
21215,tcp,http,DoS
21216,udp,domain_u,Normal
21217,udp,domain_u,Normal
21218,tcp,telnet,Normal
21219,tcp,private,DoS
21220,tcp,http,Normal
21221,tcp,other,Probe
21222,udp,domain_u,Normal
21223,tcp,private,DoS
21224,tcp,other,Normal
21225,tcp,ftp,Normal
21226,tcp,http,Normal
21227,tcp,http,Normal
21228,udp,private,Normal
21229,udp,domain_u,Normal
21230,tcp,http,Normal
21231,udp,domain_u,Normal
21232,tcp,http,Normal
21233,tcp,Z39_50,DoS
21234,icmp,ecr_i,DoS
21235,tcp,http,Normal
21236,tcp,http,Normal
21237,tcp,telnet,Normal
21238,tcp,ftp,Normal
21239,tcp,http,DoS
21240,tcp,http,Normal
21241,tcp,iso_tsap,DoS
21242,udp,private,Normal
21243,tcp,http,Normal
21244,tcp,http,Normal
21245,tcp,http,Normal
21246,tcp,ftp,Normal
21247,tcp,http,Normal
21248,tcp,http,Normal
21249,tcp,http,Normal
21250,tcp,http,Normal
21251,tcp,private,DoS
21252,tcp,http,Normal
21253,udp,private,Probe
21254,tcp,ftp_data,R2L
21255,tcp,http,Normal
21256,tcp,other,Probe
21257,tcp,http,Normal
21258,tcp,http,Normal
21259,tcp,other,Normal
21260,tcp,finger,DoS
21261,tcp,smtp,Normal
21262,tcp,http,Normal
21263,tcp,http,Normal
21264,tcp,private,DoS
21265,tcp,http,Normal
21266,tcp,http,Normal
21267,tcp,private,DoS
21268,tcp,http,Normal
21269,tcp,other,DoS
21270,tcp,telnet,Normal
21271,udp,private,Normal
21272,tcp,other,DoS
21273,tcp,private,DoS
21274,tcp,telnet,Normal
21275,tcp,private,DoS
21276,tcp,http,Normal
21277,tcp,other,Probe
21278,tcp,other,Normal
21279,tcp,http,Normal
21280,udp,private,Normal
21281,tcp,telnet,Normal
21282,tcp,http,DoS
21283,tcp,http,Normal
21284,tcp,http,Normal
21285,udp,private,DoS
21286,tcp,private,DoS
21287,tcp,http,Normal
21288,tcp,http,Normal
21289,tcp,private,DoS
21290,tcp,private,Probe
21291,tcp,telnet,Normal
21292,tcp,ftp_data,Normal
21293,tcp,http,Normal
21294,tcp,other,Probe
21295,tcp,smtp,Normal
21296,tcp,http,Normal
21297,tcp,other,Normal
21298,tcp,private,DoS
21299,tcp,private,Probe
21300,udp,private,Normal
21301,tcp,ftp,Normal
21302,udp,domain_u,Normal
21303,tcp,http,Normal
21304,tcp,other,Normal
21305,tcp,telnet,Normal
21306,tcp,http,Normal
21307,tcp,private,DoS
21308,tcp,private,DoS
21309,tcp,http,Normal
21310,tcp,telnet,Normal
21311,tcp,http,Normal
21312,udp,private,DoS
21313,tcp,private,DoS
21314,tcp,http,Normal
21315,tcp,http,DoS
21316,tcp,http,DoS
21317,tcp,other,Normal
21318,udp,domain_u,Normal
21319,icmp,eco_i,Probe
21320,tcp,http,Normal
21321,tcp,private,DoS
21322,tcp,http,Normal
21323,tcp,smtp,Normal
21324,tcp,http,Normal
21325,tcp,private,DoS
21326,tcp,ftp_data,R2L
21327,tcp,http,Normal
21328,udp,domain_u,Normal
21329,tcp,telnet,Normal
21330,tcp,telnet,Normal
21331,tcp,ftp,Normal
21332,tcp,smtp,Normal
21333,tcp,http,Normal
21334,udp,domain_u,Normal
21335,tcp,http,Normal
21336,udp,private,DoS
21337,tcp,http,DoS
21338,tcp,http,Normal
21339,tcp,telnet,Normal
21340,tcp,http,Normal
21341,tcp,telnet,Normal
21342,tcp,http,DoS
21343,tcp,other,Normal
21344,tcp,other,Probe
21345,udp,domain_u,Normal
21346,tcp,private,DoS
21347,tcp,http,Normal
21348,tcp,private,DoS
21349,tcp,other,DoS
21350,tcp,http,Normal
21351,tcp,ftp_data,R2L
21352,tcp,other,DoS
21353,tcp,http,Normal
21354,tcp,http,Normal
21355,udp,domain_u,Normal
21356,udp,private,DoS
21357,tcp,other,Probe
21358,tcp,other,Normal
21359,tcp,http,Normal
21360,tcp,http,Normal
21361,tcp,ftp,Normal
21362,tcp,http,Normal
21363,tcp,other,Normal
21364,tcp,http,Normal
21365,tcp,smtp,Normal
21366,tcp,other,Probe
21367,tcp,private,DoS
21368,tcp,http,Normal
21369,tcp,http,Normal
21370,tcp,private,Probe
21371,udp,domain_u,Normal
21372,tcp,other,DoS
21373,tcp,other,DoS
21374,icmp,ecr_i,DoS
21375,tcp,other,Normal
21376,tcp,http,Normal
21377,tcp,other,Normal
21378,tcp,private,DoS
21379,tcp,private,Probe
21380,tcp,http,Normal
21381,tcp,http,Normal
21382,tcp,telnet,Normal
21383,tcp,private,DoS
21384,tcp,http,Normal
21385,tcp,ftp,Normal
21386,tcp,http,DoS
21387,tcp,http,Normal
21388,tcp,other,Probe
21389,tcp,ftp_data,Normal
21390,udp,domain_u,Normal
21391,tcp,private,DoS
21392,tcp,http,Normal
21393,tcp,smtp,Normal
21394,tcp,private,DoS
21395,udp,private,Normal
21396,tcp,http,Normal
21397,tcp,telnet,DoS
21398,icmp,ecr_i,DoS
21399,udp,domain_u,Normal
21400,tcp,other,Probe
21401,tcp,other,Normal
21402,udp,private,Normal
21403,tcp,http,Normal
21404,tcp,telnet,Normal
21405,udp,domain_u,Normal
21406,udp,private,Probe
21407,tcp,smtp,Normal
21408,tcp,telnet,Normal
21409,tcp,http,DoS
21410,tcp,other,DoS
21411,udp,private,Normal
21412,tcp,telnet,Normal
21413,tcp,http,Normal
21414,udp,private,Normal
21415,tcp,ftp,Normal
21416,tcp,http,Normal
21417,tcp,other,DoS
21418,tcp,http,Normal
21419,tcp,http,Normal
21420,tcp,ftp,Normal
21421,tcp,ftp_data,Normal
21422,icmp,ecr_i,DoS
21423,tcp,ftp_data,R2L
21424,tcp,private,DoS
21425,tcp,http,Normal
21426,tcp,private,DoS
21427,tcp,http,Normal
21428,tcp,telnet,Normal
21429,udp,private,Probe
21430,tcp,http,Normal
21431,udp,private,Probe
21432,udp,private,Normal
21433,tcp,finger,DoS
21434,tcp,ftp_data,DoS
21435,tcp,ftp_data,Normal
21436,tcp,http,DoS
21437,tcp,http,Normal
21438,tcp,http,Normal
21439,tcp,smtp,Normal
21440,udp,domain_u,Normal
21441,tcp,http,Normal
21442,tcp,finger,Normal
21443,tcp,other,Probe
21444,tcp,private,Probe
21445,tcp,http,DoS
21446,tcp,http,Normal
21447,tcp,private,Probe
21448,tcp,http,Normal
21449,tcp,http,DoS
21450,tcp,other,Probe
21451,tcp,http,Normal
21452,tcp,ftp_data,R2L
21453,udp,domain_u,Normal
21454,tcp,ftp,Normal
21455,tcp,private,DoS
21456,tcp,private,DoS
21457,tcp,other,Normal
21458,tcp,private,DoS
21459,tcp,http,Normal
21460,tcp,http,DoS
21461,tcp,private,DoS
21462,icmp,ecr_i,DoS
21463,tcp,telnet,DoS
21464,tcp,http,Normal
21465,tcp,http,Normal
21466,tcp,private,DoS
21467,tcp,http,Normal
21468,tcp,telnet,DoS
21469,tcp,other,Normal
21470,tcp,http,Normal
21471,tcp,http,Normal
21472,tcp,other,Normal
21473,udp,private,Normal
21474,tcp,finger,DoS
21475,tcp,http,Normal
21476,tcp,telnet,Normal
21477,udp,domain_u,Normal
21478,tcp,other,DoS
21479,tcp,ftp,Normal
21480,udp,private,Probe
21481,udp,private,DoS
21482,tcp,http,Normal
21483,udp,private,DoS
21484,tcp,private,Probe
21485,tcp,http,Normal
21486,tcp,http,Normal
21487,udp,domain_u,Normal
21488,udp,private,Normal
21489,tcp,http,Normal
21490,tcp,http,Normal
21491,tcp,private,DoS
21492,tcp,ftp,Normal
21493,tcp,smtp,Normal
21494,udp,domain_u,Normal
21495,udp,private,Normal
21496,tcp,http,Normal
21497,tcp,ftp_data,Normal
21498,tcp,http,DoS
21499,tcp,private,DoS
21500,tcp,ftp_data,Normal
21501,tcp,http,Normal
21502,udp,domain_u,Normal
21503,tcp,http,Normal
21504,udp,private,Normal
21505,tcp,http,Normal
21506,udp,private,Probe
21507,tcp,ftp_data,DoS
21508,icmp,ecr_i,Probe
21509,tcp,private,DoS
21510,tcp,http,Normal
21511,tcp,private,DoS
21512,tcp,ftp,Normal
21513,tcp,http,Normal
21514,tcp,http,Normal
21515,tcp,http,Normal
21516,udp,private,Normal
21517,udp,private,Probe
21518,tcp,telnet,Normal
21519,tcp,http,Normal
21520,tcp,ftp_data,Normal
21521,tcp,http,Normal
21522,udp,private,DoS
21523,tcp,http,Normal
21524,tcp,http,DoS
21525,tcp,http,Normal
21526,icmp,ecr_i,DoS
21527,tcp,http,DoS
21528,tcp,http,Normal
21529,tcp,http,Normal
21530,tcp,other,Probe
21531,tcp,telnet,Normal
21532,tcp,other,Normal
21533,tcp,http,Normal
21534,tcp,http,Normal
21535,udp,private,Probe
21536,tcp,http,Normal
21537,tcp,auth,DoS
21538,tcp,other,Probe
21539,udp,private,Normal
21540,tcp,http,Normal
21541,tcp,http,Normal
21542,tcp,http,Normal
21543,tcp,http,DoS
21544,tcp,telnet,Normal
21545,tcp,private,Probe
21546,tcp,telnet,Normal
21547,tcp,telnet,Normal
21548,tcp,http,Normal
21549,tcp,private,DoS
21550,udp,private,Probe
21551,tcp,private,DoS
21552,tcp,http,Normal
21553,tcp,telnet,Normal
21554,tcp,http,Probe
21555,tcp,other,DoS
21556,tcp,http,Normal
21557,tcp,time,DoS
21558,tcp,private,DoS
21559,tcp,http,DoS
21560,tcp,http,Normal
21561,tcp,http,Normal
21562,icmp,ecr_i,DoS
21563,tcp,http,Normal
21564,tcp,http,Normal
21565,udp,private,Probe
21566,tcp,http,Normal
21567,tcp,http,Normal
21568,tcp,other,Normal
21569,tcp,http,Normal
21570,tcp,private,DoS
21571,tcp,private,Probe
21572,tcp,http,Normal
21573,tcp,other,DoS
21574,tcp,private,DoS
21575,tcp,other,DoS
21576,tcp,http,Normal
21577,tcp,http,Normal
21578,tcp,whois,DoS
21579,tcp,private,DoS
21580,tcp,http,Normal
21581,tcp,other,DoS
21582,tcp,telnet,Normal
21583,tcp,private,DoS
21584,tcp,telnet,Normal
21585,tcp,telnet,Normal
21586,tcp,private,DoS
21587,tcp,http,Normal
21588,tcp,http,Normal
21589,icmp,ecr_i,DoS
21590,tcp,smtp,Normal
21591,tcp,http,DoS
21592,tcp,http,Normal
21593,tcp,auth,DoS
21594,tcp,telnet,Normal
21595,tcp,private,DoS
21596,tcp,ftp,Normal
21597,tcp,telnet,Normal
21598,udp,private,Probe
21599,tcp,http,Normal
21600,tcp,http,Normal
21601,tcp,http,Normal
21602,tcp,time,DoS
21603,tcp,private,Probe
21604,tcp,http,Normal
21605,tcp,private,Probe
21606,tcp,other,Normal
21607,tcp,telnet,Normal
21608,tcp,http,DoS
21609,tcp,private,DoS
21610,tcp,telnet,U2R
21611,tcp,http,Normal
21612,tcp,http,Normal
21613,udp,private,Probe
21614,tcp,other,Probe
21615,tcp,http,DoS
21616,tcp,http,Normal
21617,tcp,other,Probe
21618,tcp,private,DoS
21619,udp,private,Normal
21620,tcp,ftp,Normal
21621,icmp,ecr_i,DoS
21622,udp,domain_u,Normal
21623,udp,private,DoS
21624,tcp,private,DoS
21625,tcp,uucp_path,DoS
21626,tcp,other,Probe
21627,tcp,http,Normal
21628,icmp,ecr_i,DoS
21629,tcp,private,DoS
21630,tcp,smtp,Normal
21631,tcp,ftp_data,R2L
21632,udp,private,DoS
21633,tcp,other,Probe
21634,tcp,ftp,Normal
21635,tcp,http,Normal
21636,tcp,http,Normal
21637,tcp,private,Probe
21638,tcp,http,Normal
21639,tcp,http,Normal
21640,tcp,private,DoS
21641,tcp,telnet,Normal
21642,tcp,http,Normal
21643,tcp,smtp,Normal
21644,tcp,http,Normal
21645,tcp,http,Normal
21646,udp,domain_u,Normal
21647,udp,domain_u,Normal
21648,udp,private,Probe
21649,tcp,http,Normal
21650,tcp,other,Normal
21651,udp,domain_u,Normal
21652,tcp,other,DoS
21653,tcp,ftp,Normal
21654,tcp,http,Normal
21655,tcp,http,Normal
21656,udp,domain_u,Normal
21657,tcp,smtp,DoS
21658,tcp,http,Normal
21659,tcp,private,Probe
21660,tcp,other,DoS
21661,tcp,other,Probe
21662,tcp,other,Probe
21663,tcp,other,Probe
21664,tcp,private,Probe
21665,tcp,private,DoS
21666,tcp,private,DoS
21667,tcp,http,Normal
21668,udp,private,Probe
21669,tcp,smtp,Normal
21670,tcp,telnet,DoS
21671,tcp,private,DoS
21672,tcp,http,Normal
21673,tcp,smtp,Normal
21674,tcp,telnet,Normal
21675,tcp,http,Normal
21676,tcp,http,Normal
21677,tcp,private,DoS
21678,tcp,http,Normal
21679,tcp,other,DoS
21680,udp,private,DoS
21681,tcp,ftp_data,Normal
21682,tcp,private,DoS
21683,tcp,other,DoS
21684,tcp,telnet,Normal
21685,tcp,private,DoS
21686,udp,private,Normal
21687,tcp,http,Normal
21688,tcp,other,Probe
21689,tcp,other,Probe
21690,tcp,http,Normal
21691,tcp,ftp_data,DoS
21692,tcp,ftp,Normal
21693,icmp,ecr_i,DoS
21694,tcp,other,DoS
21695,tcp,http,Normal
21696,udp,private,DoS
21697,tcp,private,DoS
21698,tcp,ftp_data,R2L
21699,tcp,ftp_data,Normal
21700,tcp,telnet,Normal
21701,tcp,uucp,DoS
21702,tcp,other,Probe
21703,tcp,http,Normal
21704,tcp,http,Normal
21705,tcp,http,Normal
21706,udp,private,DoS
21707,tcp,private,DoS
21708,tcp,private,DoS
21709,tcp,ftp,Normal
21710,udp,private,DoS
21711,tcp,telnet,Normal
21712,tcp,telnet,Normal
21713,tcp,http,Normal
21714,tcp,finger,Normal
21715,tcp,http,Normal
21716,tcp,http,DoS
21717,tcp,http,Normal
21718,tcp,private,DoS
21719,tcp,http,Normal
21720,tcp,http,DoS
21721,tcp,telnet,Normal
21722,tcp,http,DoS
21723,tcp,http,Normal
21724,tcp,http,Normal
21725,tcp,private,Probe
21726,tcp,private,DoS
21727,tcp,private,DoS
21728,tcp,telnet,Normal
21729,tcp,telnet,Normal
21730,tcp,http,Normal
21731,tcp,private,Probe
21732,tcp,telnet,Normal
21733,tcp,http,DoS
21734,tcp,http,DoS
21735,tcp,http,Normal
21736,tcp,telnet,Normal
21737,tcp,http,Normal
21738,tcp,other,Normal
21739,tcp,private,DoS
21740,tcp,bgp,DoS
21741,tcp,private,DoS
21742,tcp,other,Probe
21743,tcp,private,DoS
21744,tcp,smtp,Normal
21745,tcp,other,Normal
21746,tcp,http,Normal
21747,tcp,other,Normal
21748,tcp,ftp,Normal
21749,tcp,telnet,Normal
21750,tcp,smtp,Normal
21751,tcp,courier,DoS
21752,tcp,other,Normal
21753,tcp,http,Normal
21754,tcp,private,DoS
21755,tcp,other,DoS
21756,tcp,private,DoS
21757,udp,domain_u,Normal
21758,tcp,http,Normal
21759,tcp,private,DoS
21760,tcp,private,DoS
21761,tcp,http,DoS
21762,tcp,http,Normal
21763,tcp,auth,DoS
21764,tcp,telnet,Normal
21765,tcp,other,DoS
21766,tcp,http,Normal
21767,tcp,ftp_data,Normal
21768,udp,private,Normal
21769,tcp,smtp,DoS
21770,tcp,ftp,Normal
21771,tcp,other,Normal
21772,tcp,other,Normal
21773,tcp,telnet,Normal
21774,tcp,http,Normal
21775,tcp,http,DoS
21776,tcp,smtp,Normal
21777,tcp,private,DoS
21778,tcp,ftp,Normal
21779,tcp,http,Normal
21780,tcp,http,Normal
21781,udp,domain_u,Normal
21782,tcp,telnet,Normal
21783,udp,domain_u,Normal
21784,tcp,telnet,Normal
21785,tcp,smtp,Normal
21786,tcp,other,Normal
21787,tcp,http,Normal
21788,tcp,telnet,Normal
21789,tcp,private,DoS
21790,tcp,other,DoS
21791,tcp,telnet,Normal
21792,tcp,other,Normal
21793,tcp,http,Normal
21794,tcp,ftp_data,R2L
21795,tcp,telnet,Normal
21796,tcp,http,Normal
21797,tcp,ftp_data,R2L
21798,tcp,http,Normal
21799,tcp,other,Normal
21800,icmp,ecr_i,DoS
21801,tcp,http,Normal
21802,tcp,http,Normal
21803,tcp,other,DoS
21804,tcp,other,Normal
21805,tcp,private,DoS
21806,tcp,other,Probe
21807,tcp,http,Normal
21808,udp,domain_u,Normal
21809,tcp,http,Normal
21810,tcp,ftp_data,Normal
21811,tcp,other,Probe
21812,tcp,http,Normal
21813,tcp,ftp,Normal
21814,tcp,other,DoS
21815,icmp,ecr_i,DoS
21816,udp,domain_u,Normal
21817,tcp,other,Probe
21818,udp,domain_u,Normal
21819,tcp,http,DoS
21820,tcp,http,Normal
21821,tcp,other,DoS
21822,tcp,http,Normal
21823,tcp,telnet,Normal
21824,tcp,private,DoS
21825,tcp,http,Normal
21826,tcp,http,Normal
21827,tcp,http,Normal
21828,tcp,http,DoS
21829,tcp,private,DoS
21830,tcp,http,Normal
21831,tcp,other,DoS
21832,tcp,http,Normal
21833,tcp,http,Normal
21834,tcp,http,Normal
21835,tcp,http,Normal
21836,udp,domain_u,Normal
21837,tcp,other,Probe
21838,tcp,http,Normal
21839,tcp,http,DoS
21840,tcp,http,Normal
21841,tcp,private,DoS
21842,tcp,private,Probe
21843,tcp,ftp_data,Normal
21844,icmp,ecr_i,Probe
21845,udp,domain_u,Normal
21846,tcp,http,Normal
21847,tcp,telnet,Normal
21848,tcp,http,Normal
21849,tcp,other,Normal
21850,tcp,private,DoS
21851,tcp,http,Normal
21852,tcp,http,Normal
21853,tcp,private,DoS
21854,tcp,telnet,Normal
21855,udp,private,Normal
21856,tcp,ftp,Normal
21857,udp,other,Probe
21858,tcp,telnet,Normal
21859,tcp,http,Normal
21860,tcp,private,DoS
21861,tcp,ftp,Normal
21862,tcp,http,Normal
21863,tcp,other,DoS
21864,icmp,ecr_i,DoS
21865,tcp,http,Normal
21866,tcp,http,Normal
21867,tcp,other,Normal
21868,tcp,private,DoS
21869,tcp,http,Normal
21870,tcp,ftp,Normal
21871,tcp,http,DoS
21872,tcp,http,Normal
21873,udp,private,Normal
21874,tcp,http,Normal
21875,tcp,http,Normal
21876,udp,domain_u,Normal
21877,tcp,other,Probe
21878,tcp,telnet,Normal
21879,udp,domain_u,Normal
21880,tcp,http,Normal
21881,tcp,telnet,Normal
21882,tcp,http,Normal
21883,tcp,http,Normal
21884,tcp,other,Normal
21885,tcp,private,DoS
21886,tcp,private,DoS
21887,tcp,ftp,Normal
21888,tcp,http,Normal
21889,tcp,smtp,Normal
21890,tcp,ftp,Normal
21891,tcp,other,Probe
21892,tcp,ftp_data,R2L
21893,tcp,http,DoS
21894,icmp,ecr_i,DoS
21895,tcp,http,Normal
21896,tcp,private,DoS
21897,tcp,http,Normal
21898,tcp,smtp,Normal
21899,udp,private,DoS
21900,tcp,uucp,DoS
21901,udp,domain_u,Normal
21902,tcp,other,Probe
21903,udp,private,Normal
21904,tcp,other,Probe
21905,tcp,other,Normal
21906,tcp,http,Normal
21907,tcp,http,Normal
21908,tcp,http,Normal
21909,udp,domain_u,Normal
21910,tcp,other,DoS
21911,udp,other,Normal
21912,tcp,http,Normal
21913,tcp,private,DoS
21914,tcp,http,Normal
21915,tcp,other,Normal
21916,tcp,http,Normal
21917,tcp,private,DoS
21918,icmp,ecr_i,DoS
21919,tcp,private,DoS
21920,tcp,ftp,Normal
21921,tcp,http,Normal
21922,tcp,smtp,Normal
21923,tcp,private,DoS
21924,tcp,http,Normal
21925,tcp,other,Normal
21926,icmp,eco_i,Probe
21927,tcp,other,Normal
21928,tcp,http,Normal
21929,tcp,http,Normal
21930,tcp,ftp_data,Normal
21931,tcp,ftp_data,Normal
21932,tcp,http,Normal
21933,tcp,http,Normal
21934,tcp,private,DoS
21935,tcp,other,Normal
21936,tcp,ftp_data,Normal
21937,tcp,other,DoS
21938,tcp,other,Probe
21939,tcp,ftp,Normal
21940,tcp,http,Normal
21941,tcp,other,Normal
21942,icmp,ecr_i,DoS
21943,tcp,other,Probe
21944,tcp,http,Normal
21945,tcp,smtp,Normal
21946,tcp,other,DoS
21947,tcp,http,Normal
21948,tcp,http,Normal
21949,tcp,telnet,Normal
21950,icmp,ecr_i,DoS
21951,tcp,private,DoS
21952,icmp,eco_i,Probe
21953,tcp,other,Probe
21954,tcp,smtp,Normal
21955,tcp,private,DoS
21956,tcp,private,Probe
21957,tcp,other,DoS
21958,icmp,ecr_i,DoS
21959,tcp,private,Probe
21960,udp,private,DoS
21961,tcp,http,Normal
21962,udp,domain_u,Normal
21963,tcp,http,Normal
21964,udp,domain_u,Normal
21965,tcp,private,DoS
21966,tcp,ftp_data,R2L
21967,tcp,other,DoS
21968,tcp,other,DoS
21969,tcp,private,DoS
21970,tcp,http,Normal
21971,tcp,http,Normal
21972,tcp,smtp,Normal
21973,tcp,http,Normal
21974,tcp,http,Normal
21975,tcp,other,Probe
21976,tcp,other,DoS
21977,tcp,other,Normal
21978,tcp,ftp,Normal
21979,tcp,http,Normal
21980,tcp,ftp,Normal
21981,tcp,private,DoS
21982,tcp,finger,Normal
21983,udp,domain_u,Normal
21984,tcp,http,Normal
21985,udp,domain_u,Probe
21986,tcp,private,DoS
21987,tcp,http,Normal
21988,udp,private,DoS
21989,tcp,other,Probe
21990,tcp,private,DoS
21991,tcp,http,Normal
21992,tcp,private,DoS
21993,tcp,ftp_data,Normal
21994,tcp,other,Probe
21995,udp,private,Normal
21996,tcp,private,DoS
21997,icmp,ecr_i,DoS
21998,tcp,http,DoS
21999,tcp,private,DoS
22000,tcp,private,DoS
22001,tcp,other,DoS
22002,tcp,http,Normal
22003,tcp,telnet,DoS
22004,tcp,private,DoS
22005,icmp,ecr_i,DoS
22006,tcp,http,Normal
22007,tcp,private,DoS
22008,tcp,http,Normal
22009,udp,domain_u,Normal
22010,tcp,telnet,Normal
22011,udp,private,Probe
22012,udp,domain_u,Normal
22013,tcp,http,DoS
22014,tcp,http,Normal
22015,tcp,telnet,Normal
22016,tcp,http,Normal
22017,tcp,http,Normal
22018,tcp,http,Normal
22019,udp,private,Normal
22020,tcp,http,DoS
22021,tcp,other,Probe
22022,tcp,http,Normal
22023,tcp,http,DoS
22024,tcp,private,DoS
22025,tcp,ftp,Normal
22026,tcp,http,Normal
22027,tcp,http,Normal
22028,tcp,http,Normal
22029,tcp,http,Normal
22030,tcp,telnet,Normal
22031,tcp,http,DoS
22032,tcp,other,Probe
22033,tcp,telnet,Normal
22034,tcp,smtp,Normal
22035,tcp,http,Normal
22036,tcp,whois,DoS
22037,tcp,smtp,Normal
22038,tcp,http,Normal
22039,tcp,telnet,Normal
22040,udp,private,DoS
22041,tcp,private,DoS
22042,tcp,http,Normal
22043,tcp,http,Normal
22044,tcp,private,DoS
22045,tcp,ftp,Normal
22046,tcp,private,DoS
22047,tcp,other,DoS
22048,tcp,private,DoS
22049,tcp,http,Normal
22050,tcp,http,Normal
22051,tcp,http,DoS
22052,udp,private,Normal
22053,udp,private,Normal
22054,tcp,other,DoS
22055,tcp,http,Normal
22056,udp,domain_u,Normal
22057,tcp,http,Normal
22058,udp,private,Normal
22059,tcp,private,DoS
22060,tcp,ftp,Normal
22061,tcp,other,Probe
22062,tcp,http,Normal
22063,tcp,private,DoS
22064,icmp,ecr_i,DoS
22065,icmp,other,Normal
22066,tcp,http,Normal
22067,tcp,http,Normal
22068,tcp,http,Normal
22069,tcp,private,DoS
22070,tcp,other,Probe
22071,tcp,http,Normal
22072,tcp,other,DoS
22073,udp,private,DoS
22074,tcp,ftp,Normal
22075,tcp,other,DoS
22076,tcp,http,Normal
22077,tcp,private,DoS
22078,tcp,private,DoS
22079,tcp,ftp,Normal
22080,tcp,http,Normal
22081,tcp,other,Normal
22082,icmp,eco_i,Probe
22083,tcp,ftp,Normal
22084,tcp,other,Normal
22085,tcp,telnet,U2R
22086,tcp,smtp,Normal
22087,tcp,http,Normal
22088,tcp,http,Normal
22089,tcp,other,Normal
22090,tcp,http,Normal
22091,tcp,http,Normal
22092,tcp,http,Normal
22093,icmp,ecr_i,DoS
22094,tcp,http,Normal
22095,tcp,telnet,Probe
22096,tcp,other,Probe
22097,tcp,http,Normal
22098,udp,private,Normal
22099,tcp,http,Normal
22100,tcp,ftp_data,R2L
22101,tcp,http,Normal
22102,tcp,private,DoS
22103,tcp,ftp,Normal
22104,tcp,telnet,Normal
22105,tcp,http,Normal
22106,tcp,telnet,Normal
22107,tcp,http,Normal
22108,icmp,ecr_i,DoS
22109,tcp,other,DoS
22110,tcp,telnet,Normal
22111,tcp,smtp,Normal
22112,tcp,private,DoS
22113,udp,domain_u,Normal
22114,tcp,http,Normal
22115,tcp,http,Normal
22116,tcp,private,DoS
22117,udp,domain_u,Normal
22118,tcp,private,DoS
22119,tcp,http,DoS
22120,tcp,http,Normal
22121,tcp,http,Normal
22122,tcp,other,Probe
22123,udp,domain_u,Normal
22124,udp,private,Probe
22125,tcp,finger,Normal
22126,tcp,http,Normal
22127,tcp,http,Normal
22128,tcp,private,DoS
22129,udp,domain_u,Normal
22130,tcp,other,Normal
22131,tcp,http,Normal
22132,tcp,private,DoS
22133,udp,private,Normal
22134,tcp,http,Normal
22135,tcp,telnet,DoS
22136,tcp,http,Normal
22137,tcp,private,DoS
22138,tcp,private,DoS
22139,tcp,auth,Normal
22140,tcp,http,Normal
22141,tcp,telnet,Normal
22142,tcp,private,DoS
22143,tcp,private,DoS
22144,tcp,other,Normal
22145,udp,domain_u,Normal
22146,tcp,private,DoS
22147,tcp,http,Normal
22148,tcp,http,Normal
22149,tcp,ftp,Normal
22150,tcp,http,Normal
22151,udp,private,Normal
22152,tcp,ftp_data,Normal
22153,tcp,http,Normal
22154,tcp,http,Normal
22155,tcp,telnet,Normal
22156,tcp,http,Normal
22157,udp,private,Normal
22158,tcp,bgp,DoS
22159,tcp,ftp,Normal
22160,tcp,http,DoS
22161,tcp,http,Normal
22162,tcp,telnet,Normal
22163,tcp,auth,Normal
22164,tcp,ftp_data,DoS
22165,tcp,other,DoS
22166,tcp,http,Normal
22167,tcp,http,Normal
22168,tcp,http,DoS
22169,udp,private,Probe
22170,tcp,smtp,Normal
22171,tcp,other,Probe
22172,tcp,other,DoS
22173,udp,domain_u,Normal
22174,tcp,private,DoS
22175,tcp,other,Probe
22176,tcp,other,DoS
22177,tcp,http,Normal
22178,tcp,other,DoS
22179,tcp,other,Normal
22180,tcp,http,Normal
22181,tcp,telnet,Normal
22182,tcp,other,Normal
22183,tcp,http,DoS
22184,tcp,private,Probe
22185,tcp,private,DoS
22186,tcp,http,Normal
22187,tcp,private,DoS
22188,tcp,private,DoS
22189,tcp,http,Normal
22190,icmp,ecr_i,DoS
22191,tcp,ftp,Normal
22192,udp,private,DoS
22193,tcp,telnet,Normal
22194,tcp,http,Normal
22195,tcp,telnet,Normal
22196,tcp,ftp,Normal
22197,tcp,http,Normal
22198,tcp,telnet,Normal
22199,udp,private,Normal
22200,tcp,http,Normal
22201,tcp,http,Normal
22202,tcp,telnet,Normal
22203,tcp,ftp_data,Normal
22204,tcp,smtp,Normal
22205,tcp,private,DoS
22206,tcp,other,DoS
22207,tcp,telnet,Normal
22208,tcp,other,DoS
22209,tcp,telnet,Normal
22210,udp,private,Probe
22211,udp,private,Normal
22212,tcp,http,Normal
22213,tcp,http,Normal
22214,tcp,http,Normal
22215,tcp,finger,DoS
22216,icmp,ecr_i,DoS
22217,tcp,telnet,Normal
22218,tcp,http,Normal
22219,tcp,smtp,Normal
22220,udp,private,Normal
22221,tcp,http,DoS
22222,icmp,ecr_i,DoS
22223,udp,private,Probe
22224,tcp,ftp,Normal
22225,tcp,telnet,DoS
22226,tcp,private,DoS
22227,tcp,http,Normal
22228,tcp,http,Normal
22229,tcp,telnet,Normal
22230,tcp,private,DoS
22231,tcp,ftp_data,Normal
22232,tcp,other,Normal
22233,tcp,http,Normal
22234,tcp,other,Probe
22235,tcp,http,Normal
22236,tcp,private,DoS
22237,tcp,http,Normal
22238,icmp,ecr_i,DoS
22239,tcp,private,Probe
22240,tcp,http,DoS
22241,tcp,private,DoS
22242,tcp,private,Probe
22243,tcp,telnet,Normal
22244,udp,private,Normal
22245,tcp,private,DoS
22246,tcp,http,Normal
22247,tcp,http,Normal
22248,tcp,http,Normal
22249,tcp,smtp,Normal
22250,tcp,http,Normal
22251,udp,private,Probe
22252,udp,private,Normal
22253,tcp,http,Normal
22254,tcp,http,Normal
22255,tcp,http,Normal
22256,tcp,ftp,Normal
22257,udp,private,Normal
22258,udp,private,Probe
22259,tcp,other,DoS
22260,udp,private,Normal
22261,tcp,http,Normal
22262,tcp,ftp,Normal
22263,tcp,private,DoS
22264,tcp,http,Normal
22265,tcp,private,DoS
22266,tcp,private,DoS
22267,udp,private,DoS
22268,tcp,http,Normal
22269,tcp,http,Normal
22270,tcp,http,Normal
22271,tcp,other,Probe
22272,tcp,smtp,Normal
22273,tcp,other,Normal
22274,tcp,private,DoS
22275,tcp,telnet,Normal
22276,tcp,http,Normal
22277,tcp,private,DoS
22278,tcp,http,Normal
22279,tcp,ftp_data,Normal
22280,udp,private,DoS
22281,udp,domain_u,Normal
22282,tcp,Z39_50,DoS
22283,tcp,http,Normal
22284,tcp,other,Normal
22285,tcp,other,Normal
22286,tcp,other,Probe
22287,tcp,telnet,DoS
22288,tcp,other,Normal
22289,tcp,http,Normal
22290,tcp,http,Normal
22291,udp,domain_u,Normal
22292,tcp,smtp,Normal
22293,tcp,http,DoS
22294,tcp,http,DoS
22295,tcp,http,Normal
22296,tcp,other,DoS
22297,tcp,http,Normal
22298,udp,private,DoS
22299,tcp,telnet,Normal
22300,tcp,http,DoS
22301,tcp,http,Normal
22302,tcp,private,DoS
22303,tcp,finger,Normal
22304,tcp,http,Normal
22305,tcp,private,DoS
22306,udp,private,DoS
22307,tcp,http,Normal
22308,tcp,smtp,Normal
22309,udp,private,Normal
22310,tcp,http,Normal
22311,tcp,smtp,Normal
22312,tcp,smtp,Normal
22313,tcp,http,Normal
22314,tcp,private,DoS
22315,tcp,uucp,DoS
22316,tcp,other,Probe
22317,tcp,private,DoS
22318,tcp,ftp,Normal
22319,icmp,ecr_i,DoS
22320,tcp,smtp,Normal
22321,tcp,ftp_data,Normal
22322,tcp,private,DoS
22323,tcp,ftp_data,Normal
22324,tcp,telnet,Normal
22325,tcp,private,DoS
22326,tcp,private,DoS
22327,tcp,other,Probe
22328,tcp,http,Normal
22329,tcp,private,DoS
22330,tcp,http,Normal
22331,tcp,http,DoS
22332,tcp,other,Normal
22333,tcp,http,Normal
22334,tcp,other,Probe
22335,tcp,private,DoS
22336,udp,private,DoS
22337,tcp,http,Normal
22338,tcp,http,Normal
22339,tcp,private,DoS
22340,tcp,http,Normal
22341,tcp,http,Normal
22342,tcp,http,Normal
22343,tcp,http,Normal
22344,tcp,http,Normal
22345,tcp,telnet,Normal
22346,tcp,ftp,Normal
22347,udp,other,Normal
22348,icmp,ecr_i,DoS
22349,tcp,telnet,Normal
22350,tcp,ftp,Normal
22351,tcp,other,Probe
22352,tcp,ftp_data,Normal
22353,tcp,telnet,Normal
22354,tcp,http,Normal
22355,tcp,http,Normal
22356,tcp,other,Normal
22357,tcp,http,Normal
22358,icmp,ecr_i,DoS
22359,tcp,http,Normal
22360,tcp,http,Normal
22361,tcp,http,Normal
22362,icmp,eco_i,Probe
22363,tcp,private,DoS
22364,tcp,http,Normal
22365,tcp,http,Normal
22366,tcp,private,DoS
22367,tcp,other,DoS
22368,tcp,private,DoS
22369,tcp,http,Normal
22370,tcp,telnet,Normal
22371,tcp,private,DoS
22372,tcp,http,Normal
22373,tcp,other,Probe
22374,tcp,http,DoS
22375,tcp,http,Normal
22376,udp,private,DoS
22377,tcp,http,Normal
22378,tcp,other,Probe
22379,udp,domain_u,Normal
22380,tcp,private,DoS
22381,tcp,http,Normal
22382,tcp,finger,DoS
22383,tcp,http,DoS
22384,tcp,http,Normal
22385,tcp,http,Normal
22386,tcp,ftp,Normal
22387,tcp,time,DoS
22388,tcp,private,DoS
22389,tcp,http,DoS
22390,tcp,other,Probe
22391,tcp,ftp,Normal
22392,tcp,http,Normal
22393,tcp,other,Probe
22394,tcp,other,Normal
22395,tcp,other,Probe
22396,udp,private,Normal
22397,tcp,http,Normal
22398,tcp,private,DoS
22399,udp,private,Normal
22400,udp,private,DoS
22401,tcp,private,DoS
22402,tcp,http,Normal
22403,tcp,http,Normal
22404,tcp,iso_tsap,DoS
22405,tcp,http,Normal
22406,tcp,http,Normal
22407,icmp,ecr_i,DoS
22408,tcp,private,DoS
22409,tcp,private,Probe
22410,tcp,telnet,Normal
22411,tcp,http,DoS
22412,tcp,other,DoS
22413,tcp,http,DoS
22414,tcp,http,Normal
22415,tcp,http,Normal
22416,tcp,http,DoS
22417,tcp,http,Normal
22418,tcp,http,Normal
22419,tcp,Z39_50,DoS
22420,udp,domain_u,Normal
22421,tcp,http,Normal
22422,icmp,eco_i,Probe
22423,tcp,private,DoS
22424,tcp,smtp,Normal
22425,tcp,ftp_data,Normal
22426,tcp,http,Normal
22427,tcp,http,Normal
22428,tcp,http,Normal
22429,udp,domain_u,Normal
22430,tcp,http,Normal
22431,tcp,http,Normal
22432,tcp,telnet,Normal
22433,tcp,other,Probe
22434,tcp,ftp,Normal
22435,tcp,private,DoS
22436,tcp,http,Normal
22437,tcp,http,Normal
22438,tcp,other,Normal
22439,tcp,telnet,Normal
22440,udp,private,Probe
22441,tcp,smtp,Normal
22442,udp,private,DoS
22443,udp,domain_u,Normal
22444,tcp,other,Normal
22445,tcp,http,Normal
22446,tcp,ftp,Normal
22447,tcp,ftp_data,Normal
22448,tcp,other,DoS
22449,tcp,other,Probe
22450,tcp,http,Normal
22451,tcp,other,Probe
22452,icmp,ecr_i,DoS
22453,tcp,telnet,Normal
22454,tcp,ftp_data,Normal
22455,tcp,http,Normal
22456,tcp,http,Normal
22457,udp,domain_u,Normal
22458,tcp,telnet,Normal
22459,udp,private,DoS
22460,tcp,other,Probe
22461,tcp,private,DoS
22462,tcp,http,Normal
22463,tcp,time,DoS
22464,tcp,http,Normal
22465,tcp,http,Normal
22466,tcp,other,Probe
22467,tcp,private,DoS
22468,tcp,http,Normal
22469,tcp,http,DoS
22470,tcp,private,DoS
22471,tcp,http,Normal
22472,tcp,bgp,DoS
22473,tcp,private,DoS
22474,tcp,http,Normal
22475,udp,domain_u,Normal
22476,tcp,http,Normal
22477,tcp,other,DoS
22478,tcp,http,Normal
22479,tcp,http,Normal
22480,tcp,http,Normal
22481,tcp,http,Normal
22482,tcp,other,Probe
22483,tcp,other,DoS
22484,tcp,http,Normal
22485,icmp,ecr_i,DoS
22486,tcp,ftp,Normal
22487,tcp,smtp,Normal
22488,tcp,other,Normal
22489,tcp,http,Normal
22490,tcp,other,Normal
22491,udp,private,Normal
22492,tcp,http,Normal
22493,udp,other,Normal
22494,tcp,telnet,Normal
22495,tcp,http,Normal
22496,tcp,other,DoS
22497,tcp,private,DoS
22498,tcp,private,DoS
22499,tcp,http,Normal
22500,tcp,private,DoS
22501,tcp,other,Normal
22502,tcp,http,DoS
22503,tcp,other,Probe
22504,tcp,private,Probe
22505,tcp,other,DoS
22506,tcp,smtp,Normal
22507,udp,domain_u,Normal
22508,tcp,http,Normal
22509,tcp,telnet,Normal
22510,icmp,ecr_i,DoS
22511,tcp,http,Normal
22512,tcp,auth,DoS
22513,tcp,telnet,Normal
22514,udp,other,Normal
22515,tcp,http,DoS
22516,tcp,http,Normal
22517,tcp,telnet,Normal
22518,tcp,http,Normal
22519,tcp,telnet,Normal
22520,tcp,private,Probe
22521,udp,private,Probe
22522,tcp,http,DoS
22523,tcp,http,Normal
22524,tcp,ftp,Normal
22525,tcp,http,DoS
22526,tcp,http,Normal
22527,tcp,http,Normal
22528,icmp,ecr_i,DoS
22529,tcp,finger,Normal
22530,tcp,private,DoS
22531,tcp,private,DoS
22532,tcp,http,Normal
22533,tcp,http,Normal
22534,tcp,private,DoS
22535,tcp,http,Normal
22536,tcp,iso_tsap,DoS
22537,tcp,smtp,Normal
22538,icmp,ecr_i,DoS
22539,tcp,smtp,Normal
22540,tcp,http,Normal
22541,tcp,http,DoS
22542,udp,domain_u,Normal
22543,tcp,other,Probe
